institution_name,specialty_code,program_name,level,form,has_budget_places,budget_places_count,paid_places_count,admission_year,link,source_url,parsed_at
"Академия Русского балета имени А.Я. Вагановой","50.03.01","Искусства и гуманитарные науки","bachelor","","true","10","","2026","https://spb.postupi.online/vuz/akademiya-russkogo-baleta-im-a-ya-vaganovoj/specialnosti/bakalavr/","https://spb.postupi.online/vuz/akademiya-russkogo-baleta-im-a-ya-vaganovoj/specialnosti/bakalavr/","2026-07-07T00:34:00.161Z"
"Академия Русского балета имени А.Я. Вагановой","52.03.01","Хореографическое искусство","bachelor","","true","30","1","2026","https://spb.postupi.online/vuz/akademiya-russkogo-baleta-im-a-ya-vaganovoj/specialnosti/bakalavr/","https://spb.postupi.online/vuz/akademiya-russkogo-baleta-im-a-ya-vaganovoj/specialnosti/bakalavr/","2026-07-07T00:34:00.161Z"
"Академия Русского балета имени А.Я. Вагановой","52.03.02","Хореографическое исполнительство","bachelor","","true","20","","2026","https://spb.postupi.online/vuz/akademiya-russkogo-baleta-im-a-ya-vaganovoj/specialnosti/bakalavr/","https://spb.postupi.online/vuz/akademiya-russkogo-baleta-im-a-ya-vaganovoj/specialnosti/bakalavr/","2026-07-07T00:34:00.161Z"
"Академия Русского балета имени А.Я. Вагановой","53.03.02","Музыкально-инструментальное искусство","bachelor","","true","6","","2026","https://spb.postupi.online/vuz/akademiya-russkogo-baleta-im-a-ya-vaganovoj/specialnosti/bakalavr/","https://spb.postupi.online/vuz/akademiya-russkogo-baleta-im-a-ya-vaganovoj/specialnosti/bakalavr/","2026-07-07T00:34:00.161Z"
"Балтийская академия туризма и предпринимательства","37.03.01","Психология","bachelor","","","","20","2026","https://spb.postupi.online/vuz/batip/specialnosti/bakalavr/","https://spb.postupi.online/vuz/batip/specialnosti/bakalavr/","2026-07-07T00:34:00.161Z"
"Балтийская академия туризма и предпринимательства","38.03.02","Менеджмент","bachelor","","","","25","2026","https://spb.postupi.online/vuz/batip/specialnosti/bakalavr/","https://spb.postupi.online/vuz/batip/specialnosti/bakalavr/","2026-07-07T00:34:00.161Z"
"Балтийская академия туризма и предпринимательства","42.03.01","Реклама и связи с общественностью","bachelor","","","","15","2026","https://spb.postupi.online/vuz/batip/specialnosti/bakalavr/","https://spb.postupi.online/vuz/batip/specialnosti/bakalavr/","2026-07-07T00:34:00.161Z"
"Балтийская академия туризма и предпринимательства","43.03.02","Туризм","bachelor","","","","25","2026","https://spb.postupi.online/vuz/batip/specialnosti/bakalavr/","https://spb.postupi.online/vuz/batip/specialnosti/bakalavr/","2026-07-07T00:34:00.161Z"
"Балтийская академия туризма и предпринимательства","43.03.03","Гостиничное дело","bachelor","","","","25","2026","https://spb.postupi.online/vuz/batip/specialnosti/bakalavr/","https://spb.postupi.online/vuz/batip/specialnosti/bakalavr/","2026-07-07T00:34:00.161Z"
"Балтийский гуманитарный институт","37.03.01","Психология","bachelor","","","","20","2026","https://spb.postupi.online/vuz/bgi/specialnosti/bakalavr/","https://spb.postupi.online/vuz/bgi/specialnosti/bakalavr/","2026-07-07T00:34:00.161Z"
"Балтийский гуманитарный институт","38.03.01","Экономика","bachelor","","","","50","2026","https://spb.postupi.online/vuz/bgi/specialnosti/bakalavr/","https://spb.postupi.online/vuz/bgi/specialnosti/bakalavr/","2026-07-07T00:34:00.161Z"
"Балтийский гуманитарный институт","38.03.02","Менеджмент","bachelor","","","","73","2026","https://spb.postupi.online/vuz/bgi/specialnosti/bakalavr/","https://spb.postupi.online/vuz/bgi/specialnosti/bakalavr/","2026-07-07T00:34:00.161Z"
"Балтийский государственный технический университет ВОЕНМЕХ им. Д.Ф. Устинова","09.03.01","Информатика и вычислительная техника","bachelor","","true","25","50","2026","https://spb.postupi.online/vuz/bgtu-voenmeh-im-ustinova/specialnosti/bakalavr/","https://spb.postupi.online/vuz/bgtu-voenmeh-im-ustinova/specialnosti/bakalavr/","2026-07-07T00:34:00.161Z"
"Балтийский государственный технический университет ВОЕНМЕХ им. Д.Ф. Устинова","09.03.02","Информационные системы и технологии","bachelor","","true","26","50","2026","https://spb.postupi.online/vuz/bgtu-voenmeh-im-ustinova/specialnosti/bakalavr/","https://spb.postupi.online/vuz/bgtu-voenmeh-im-ustinova/specialnosti/bakalavr/","2026-07-07T00:34:00.161Z"
"Балтийский государственный технический университет ВОЕНМЕХ им. Д.Ф. Устинова","09.03.04","Программная инженерия","bachelor","","true","60","140","2026","https://spb.postupi.online/vuz/bgtu-voenmeh-im-ustinova/specialnosti/bakalavr/","https://spb.postupi.online/vuz/bgtu-voenmeh-im-ustinova/specialnosti/bakalavr/","2026-07-07T00:34:00.161Z"
"Балтийский государственный технический университет ВОЕНМЕХ им. Д.Ф. Устинова","12.03.01","Приборостроение","bachelor","","true","50","25","2026","https://spb.postupi.online/vuz/bgtu-voenmeh-im-ustinova/specialnosti/bakalavr/","https://spb.postupi.online/vuz/bgtu-voenmeh-im-ustinova/specialnosti/bakalavr/","2026-07-07T00:34:00.161Z"
"Балтийский государственный технический университет ВОЕНМЕХ им. Д.Ф. Устинова","12.03.05","Лазерная техника и лазерные технологии","bachelor","","true","73","27","2026","https://spb.postupi.online/vuz/bgtu-voenmeh-im-ustinova/specialnosti/bakalavr/","https://spb.postupi.online/vuz/bgtu-voenmeh-im-ustinova/specialnosti/bakalavr/","2026-07-07T00:34:00.161Z"
"Балтийский государственный технический университет ВОЕНМЕХ им. Д.Ф. Устинова","15.03.01","Машиностроение","bachelor","","true","30","90","2026","https://spb.postupi.online/vuz/bgtu-voenmeh-im-ustinova/specialnosti/bakalavr/","https://spb.postupi.online/vuz/bgtu-voenmeh-im-ustinova/specialnosti/bakalavr/","2026-07-07T00:34:00.161Z"
"Балтийский государственный технический университет ВОЕНМЕХ им. Д.Ф. Устинова","15.03.03","Прикладная механика","bachelor","","true","55","55","2026","https://spb.postupi.online/vuz/bgtu-voenmeh-im-ustinova/specialnosti/bakalavr/","https://spb.postupi.online/vuz/bgtu-voenmeh-im-ustinova/specialnosti/bakalavr/","2026-07-07T00:34:00.161Z"
"Балтийский государственный технический университет ВОЕНМЕХ им. Д.Ф. Устинова","15.03.06","Мехатроника и робототехника","bachelor","","true","20","40","2026","https://spb.postupi.online/vuz/bgtu-voenmeh-im-ustinova/specialnosti/bakalavr/","https://spb.postupi.online/vuz/bgtu-voenmeh-im-ustinova/specialnosti/bakalavr/","2026-07-07T00:34:00.161Z"
"Балтийский государственный технический университет ВОЕНМЕХ им. Д.Ф. Устинова","24.03.01","Ракетные комплексы и космонавтика","bachelor","","true","126","24","2026","https://spb.postupi.online/vuz/bgtu-voenmeh-im-ustinova/specialnosti/bakalavr/","https://spb.postupi.online/vuz/bgtu-voenmeh-im-ustinova/specialnosti/bakalavr/","2026-07-07T00:34:00.161Z"
"Балтийский государственный технический университет ВОЕНМЕХ им. Д.Ф. Устинова","24.03.05","Двигатели летательных аппаратов","bachelor","","true","50","30","2026","https://spb.postupi.online/vuz/bgtu-voenmeh-im-ustinova/specialnosti/bakalavr/","https://spb.postupi.online/vuz/bgtu-voenmeh-im-ustinova/specialnosti/bakalavr/","2026-07-07T00:34:00.161Z"
"Балтийский государственный технический университет ВОЕНМЕХ им. Д.Ф. Устинова","27.03.01","Стандартизация и метрология","bachelor","","true","7","23","2026","https://spb.postupi.online/vuz/bgtu-voenmeh-im-ustinova/specialnosti/bakalavr/","https://spb.postupi.online/vuz/bgtu-voenmeh-im-ustinova/specialnosti/bakalavr/","2026-07-07T00:34:00.161Z"
"Балтийский государственный технический университет ВОЕНМЕХ им. Д.Ф. Устинова","27.03.02","Управление качеством","bachelor","","true","8","52","2026","https://spb.postupi.online/vuz/bgtu-voenmeh-im-ustinova/specialnosti/bakalavr/","https://spb.postupi.online/vuz/bgtu-voenmeh-im-ustinova/specialnosti/bakalavr/","2026-07-07T00:34:00.161Z"
"Балтийский государственный технический университет ВОЕНМЕХ им. Д.Ф. Устинова","27.03.04","Управление в технических системах","bachelor","","true","25","25","2026","https://spb.postupi.online/vuz/bgtu-voenmeh-im-ustinova/specialnosti/bakalavr/","https://spb.postupi.online/vuz/bgtu-voenmeh-im-ustinova/specialnosti/bakalavr/","2026-07-07T00:34:00.161Z"
"Балтийский государственный технический университет ВОЕНМЕХ им. Д.Ф. Устинова","38.03.05","Бизнес-информатика","bachelor","","","","30","2026","https://spb.postupi.online/vuz/bgtu-voenmeh-im-ustinova/specialnosti/bakalavr/","https://spb.postupi.online/vuz/bgtu-voenmeh-im-ustinova/specialnosti/bakalavr/","2026-07-07T00:34:00.161Z"
"Балтийский государственный технический университет ВОЕНМЕХ им. Д.Ф. Устинова","42.03.01","Реклама и связи с общественностью","bachelor","","","","25","2026","https://spb.postupi.online/vuz/bgtu-voenmeh-im-ustinova/specialnosti/bakalavr/","https://spb.postupi.online/vuz/bgtu-voenmeh-im-ustinova/specialnosti/bakalavr/","2026-07-07T00:34:00.161Z"
"Балтийский государственный технический университет ВОЕНМЕХ им. Д.Ф. Устинова","49.03.01","Физическая культура","bachelor","","true","40","20","2026","https://spb.postupi.online/vuz/bgtu-voenmeh-im-ustinova/specialnosti/bakalavr/","https://spb.postupi.online/vuz/bgtu-voenmeh-im-ustinova/specialnosti/bakalavr/","2026-07-07T00:34:00.161Z"
"Санкт-Петербургский горный университет императрицы Екатерины II","07.03.01","Архитектура","bachelor","","true","36","15","2026","https://spb.postupi.online/vuz/gornyj-universitet/specialnosti/bakalavr/","https://spb.postupi.online/vuz/gornyj-universitet/specialnosti/bakalavr/","2026-07-07T00:34:00.161Z"
"Санкт-Петербургский горный университет императрицы Екатерины II","08.03.01","Строительство","bachelor","","true","42","17","2026","https://spb.postupi.online/vuz/gornyj-universitet/specialnosti/bakalavr/","https://spb.postupi.online/vuz/gornyj-universitet/specialnosti/bakalavr/","2026-07-07T00:34:00.161Z"
"Санкт-Петербургский горный университет императрицы Екатерины II","09.03.01","Информатика и вычислительная техника","bachelor","","true","41","20","2026","https://spb.postupi.online/vuz/gornyj-universitet/specialnosti/bakalavr/","https://spb.postupi.online/vuz/gornyj-universitet/specialnosti/bakalavr/","2026-07-07T00:34:00.161Z"
"Санкт-Петербургский горный университет императрицы Екатерины II","09.03.02","Информационные системы и технологии","bachelor","","true","41","20","2026","https://spb.postupi.online/vuz/gornyj-universitet/specialnosti/bakalavr/","https://spb.postupi.online/vuz/gornyj-universitet/specialnosti/bakalavr/","2026-07-07T00:34:00.161Z"
"Санкт-Петербургский горный университет императрицы Екатерины II","11.03.04","Электроника и наноэлектроника","bachelor","","true","26","20","2026","https://spb.postupi.online/vuz/gornyj-universitet/specialnosti/bakalavr/","https://spb.postupi.online/vuz/gornyj-universitet/specialnosti/bakalavr/","2026-07-07T00:34:00.161Z"
"Санкт-Петербургский горный университет императрицы Екатерины II","12.03.01","Приборостроение","bachelor","","true","21","15","2026","https://spb.postupi.online/vuz/gornyj-universitet/specialnosti/bakalavr/","https://spb.postupi.online/vuz/gornyj-universitet/specialnosti/bakalavr/","2026-07-07T00:34:00.161Z"
"Санкт-Петербургский горный университет императрицы Екатерины II","13.03.01","Теплоэнергетика и теплотехника","bachelor","","true","31","13","2026","https://spb.postupi.online/vuz/gornyj-universitet/specialnosti/bakalavr/","https://spb.postupi.online/vuz/gornyj-universitet/specialnosti/bakalavr/","2026-07-07T00:34:00.161Z"
"Санкт-Петербургский горный университет императрицы Екатерины II","13.03.02","Электроэнергетика и электротехника","bachelor","","true","61","27","2026","https://spb.postupi.online/vuz/gornyj-universitet/specialnosti/bakalavr/","https://spb.postupi.online/vuz/gornyj-universitet/specialnosti/bakalavr/","2026-07-07T00:34:00.161Z"
"Санкт-Петербургский горный университет императрицы Екатерины II","15.03.01","Машиностроение","bachelor","","true","27","11","2026","https://spb.postupi.online/vuz/gornyj-universitet/specialnosti/bakalavr/","https://spb.postupi.online/vuz/gornyj-universitet/specialnosti/bakalavr/","2026-07-07T00:34:00.161Z"
"Санкт-Петербургский горный университет императрицы Екатерины II","15.03.02","Технологические машины и оборудование","bachelor","","true","54","24","2026","https://spb.postupi.online/vuz/gornyj-universitet/specialnosti/bakalavr/","https://spb.postupi.online/vuz/gornyj-universitet/specialnosti/bakalavr/","2026-07-07T00:34:00.161Z"
"Санкт-Петербургский горный университет императрицы Екатерины II","15.03.04","Автоматизация технологических процессов и производств","bachelor","","true","77","25","2026","https://spb.postupi.online/vuz/gornyj-universitet/specialnosti/bakalavr/","https://spb.postupi.online/vuz/gornyj-universitet/specialnosti/bakalavr/","2026-07-07T00:34:00.161Z"
"Санкт-Петербургский горный университет императрицы Екатерины II","18.03.01","Химическая технология","bachelor","","true","76","20","2026","https://spb.postupi.online/vuz/gornyj-universitet/specialnosti/bakalavr/","https://spb.postupi.online/vuz/gornyj-universitet/specialnosti/bakalavr/","2026-07-07T00:34:00.161Z"
"Санкт-Петербургский горный университет императрицы Екатерины II","20.03.01","Техносферная безопасность","bachelor","","true","21","25","2026","https://spb.postupi.online/vuz/gornyj-universitet/specialnosti/bakalavr/","https://spb.postupi.online/vuz/gornyj-universitet/specialnosti/bakalavr/","2026-07-07T00:34:00.161Z"
"Санкт-Петербургский горный университет императрицы Екатерины II","21.03.02","Землеустройство и кадастры","bachelor","","true","52","20","2026","https://spb.postupi.online/vuz/gornyj-universitet/specialnosti/bakalavr/","https://spb.postupi.online/vuz/gornyj-universitet/specialnosti/bakalavr/","2026-07-07T00:34:00.161Z"
"Санкт-Петербургский горный университет императрицы Екатерины II","22.03.01","Материаловедение и технологии материалов","bachelor","","true","36","20","2026","https://spb.postupi.online/vuz/gornyj-universitet/specialnosti/bakalavr/","https://spb.postupi.online/vuz/gornyj-universitet/specialnosti/bakalavr/","2026-07-07T00:34:00.161Z"
"Санкт-Петербургский горный университет императрицы Екатерины II","22.03.02","Металлургия","bachelor","","true","35","20","2026","https://spb.postupi.online/vuz/gornyj-universitet/specialnosti/bakalavr/","https://spb.postupi.online/vuz/gornyj-universitet/specialnosti/bakalavr/","2026-07-07T00:34:00.161Z"
"Санкт-Петербургский горный университет императрицы Екатерины II","23.03.01","Технология транспортных процессов","bachelor","","true","15","12","2026","https://spb.postupi.online/vuz/gornyj-universitet/specialnosti/bakalavr/","https://spb.postupi.online/vuz/gornyj-universitet/specialnosti/bakalavr/","2026-07-07T00:34:00.161Z"
"Санкт-Петербургский горный университет императрицы Екатерины II","23.03.03","Эксплуатация транспортно-технологических машин и комплексов","bachelor","","true","15","13","2026","https://spb.postupi.online/vuz/gornyj-universitet/specialnosti/bakalavr/","https://spb.postupi.online/vuz/gornyj-universitet/specialnosti/bakalavr/","2026-07-07T00:34:00.161Z"
"Санкт-Петербургский горный университет императрицы Екатерины II","27.03.01","Стандартизация и метрология","bachelor","","true","21","20","2026","https://spb.postupi.online/vuz/gornyj-universitet/specialnosti/bakalavr/","https://spb.postupi.online/vuz/gornyj-universitet/specialnosti/bakalavr/","2026-07-07T00:34:00.161Z"
"Санкт-Петербургский государственный университет аэрокосмического приборостроения","01.03.02","Прикладная математика и информатика","bachelor","","true","32","10","2026","https://spb.postupi.online/vuz/guap/specialnosti/bakalavr/","https://spb.postupi.online/vuz/guap/specialnosti/bakalavr/","2026-07-07T00:34:00.161Z"
"Санкт-Петербургский государственный университет аэрокосмического приборостроения","03.03.01","Прикладные математика и физика","bachelor","","","","20","2026","https://spb.postupi.online/vuz/guap/specialnosti/bakalavr/","https://spb.postupi.online/vuz/guap/specialnosti/bakalavr/","2026-07-07T00:34:00.161Z"
"Санкт-Петербургский государственный университет аэрокосмического приборостроения","09.03.01","Информатика и вычислительная техника","bachelor","","true","175","75","2026","https://spb.postupi.online/vuz/guap/specialnosti/bakalavr/","https://spb.postupi.online/vuz/guap/specialnosti/bakalavr/","2026-07-07T00:34:00.161Z"
"Санкт-Петербургский государственный университет аэрокосмического приборостроения","09.03.02","Информационные системы и технологии","bachelor","","true","95","50","2026","https://spb.postupi.online/vuz/guap/specialnosti/bakalavr/","https://spb.postupi.online/vuz/guap/specialnosti/bakalavr/","2026-07-07T00:34:00.161Z"
"Санкт-Петербургский государственный университет аэрокосмического приборостроения","09.03.03","Прикладная информатика","bachelor","","true","244","182","2026","https://spb.postupi.online/vuz/guap/specialnosti/bakalavr/","https://spb.postupi.online/vuz/guap/specialnosti/bakalavr/","2026-07-07T00:34:00.161Z"
"Санкт-Петербургский государственный университет аэрокосмического приборостроения","09.03.04","Программная инженерия","bachelor","","true","105","80","2026","https://spb.postupi.online/vuz/guap/specialnosti/bakalavr/","https://spb.postupi.online/vuz/guap/specialnosti/bakalavr/","2026-07-07T00:34:00.161Z"
"Санкт-Петербургский государственный университет аэрокосмического приборостроения","10.03.01","Информационная безопасность","bachelor","","true","27","30","2026","https://spb.postupi.online/vuz/guap/specialnosti/bakalavr/","https://spb.postupi.online/vuz/guap/specialnosti/bakalavr/","2026-07-07T00:34:00.161Z"
"Санкт-Петербургский государственный университет аэрокосмического приборостроения","11.03.01","Радиотехника","bachelor","","true","157","30","2026","https://spb.postupi.online/vuz/guap/specialnosti/bakalavr/","https://spb.postupi.online/vuz/guap/specialnosti/bakalavr/","2026-07-07T00:34:00.161Z"
"Санкт-Петербургский государственный университет аэрокосмического приборостроения","11.03.02","Инфокоммуникационные технологии и системы связи","bachelor","","true","125","10","2026","https://spb.postupi.online/vuz/guap/specialnosti/bakalavr/","https://spb.postupi.online/vuz/guap/specialnosti/bakalavr/","2026-07-07T00:34:00.161Z"
"Санкт-Петербургский государственный университет аэрокосмического приборостроения","11.03.03","Конструирование и технология электронных средств","bachelor","","true","25","15","2026","https://spb.postupi.online/vuz/guap/specialnosti/bakalavr/","https://spb.postupi.online/vuz/guap/specialnosti/bakalavr/","2026-07-07T00:34:00.161Z"
"Санкт-Петербургский государственный университет аэрокосмического приборостроения","11.03.04","Электроника и наноэлектроника","bachelor","","true","50","","2026","https://spb.postupi.online/vuz/guap/specialnosti/bakalavr/","https://spb.postupi.online/vuz/guap/specialnosti/bakalavr/","2026-07-07T00:34:00.161Z"
"Санкт-Петербургский государственный университет аэрокосмического приборостроения","12.03.01","Приборостроение","bachelor","","true","76","30","2026","https://spb.postupi.online/vuz/guap/specialnosti/bakalavr/","https://spb.postupi.online/vuz/guap/specialnosti/bakalavr/","2026-07-07T00:34:00.161Z"
"Санкт-Петербургский государственный университет аэрокосмического приборостроения","12.03.02","Оптотехника","bachelor","","true","25","","2026","https://spb.postupi.online/vuz/guap/specialnosti/bakalavr/","https://spb.postupi.online/vuz/guap/specialnosti/bakalavr/","2026-07-07T00:34:00.161Z"
"Санкт-Петербургский государственный университет аэрокосмического приборостроения","12.03.04","Биотехнические системы и технологии","bachelor","","true","25","15","2026","https://spb.postupi.online/vuz/guap/specialnosti/bakalavr/","https://spb.postupi.online/vuz/guap/specialnosti/bakalavr/","2026-07-07T00:34:00.161Z"
"Санкт-Петербургский государственный университет аэрокосмического приборостроения","12.03.05","Лазерная техника и лазерные технологии","bachelor","","true","50","","2026","https://spb.postupi.online/vuz/guap/specialnosti/bakalavr/","https://spb.postupi.online/vuz/guap/specialnosti/bakalavr/","2026-07-07T00:34:00.161Z"
"Санкт-Петербургский государственный университет аэрокосмического приборостроения","13.03.02","Электроэнергетика и электротехника","bachelor","","true","78","50","2026","https://spb.postupi.online/vuz/guap/specialnosti/bakalavr/","https://spb.postupi.online/vuz/guap/specialnosti/bakalavr/","2026-07-07T00:34:00.161Z"
"Санкт-Петербургский государственный университет аэрокосмического приборостроения","15.03.04","Автоматизация технологических процессов и производств","bachelor","","true","25","15","2026","https://spb.postupi.online/vuz/guap/specialnosti/bakalavr/","https://spb.postupi.online/vuz/guap/specialnosti/bakalavr/","2026-07-07T00:34:00.161Z"
"Санкт-Петербургский государственный университет аэрокосмического приборостроения","15.03.06","Мехатроника и робототехника","bachelor","","true","34","25","2026","https://spb.postupi.online/vuz/guap/specialnosti/bakalavr/","https://spb.postupi.online/vuz/guap/specialnosti/bakalavr/","2026-07-07T00:34:00.161Z"
"Санкт-Петербургский государственный университет аэрокосмического приборостроения","16.03.01","Техническая физика","bachelor","","true","15","10","2026","https://spb.postupi.online/vuz/guap/specialnosti/bakalavr/","https://spb.postupi.online/vuz/guap/specialnosti/bakalavr/","2026-07-07T00:34:00.161Z"
"Санкт-Петербургский государственный университет аэрокосмического приборостроения","20.03.01","Техносферная безопасность","bachelor","","true","10","35","2026","https://spb.postupi.online/vuz/guap/specialnosti/bakalavr/","https://spb.postupi.online/vuz/guap/specialnosti/bakalavr/","2026-07-07T00:34:00.161Z"
"Государственный университет морского и речного флота имени адмирала С.О. Макарова","08.03.01","Строительство","bachelor","","true","16","14","2026","https://spb.postupi.online/vuz/gumrf-imeni-admirala-s-o-makarova/specialnosti/bakalavr/","https://spb.postupi.online/vuz/gumrf-imeni-admirala-s-o-makarova/specialnosti/bakalavr/","2026-07-07T00:34:00.161Z"
"Государственный университет морского и речного флота имени адмирала С.О. Макарова","09.03.02","Информационные системы и технологии","bachelor","","true","5","55","2026","https://spb.postupi.online/vuz/gumrf-imeni-admirala-s-o-makarova/specialnosti/bakalavr/","https://spb.postupi.online/vuz/gumrf-imeni-admirala-s-o-makarova/specialnosti/bakalavr/","2026-07-07T00:34:00.161Z"
"Государственный университет морского и речного флота имени адмирала С.О. Макарова","09.03.03","Прикладная информатика","bachelor","","true","6","24","2026","https://spb.postupi.online/vuz/gumrf-imeni-admirala-s-o-makarova/specialnosti/bakalavr/","https://spb.postupi.online/vuz/gumrf-imeni-admirala-s-o-makarova/specialnosti/bakalavr/","2026-07-07T00:34:00.161Z"
"Государственный университет морского и речного флота имени адмирала С.О. Макарова","10.03.01","Информационная безопасность","bachelor","","","","30","2026","https://spb.postupi.online/vuz/gumrf-imeni-admirala-s-o-makarova/specialnosti/bakalavr/","https://spb.postupi.online/vuz/gumrf-imeni-admirala-s-o-makarova/specialnosti/bakalavr/","2026-07-07T00:34:00.161Z"
"Государственный университет морского и речного флота имени адмирала С.О. Макарова","13.03.02","Электроэнергетика и электротехника","bachelor","","true","10","50","2026","https://spb.postupi.online/vuz/gumrf-imeni-admirala-s-o-makarova/specialnosti/bakalavr/","https://spb.postupi.online/vuz/gumrf-imeni-admirala-s-o-makarova/specialnosti/bakalavr/","2026-07-07T00:34:00.161Z"
"Государственный университет морского и речного флота имени адмирала С.О. Макарова","23.03.01","Технология транспортных процессов","bachelor","","true","70","85","2026","https://spb.postupi.online/vuz/gumrf-imeni-admirala-s-o-makarova/specialnosti/bakalavr/","https://spb.postupi.online/vuz/gumrf-imeni-admirala-s-o-makarova/specialnosti/bakalavr/","2026-07-07T00:34:00.161Z"
"Государственный университет морского и речного флота имени адмирала С.О. Макарова","23.03.03","Эксплуатация транспортно-технологических машин и комплексов","bachelor","","true","70","20","2026","https://spb.postupi.online/vuz/gumrf-imeni-admirala-s-o-makarova/specialnosti/bakalavr/","https://spb.postupi.online/vuz/gumrf-imeni-admirala-s-o-makarova/specialnosti/bakalavr/","2026-07-07T00:34:00.161Z"
"Государственный университет морского и речного флота имени адмирала С.О. Макарова","26.03.01","Управление водным транспортом и гидрографическое обеспечение судоходства","bachelor","","true","79","61","2026","https://spb.postupi.online/vuz/gumrf-imeni-admirala-s-o-makarova/specialnosti/bakalavr/","https://spb.postupi.online/vuz/gumrf-imeni-admirala-s-o-makarova/specialnosti/bakalavr/","2026-07-07T00:34:00.161Z"
"Государственный университет морского и речного флота имени адмирала С.О. Макарова","26.03.02","Кораблестроение, океанотехника и системотехника объектов морской инфраструктуры","bachelor","","true","60","6","2026","https://spb.postupi.online/vuz/gumrf-imeni-admirala-s-o-makarova/specialnosti/bakalavr/","https://spb.postupi.online/vuz/gumrf-imeni-admirala-s-o-makarova/specialnosti/bakalavr/","2026-07-07T00:34:00.161Z"
"Государственный университет морского и речного флота имени адмирала С.О. Макарова","38.03.01","Экономика","bachelor","","","","30","2026","https://spb.postupi.online/vuz/gumrf-imeni-admirala-s-o-makarova/specialnosti/bakalavr/","https://spb.postupi.online/vuz/gumrf-imeni-admirala-s-o-makarova/specialnosti/bakalavr/","2026-07-07T00:34:00.161Z"
"Государственный университет морского и речного флота имени адмирала С.О. Макарова","38.03.04","Государственное и муниципальное управление","bachelor","","","","30","2026","https://spb.postupi.online/vuz/gumrf-imeni-admirala-s-o-makarova/specialnosti/bakalavr/","https://spb.postupi.online/vuz/gumrf-imeni-admirala-s-o-makarova/specialnosti/bakalavr/","2026-07-07T00:34:00.161Z"
"Государственный университет морского и речного флота имени адмирала С.О. Макарова","40.03.01","Юриспруденция","bachelor","","","","30","2026","https://spb.postupi.online/vuz/gumrf-imeni-admirala-s-o-makarova/specialnosti/bakalavr/","https://spb.postupi.online/vuz/gumrf-imeni-admirala-s-o-makarova/specialnosti/bakalavr/","2026-07-07T00:34:00.161Z"
"Государственный университет морского и речного флота имени адмирала С.О. Макарова","43.03.02","Туризм","bachelor","","","","90","2026","https://spb.postupi.online/vuz/gumrf-imeni-admirala-s-o-makarova/specialnosti/bakalavr/","https://spb.postupi.online/vuz/gumrf-imeni-admirala-s-o-makarova/specialnosti/bakalavr/","2026-07-07T00:34:00.161Z"
"Санкт-Петербургская академия художеств имени Ильи Репина","07.03.01","Архитектура","bachelor","","true","10","7","2026","https://spb.postupi.online/vuz/institut-imeni-repina-spb-gaizhsa-im-i-e-repina/specialnosti/bakalavr/","https://spb.postupi.online/vuz/institut-imeni-repina-spb-gaizhsa-im-i-e-repina/specialnosti/bakalavr/","2026-07-07T00:34:00.161Z"
"Санкт-Петербургская академия художеств имени Ильи Репина","07.03.02","Реконструкция и реставрация архитектурного наследия","bachelor","","true","5","3","2026","https://spb.postupi.online/vuz/institut-imeni-repina-spb-gaizhsa-im-i-e-repina/specialnosti/bakalavr/","https://spb.postupi.online/vuz/institut-imeni-repina-spb-gaizhsa-im-i-e-repina/specialnosti/bakalavr/","2026-07-07T00:34:00.161Z"
"Санкт-Петербургская академия художеств имени Ильи Репина","50.03.04","Теория и история искусств","bachelor","","true","44","80","2026","https://spb.postupi.online/vuz/institut-imeni-repina-spb-gaizhsa-im-i-e-repina/specialnosti/bakalavr/","https://spb.postupi.online/vuz/institut-imeni-repina-spb-gaizhsa-im-i-e-repina/specialnosti/bakalavr/","2026-07-07T00:34:00.161Z"
"Санкт-Петербургская академия художеств имени Ильи Репина","54.03.04","Реставрация","bachelor","","true","5","","2026","https://spb.postupi.online/vuz/institut-imeni-repina-spb-gaizhsa-im-i-e-repina/specialnosti/bakalavr/","https://spb.postupi.online/vuz/institut-imeni-repina-spb-gaizhsa-im-i-e-repina/specialnosti/bakalavr/","2026-07-07T00:34:00.161Z"
"Ленинградский государственный университет имени А.С. Пушкина","09.03.03","Прикладная информатика","bachelor","","true","15","55","2026","https://spb.postupi.online/vuz/lgu-im-pushkina/specialnosti/bakalavr/","https://spb.postupi.online/vuz/lgu-im-pushkina/specialnosti/bakalavr/","2026-07-07T00:34:00.161Z"
"Ленинградский государственный университет имени А.С. Пушкина","19.03.01","Биотехнология","bachelor","","true","25","26","2026","https://spb.postupi.online/vuz/lgu-im-pushkina/specialnosti/bakalavr/","https://spb.postupi.online/vuz/lgu-im-pushkina/specialnosti/bakalavr/","2026-07-07T00:34:00.161Z"
"Ленинградский государственный университет имени А.С. Пушкина","21.03.02","Землеустройство и кадастры","bachelor","","true","10","70","2026","https://spb.postupi.online/vuz/lgu-im-pushkina/specialnosti/bakalavr/","https://spb.postupi.online/vuz/lgu-im-pushkina/specialnosti/bakalavr/","2026-07-07T00:34:00.161Z"
"Ленинградский государственный университет имени А.С. Пушкина","35.03.10","Ландшафтная архитектура","bachelor","","true","25","25","2026","https://spb.postupi.online/vuz/lgu-im-pushkina/specialnosti/bakalavr/","https://spb.postupi.online/vuz/lgu-im-pushkina/specialnosti/bakalavr/","2026-07-07T00:34:00.161Z"
"Ленинградский государственный университет имени А.С. Пушкина","38.03.01","Экономика","bachelor","","true","25","11","2026","https://spb.postupi.online/vuz/lgu-im-pushkina/specialnosti/bakalavr/","https://spb.postupi.online/vuz/lgu-im-pushkina/specialnosti/bakalavr/","2026-07-07T00:34:00.161Z"
"Ленинградский государственный университет имени А.С. Пушкина","38.03.02","Менеджмент","bachelor","","true","10","47","2026","https://spb.postupi.online/vuz/lgu-im-pushkina/specialnosti/bakalavr/","https://spb.postupi.online/vuz/lgu-im-pushkina/specialnosti/bakalavr/","2026-07-07T00:34:00.161Z"
"Ленинградский государственный университет имени А.С. Пушкина","38.03.04","Государственное и муниципальное управление","bachelor","","true","10","55","2026","https://spb.postupi.online/vuz/lgu-im-pushkina/specialnosti/bakalavr/","https://spb.postupi.online/vuz/lgu-im-pushkina/specialnosti/bakalavr/","2026-07-07T00:34:00.161Z"
"Ленинградский государственный университет имени А.С. Пушкина","40.03.01","Юриспруденция","bachelor","","true","10","291","2026","https://spb.postupi.online/vuz/lgu-im-pushkina/specialnosti/bakalavr/","https://spb.postupi.online/vuz/lgu-im-pushkina/specialnosti/bakalavr/","2026-07-07T00:34:00.161Z"
"Ленинградский государственный университет имени А.С. Пушкина","42.03.01","Реклама и связи с общественностью","bachelor","","true","10","87","2026","https://spb.postupi.online/vuz/lgu-im-pushkina/specialnosti/bakalavr/","https://spb.postupi.online/vuz/lgu-im-pushkina/specialnosti/bakalavr/","2026-07-07T00:34:00.161Z"
"Ленинградский государственный университет имени А.С. Пушкина","42.03.02","Журналистика","bachelor","","true","10","44","2026","https://spb.postupi.online/vuz/lgu-im-pushkina/specialnosti/bakalavr/","https://spb.postupi.online/vuz/lgu-im-pushkina/specialnosti/bakalavr/","2026-07-07T00:34:00.161Z"
"Ленинградский государственный университет имени А.С. Пушкина","43.03.01","Сервис","bachelor","","true","15","186","2026","https://spb.postupi.online/vuz/lgu-im-pushkina/specialnosti/bakalavr/","https://spb.postupi.online/vuz/lgu-im-pushkina/specialnosti/bakalavr/","2026-07-07T00:34:00.161Z"
"Ленинградский государственный университет имени А.С. Пушкина","43.03.02","Туризм","bachelor","","true","15","38","2026","https://spb.postupi.online/vuz/lgu-im-pushkina/specialnosti/bakalavr/","https://spb.postupi.online/vuz/lgu-im-pushkina/specialnosti/bakalavr/","2026-07-07T00:34:00.161Z"
"Ленинградский государственный университет имени А.С. Пушкина","43.03.03","Гостиничное дело","bachelor","","true","15","75","2026","https://spb.postupi.online/vuz/lgu-im-pushkina/specialnosti/bakalavr/","https://spb.postupi.online/vuz/lgu-im-pushkina/specialnosti/bakalavr/","2026-07-07T00:34:00.161Z"
"Ленинградский государственный университет имени А.С. Пушкина","44.03.01","Педагогическое образование","bachelor","","true","148","292","2026","https://spb.postupi.online/vuz/lgu-im-pushkina/specialnosti/bakalavr/","https://spb.postupi.online/vuz/lgu-im-pushkina/specialnosti/bakalavr/","2026-07-07T00:34:00.161Z"
"Ленинградский государственный университет имени А.С. Пушкина","44.03.02","Психолого-педагогическое образование","bachelor","","true","35","220","2026","https://spb.postupi.online/vuz/lgu-im-pushkina/specialnosti/bakalavr/","https://spb.postupi.online/vuz/lgu-im-pushkina/specialnosti/bakalavr/","2026-07-07T00:34:00.161Z"
"Ленинградский государственный университет имени А.С. Пушкина","44.03.03","Специальное (дефектологическое) образование","bachelor","","true","65","400","2026","https://spb.postupi.online/vuz/lgu-im-pushkina/specialnosti/bakalavr/","https://spb.postupi.online/vuz/lgu-im-pushkina/specialnosti/bakalavr/","2026-07-07T00:34:00.161Z"
"Ленинградский государственный университет имени А.С. Пушкина","44.03.04","Профессиональное обучение (по отраслям)","bachelor","","true","40","195","2026","https://spb.postupi.online/vuz/lgu-im-pushkina/specialnosti/bakalavr/","https://spb.postupi.online/vuz/lgu-im-pushkina/specialnosti/bakalavr/","2026-07-07T00:34:00.161Z"
"Ленинградский государственный университет имени А.С. Пушкина","44.03.05","Педагогическое образование (с двумя профилями подготовки)","bachelor","","true","157","185","2026","https://spb.postupi.online/vuz/lgu-im-pushkina/specialnosti/bakalavr/","https://spb.postupi.online/vuz/lgu-im-pushkina/specialnosti/bakalavr/","2026-07-07T00:34:00.161Z"
"Ленинградский государственный университет имени А.С. Пушкина","45.03.02","Лингвистика","bachelor","","true","10","74","2026","https://spb.postupi.online/vuz/lgu-im-pushkina/specialnosti/bakalavr/","https://spb.postupi.online/vuz/lgu-im-pushkina/specialnosti/bakalavr/","2026-07-07T00:34:00.161Z"
"Международный банковский институт имени Анатолия Собчака","09.03.03","Прикладная информатика","bachelor","","","","75","2026","https://spb.postupi.online/vuz/mbi/specialnosti/bakalavr/","https://spb.postupi.online/vuz/mbi/specialnosti/bakalavr/","2026-07-07T00:34:00.161Z"
"Международный банковский институт имени Анатолия Собчака","38.03.01","Экономика","bachelor","","","","117","2026","https://spb.postupi.online/vuz/mbi/specialnosti/bakalavr/","https://spb.postupi.online/vuz/mbi/specialnosti/bakalavr/","2026-07-07T00:34:00.161Z"
"Международный банковский институт имени Анатолия Собчака","38.03.02","Менеджмент","bachelor","","","","150","2026","https://spb.postupi.online/vuz/mbi/specialnosti/bakalavr/","https://spb.postupi.online/vuz/mbi/specialnosti/bakalavr/","2026-07-07T00:34:00.161Z"
"Международный банковский институт имени Анатолия Собчака","40.03.01","Юриспруденция","bachelor","","","","62","2026","https://spb.postupi.online/vuz/mbi/specialnosti/bakalavr/","https://spb.postupi.online/vuz/mbi/specialnosti/bakalavr/","2026-07-07T00:34:00.161Z"
"Международный банковский институт имени Анатолия Собчака","43.03.02","Туризм","bachelor","","","","75","2026","https://spb.postupi.online/vuz/mbi/specialnosti/bakalavr/","https://spb.postupi.online/vuz/mbi/specialnosti/bakalavr/","2026-07-07T00:34:00.161Z"
"Международный банковский институт имени Анатолия Собчака","43.03.03","Гостиничное дело","bachelor","","true","15","85","2026","https://spb.postupi.online/vuz/mbi/specialnosti/bakalavr/","https://spb.postupi.online/vuz/mbi/specialnosti/bakalavr/","2026-07-07T00:34:00.161Z"
"Национальный государственный университет физической культуры, спорта и здоровья имени П.Ф. Лесгафта","38.03.02","Менеджмент","bachelor","","","","30","2026","https://spb.postupi.online/vuz/ngu-im-p-f-lesgafta/specialnosti/bakalavr/","https://spb.postupi.online/vuz/ngu-im-p-f-lesgafta/specialnosti/bakalavr/","2026-07-07T00:34:00.161Z"
"Национальный государственный университет физической культуры, спорта и здоровья имени П.Ф. Лесгафта","42.03.02","Журналистика","bachelor","","","","28","2026","https://spb.postupi.online/vuz/ngu-im-p-f-lesgafta/specialnosti/bakalavr/","https://spb.postupi.online/vuz/ngu-im-p-f-lesgafta/specialnosti/bakalavr/","2026-07-07T00:34:00.161Z"
"Национальный государственный университет физической культуры, спорта и здоровья имени П.Ф. Лесгафта","44.03.01","Педагогическое образование","bachelor","","","","55","2026","https://spb.postupi.online/vuz/ngu-im-p-f-lesgafta/specialnosti/bakalavr/","https://spb.postupi.online/vuz/ngu-im-p-f-lesgafta/specialnosti/bakalavr/","2026-07-07T00:34:00.161Z"
"Национальный государственный университет физической культуры, спорта и здоровья имени П.Ф. Лесгафта","44.03.02","Психолого-педагогическое образование","bachelor","","true","25","25","2026","https://spb.postupi.online/vuz/ngu-im-p-f-lesgafta/specialnosti/bakalavr/","https://spb.postupi.online/vuz/ngu-im-p-f-lesgafta/specialnosti/bakalavr/","2026-07-07T00:34:00.161Z"
"Национальный государственный университет физической культуры, спорта и здоровья имени П.Ф. Лесгафта","49.03.01","Физическая культура","bachelor","","true","56","80","2026","https://spb.postupi.online/vuz/ngu-im-p-f-lesgafta/specialnosti/bakalavr/","https://spb.postupi.online/vuz/ngu-im-p-f-lesgafta/specialnosti/bakalavr/","2026-07-07T00:34:00.161Z"
"Национальный государственный университет физической культуры, спорта и здоровья имени П.Ф. Лесгафта","49.03.02","Физическая культура для лиц с отклонениями в состоянии здоровья (адаптивная физическая культура)","bachelor","","true","80","175","2026","https://spb.postupi.online/vuz/ngu-im-p-f-lesgafta/specialnosti/bakalavr/","https://spb.postupi.online/vuz/ngu-im-p-f-lesgafta/specialnosti/bakalavr/","2026-07-07T00:34:00.161Z"
"Национальный государственный университет физической культуры, спорта и здоровья имени П.Ф. Лесгафта","49.03.04","Спорт","bachelor","","true","544","330","2026","https://spb.postupi.online/vuz/ngu-im-p-f-lesgafta/specialnosti/bakalavr/","https://spb.postupi.online/vuz/ngu-im-p-f-lesgafta/specialnosti/bakalavr/","2026-07-07T00:34:00.161Z"
"Санкт-Петербургский филиал Национального исследовательского университета Высшая школа экономики","01.03.02","Прикладная математика и информатика","bachelor","","true","60","60","2026","https://spb.postupi.online/vuz/niu-vshe-v-sankt-peterburge/specialnosti/bakalavr/","https://spb.postupi.online/vuz/niu-vshe-v-sankt-peterburge/specialnosti/bakalavr/","2026-07-07T00:34:00.161Z"
"Санкт-Петербургский филиал Национального исследовательского университета Высшая школа экономики","03.03.02","Физика","bachelor","","true","20","10","2026","https://spb.postupi.online/vuz/niu-vshe-v-sankt-peterburge/specialnosti/bakalavr/","https://spb.postupi.online/vuz/niu-vshe-v-sankt-peterburge/specialnosti/bakalavr/","2026-07-07T00:34:00.161Z"
"Санкт-Петербургский филиал Национального исследовательского университета Высшая школа экономики","07.03.01","Архитектура","bachelor","","","","39","2026","https://spb.postupi.online/vuz/niu-vshe-v-sankt-peterburge/specialnosti/bakalavr/","https://spb.postupi.online/vuz/niu-vshe-v-sankt-peterburge/specialnosti/bakalavr/","2026-07-07T00:34:00.161Z"
"Санкт-Петербургский филиал Национального исследовательского университета Высшая школа экономики","09.03.01","Информатика и вычислительная техника","bachelor","","true","20","40","2026","https://spb.postupi.online/vuz/niu-vshe-v-sankt-peterburge/specialnosti/bakalavr/","https://spb.postupi.online/vuz/niu-vshe-v-sankt-peterburge/specialnosti/bakalavr/","2026-07-07T00:34:00.161Z"
"Санкт-Петербургский филиал Национального исследовательского университета Высшая школа экономики","09.03.04","Программная инженерия","bachelor","","true","20","40","2026","https://spb.postupi.online/vuz/niu-vshe-v-sankt-peterburge/specialnosti/bakalavr/","https://spb.postupi.online/vuz/niu-vshe-v-sankt-peterburge/specialnosti/bakalavr/","2026-07-07T00:34:00.161Z"
"Санкт-Петербургский филиал Национального исследовательского университета Высшая школа экономики","38.03.01","Экономика","bachelor","","true","90","205","2026","https://spb.postupi.online/vuz/niu-vshe-v-sankt-peterburge/specialnosti/bakalavr/","https://spb.postupi.online/vuz/niu-vshe-v-sankt-peterburge/specialnosti/bakalavr/","2026-07-07T00:34:00.161Z"
"Санкт-Петербургский филиал Национального исследовательского университета Высшая школа экономики","38.03.02","Менеджмент","bachelor","","true","90","133","2026","https://spb.postupi.online/vuz/niu-vshe-v-sankt-peterburge/specialnosti/bakalavr/","https://spb.postupi.online/vuz/niu-vshe-v-sankt-peterburge/specialnosti/bakalavr/","2026-07-07T00:34:00.161Z"
"Санкт-Петербургский филиал Национального исследовательского университета Высшая школа экономики","38.03.04","Государственное и муниципальное управление","bachelor","","true","50","51","2026","https://spb.postupi.online/vuz/niu-vshe-v-sankt-peterburge/specialnosti/bakalavr/","https://spb.postupi.online/vuz/niu-vshe-v-sankt-peterburge/specialnosti/bakalavr/","2026-07-07T00:34:00.161Z"
"Санкт-Петербургский филиал Национального исследовательского университета Высшая школа экономики","38.03.05","Бизнес-информатика","bachelor","","true","25","40","2026","https://spb.postupi.online/vuz/niu-vshe-v-sankt-peterburge/specialnosti/bakalavr/","https://spb.postupi.online/vuz/niu-vshe-v-sankt-peterburge/specialnosti/bakalavr/","2026-07-07T00:34:00.161Z"
"Санкт-Петербургский филиал Национального исследовательского университета Высшая школа экономики","39.03.01","Социология","bachelor","","true","50","80","2026","https://spb.postupi.online/vuz/niu-vshe-v-sankt-peterburge/specialnosti/bakalavr/","https://spb.postupi.online/vuz/niu-vshe-v-sankt-peterburge/specialnosti/bakalavr/","2026-07-07T00:34:00.161Z"
"Санкт-Петербургский филиал Национального исследовательского университета Высшая школа экономики","40.03.01","Юриспруденция","bachelor","","true","90","119","2026","https://spb.postupi.online/vuz/niu-vshe-v-sankt-peterburge/specialnosti/bakalavr/","https://spb.postupi.online/vuz/niu-vshe-v-sankt-peterburge/specialnosti/bakalavr/","2026-07-07T00:34:00.161Z"
"Санкт-Петербургский филиал Национального исследовательского университета Высшая школа экономики","41.03.04","Политология","bachelor","","true","35","54","2026","https://spb.postupi.online/vuz/niu-vshe-v-sankt-peterburge/specialnosti/bakalavr/","https://spb.postupi.online/vuz/niu-vshe-v-sankt-peterburge/specialnosti/bakalavr/","2026-07-07T00:34:00.161Z"
"Санкт-Петербургский филиал Национального исследовательского университета Высшая школа экономики","41.03.05","Международные отношения","bachelor","","true","25","46","2026","https://spb.postupi.online/vuz/niu-vshe-v-sankt-peterburge/specialnosti/bakalavr/","https://spb.postupi.online/vuz/niu-vshe-v-sankt-peterburge/specialnosti/bakalavr/","2026-07-07T00:34:00.161Z"
"Санкт-Петербургский филиал Национального исследовательского университета Высшая школа экономики","42.03.05","Медиакоммуникации","bachelor","","true","30","97","2026","https://spb.postupi.online/vuz/niu-vshe-v-sankt-peterburge/specialnosti/bakalavr/","https://spb.postupi.online/vuz/niu-vshe-v-sankt-peterburge/specialnosti/bakalavr/","2026-07-07T00:34:00.161Z"
"Санкт-Петербургский филиал Национального исследовательского университета Высшая школа экономики","45.03.01","Филология","bachelor","","true","45","88","2026","https://spb.postupi.online/vuz/niu-vshe-v-sankt-peterburge/specialnosti/bakalavr/","https://spb.postupi.online/vuz/niu-vshe-v-sankt-peterburge/specialnosti/bakalavr/","2026-07-07T00:34:00.161Z"
"Санкт-Петербургский филиал Национального исследовательского университета Высшая школа экономики","46.03.01","История","bachelor","","true","30","50","2026","https://spb.postupi.online/vuz/niu-vshe-v-sankt-peterburge/specialnosti/bakalavr/","https://spb.postupi.online/vuz/niu-vshe-v-sankt-peterburge/specialnosti/bakalavr/","2026-07-07T00:34:00.161Z"
"Санкт-Петербургский филиал Национального исследовательского университета Высшая школа экономики","58.03.01","Востоковедение и африканистика","bachelor","","true","35","150","2026","https://spb.postupi.online/vuz/niu-vshe-v-sankt-peterburge/specialnosti/bakalavr/","https://spb.postupi.online/vuz/niu-vshe-v-sankt-peterburge/specialnosti/bakalavr/","2026-07-07T00:34:00.161Z"
"Санкт-Петербургский филиал Национального исследовательского университета Высшая школа экономики","54.03.01","Дизайн","bachelor","","true","20","200","2026","https://spb.postupi.online/vuz/niu-vshe-v-sankt-peterburge/specialnosti/bakalavr/","https://spb.postupi.online/vuz/niu-vshe-v-sankt-peterburge/specialnosti/bakalavr/","2026-07-07T00:34:00.161Z"
"Национальный открытый институт г. Санкт-Петербург","09.03.03","Прикладная информатика","bachelor","","","","170","2026","https://spb.postupi.online/vuz/noi-spb/specialnosti/bakalavr/","https://spb.postupi.online/vuz/noi-spb/specialnosti/bakalavr/","2026-07-07T00:34:00.161Z"
"Национальный открытый институт г. Санкт-Петербург","21.03.02","Землеустройство и кадастры","bachelor","","","","100","2026","https://spb.postupi.online/vuz/noi-spb/specialnosti/bakalavr/","https://spb.postupi.online/vuz/noi-spb/specialnosti/bakalavr/","2026-07-07T00:34:00.161Z"
"Национальный открытый институт г. Санкт-Петербург","21.03.03","Геодезия и дистанционное зондирование","bachelor","","","","100","2026","https://spb.postupi.online/vuz/noi-spb/specialnosti/bakalavr/","https://spb.postupi.online/vuz/noi-spb/specialnosti/bakalavr/","2026-07-07T00:34:00.161Z"
"Национальный открытый институт г. Санкт-Петербург","37.03.01","Психология","bachelor","","","","20","2026","https://spb.postupi.online/vuz/noi-spb/specialnosti/bakalavr/","https://spb.postupi.online/vuz/noi-spb/specialnosti/bakalavr/","2026-07-07T00:34:00.161Z"
"Национальный открытый институт г. Санкт-Петербург","38.03.01","Экономика","bachelor","","","","40","2026","https://spb.postupi.online/vuz/noi-spb/specialnosti/bakalavr/","https://spb.postupi.online/vuz/noi-spb/specialnosti/bakalavr/","2026-07-07T00:34:00.161Z"
"Национальный открытый институт г. Санкт-Петербург","38.03.02","Менеджмент","bachelor","","","","40","2026","https://spb.postupi.online/vuz/noi-spb/specialnosti/bakalavr/","https://spb.postupi.online/vuz/noi-spb/specialnosti/bakalavr/","2026-07-07T00:34:00.161Z"
"Национальный открытый институт г. Санкт-Петербург","38.03.04","Государственное и муниципальное управление","bachelor","","","","20","2026","https://spb.postupi.online/vuz/noi-spb/specialnosti/bakalavr/","https://spb.postupi.online/vuz/noi-spb/specialnosti/bakalavr/","2026-07-07T00:34:00.161Z"
"Национальный открытый институт г. Санкт-Петербург","39.03.02","Социальная работа","bachelor","","","","250","2026","https://spb.postupi.online/vuz/noi-spb/specialnosti/bakalavr/","https://spb.postupi.online/vuz/noi-spb/specialnosti/bakalavr/","2026-07-07T00:34:00.161Z"
"Национальный открытый институт г. Санкт-Петербург","43.03.02","Туризм","bachelor","","","","160","2026","https://spb.postupi.online/vuz/noi-spb/specialnosti/bakalavr/","https://spb.postupi.online/vuz/noi-spb/specialnosti/bakalavr/","2026-07-07T00:34:00.161Z"
"Национальный открытый институт г. Санкт-Петербург","43.03.03","Гостиничное дело","bachelor","","","","110","2026","https://spb.postupi.online/vuz/noi-spb/specialnosti/bakalavr/","https://spb.postupi.online/vuz/noi-spb/specialnosti/bakalavr/","2026-07-07T00:34:00.161Z"
"Петербургский государственный университет путей сообщения Императора Александра I","08.03.01","Строительство","bachelor","","true","100","85","2026","https://spb.postupi.online/vuz/pgups-liizht/specialnosti/bakalavr/","https://spb.postupi.online/vuz/pgups-liizht/specialnosti/bakalavr/","2026-07-07T00:34:00.161Z"
"Петербургский государственный университет путей сообщения Императора Александра I","09.03.01","Информатика и вычислительная техника","bachelor","","true","60","30","2026","https://spb.postupi.online/vuz/pgups-liizht/specialnosti/bakalavr/","https://spb.postupi.online/vuz/pgups-liizht/specialnosti/bakalavr/","2026-07-07T00:34:00.161Z"
"Петербургский государственный университет путей сообщения Императора Александра I","12.03.01","Приборостроение","bachelor","","true","25","25","2026","https://spb.postupi.online/vuz/pgups-liizht/specialnosti/bakalavr/","https://spb.postupi.online/vuz/pgups-liizht/specialnosti/bakalavr/","2026-07-07T00:34:00.161Z"
"Петербургский государственный университет путей сообщения Императора Александра I","13.03.01","Теплоэнергетика и теплотехника","bachelor","","true","30","20","2026","https://spb.postupi.online/vuz/pgups-liizht/specialnosti/bakalavr/","https://spb.postupi.online/vuz/pgups-liizht/specialnosti/bakalavr/","2026-07-07T00:34:00.161Z"
"Петербургский государственный университет путей сообщения Императора Александра I","13.03.02","Электроэнергетика и электротехника","bachelor","","true","55","40","2026","https://spb.postupi.online/vuz/pgups-liizht/specialnosti/bakalavr/","https://spb.postupi.online/vuz/pgups-liizht/specialnosti/bakalavr/","2026-07-07T00:34:00.161Z"
"Петербургский государственный университет путей сообщения Императора Александра I","15.03.01","Машиностроение","bachelor","","","","20","2026","https://spb.postupi.online/vuz/pgups-liizht/specialnosti/bakalavr/","https://spb.postupi.online/vuz/pgups-liizht/specialnosti/bakalavr/","2026-07-07T00:34:00.161Z"
"Петербургский государственный университет путей сообщения Императора Александра I","15.03.06","Мехатроника и робототехника","bachelor","","","","20","2026","https://spb.postupi.online/vuz/pgups-liizht/specialnosti/bakalavr/","https://spb.postupi.online/vuz/pgups-liizht/specialnosti/bakalavr/","2026-07-07T00:34:00.161Z"
"Петербургский государственный университет путей сообщения Императора Александра I","20.03.01","Техносферная безопасность","bachelor","","true","25","20","2026","https://spb.postupi.online/vuz/pgups-liizht/specialnosti/bakalavr/","https://spb.postupi.online/vuz/pgups-liizht/specialnosti/bakalavr/","2026-07-07T00:34:00.161Z"
"Петербургский государственный университет путей сообщения Императора Александра I","21.03.02","Землеустройство и кадастры","bachelor","","true","25","25","2026","https://spb.postupi.online/vuz/pgups-liizht/specialnosti/bakalavr/","https://spb.postupi.online/vuz/pgups-liizht/specialnosti/bakalavr/","2026-07-07T00:34:00.161Z"
"Петербургский государственный университет путей сообщения Императора Александра I","23.03.03","Эксплуатация транспортно-технологических машин и комплексов","bachelor","","true","20","55","2026","https://spb.postupi.online/vuz/pgups-liizht/specialnosti/bakalavr/","https://spb.postupi.online/vuz/pgups-liizht/specialnosti/bakalavr/","2026-07-07T00:34:00.161Z"
"Петербургский государственный университет путей сообщения Императора Александра I","27.03.01","Стандартизация и метрология","bachelor","","true","25","25","2026","https://spb.postupi.online/vuz/pgups-liizht/specialnosti/bakalavr/","https://spb.postupi.online/vuz/pgups-liizht/specialnosti/bakalavr/","2026-07-07T00:34:00.161Z"
"Петербургский государственный университет путей сообщения Императора Александра I","37.03.01","Психология","bachelor","","","","30","2026","https://spb.postupi.online/vuz/pgups-liizht/specialnosti/bakalavr/","https://spb.postupi.online/vuz/pgups-liizht/specialnosti/bakalavr/","2026-07-07T00:34:00.161Z"
"Петербургский государственный университет путей сообщения Императора Александра I","38.03.01","Экономика","bachelor","","","","60","2026","https://spb.postupi.online/vuz/pgups-liizht/specialnosti/bakalavr/","https://spb.postupi.online/vuz/pgups-liizht/specialnosti/bakalavr/","2026-07-07T00:34:00.161Z"
"Петербургский государственный университет путей сообщения Императора Александра I","38.03.02","Менеджмент","bachelor","","","","85","2026","https://spb.postupi.online/vuz/pgups-liizht/specialnosti/bakalavr/","https://spb.postupi.online/vuz/pgups-liizht/specialnosti/bakalavr/","2026-07-07T00:34:00.161Z"
"Петербургский государственный университет путей сообщения Императора Александра I","38.03.05","Бизнес-информатика","bachelor","","","","11","2026","https://spb.postupi.online/vuz/pgups-liizht/specialnosti/bakalavr/","https://spb.postupi.online/vuz/pgups-liizht/specialnosti/bakalavr/","2026-07-07T00:34:00.161Z"
"Первый Санкт-Петербургский государственный медицинский университет имени академика И.П. Павлова","34.03.01","Сестринское дело","bachelor","","true","7","20","2026","https://spb.postupi.online/vuz/pspbgmu-im-ak-i-p-pavlova/specialnosti/bakalavr/","https://spb.postupi.online/vuz/pspbgmu-im-ak-i-p-pavlova/specialnosti/bakalavr/","2026-07-07T00:34:00.161Z"
"Первый Санкт-Петербургский государственный медицинский университет имени академика И.П. Павлова","49.03.02","Физическая культура для лиц с отклонениями в состоянии здоровья (адаптивная физическая культура)","bachelor","","true","3","10","2026","https://spb.postupi.online/vuz/pspbgmu-im-ak-i-p-pavlova/specialnosti/bakalavr/","https://spb.postupi.online/vuz/pspbgmu-im-ak-i-p-pavlova/specialnosti/bakalavr/","2026-07-07T00:34:00.161Z"
"Российский государственный гидрометеорологический университет","03.03.02","Физика","bachelor","","true","15","10","2026","https://spb.postupi.online/vuz/rggmu/specialnosti/bakalavr/","https://spb.postupi.online/vuz/rggmu/specialnosti/bakalavr/","2026-07-07T00:34:00.161Z"
"Российский государственный гидрометеорологический университет","09.03.03","Прикладная информатика","bachelor","","true","45","51","2026","https://spb.postupi.online/vuz/rggmu/specialnosti/bakalavr/","https://spb.postupi.online/vuz/rggmu/specialnosti/bakalavr/","2026-07-07T00:34:00.161Z"
"Российский государственный гидрометеорологический университет","17.03.01","Корабельное вооружение","bachelor","","true","23","10","2026","https://spb.postupi.online/vuz/rggmu/specialnosti/bakalavr/","https://spb.postupi.online/vuz/rggmu/specialnosti/bakalavr/","2026-07-07T00:34:00.161Z"
"Российский государственный гидрометеорологический университет","35.03.08","Водные биоресурсы и аквакультура","bachelor","","true","11","55","2026","https://spb.postupi.online/vuz/rggmu/specialnosti/bakalavr/","https://spb.postupi.online/vuz/rggmu/specialnosti/bakalavr/","2026-07-07T00:34:00.161Z"
"Российский государственный гидрометеорологический университет","38.03.01","Экономика","bachelor","","true","1","","2026","https://spb.postupi.online/vuz/rggmu/specialnosti/bakalavr/","https://spb.postupi.online/vuz/rggmu/specialnosti/bakalavr/","2026-07-07T00:34:00.161Z"
"Российский государственный гидрометеорологический университет","40.03.01","Юриспруденция","bachelor","","","","30","2026","https://spb.postupi.online/vuz/rggmu/specialnosti/bakalavr/","https://spb.postupi.online/vuz/rggmu/specialnosti/bakalavr/","2026-07-07T00:34:00.161Z"
"Российский государственный гидрометеорологический университет","42.03.01","Реклама и связи с общественностью","bachelor","","","","13","2026","https://spb.postupi.online/vuz/rggmu/specialnosti/bakalavr/","https://spb.postupi.online/vuz/rggmu/specialnosti/bakalavr/","2026-07-07T00:34:00.161Z"
"Российский государственный гидрометеорологический университет","44.03.01","Педагогическое образование","bachelor","","true","46","80","2026","https://spb.postupi.online/vuz/rggmu/specialnosti/bakalavr/","https://spb.postupi.online/vuz/rggmu/specialnosti/bakalavr/","2026-07-07T00:34:00.161Z"
"Российский государственный гидрометеорологический университет","44.03.05","Педагогическое образование (с двумя профилями подготовки)","bachelor","","true","41","50","2026","https://spb.postupi.online/vuz/rggmu/specialnosti/bakalavr/","https://spb.postupi.online/vuz/rggmu/specialnosti/bakalavr/","2026-07-07T00:34:00.161Z"
"Российский государственный гидрометеорологический университет","45.03.01","Филология","bachelor","","true","14","46","2026","https://spb.postupi.online/vuz/rggmu/specialnosti/bakalavr/","https://spb.postupi.online/vuz/rggmu/specialnosti/bakalavr/","2026-07-07T00:34:00.161Z"
"Российский государственный гидрометеорологический университет","54.03.01","Дизайн","bachelor","","true","11","35","2026","https://spb.postupi.online/vuz/rggmu/specialnosti/bakalavr/","https://spb.postupi.online/vuz/rggmu/specialnosti/bakalavr/","2026-07-07T00:34:00.161Z"
"Российский государственный гидрометеорологический университет","54.03.02","Декоративно-прикладное искусство и народные промыслы","bachelor","","true","4","11","2026","https://spb.postupi.online/vuz/rggmu/specialnosti/bakalavr/","https://spb.postupi.online/vuz/rggmu/specialnosti/bakalavr/","2026-07-07T00:34:00.161Z"
"Российский государственный гидрометеорологический университет","54.03.04","Реставрация","bachelor","","","","22","2026","https://spb.postupi.online/vuz/rggmu/specialnosti/bakalavr/","https://spb.postupi.online/vuz/rggmu/specialnosti/bakalavr/","2026-07-07T00:34:00.161Z"
"Российский государственный институт сценических искусств","52.03.04","Технология художественного оформления спектакля","bachelor","","true","22","10","2026","https://spb.postupi.online/vuz/rgisi/specialnosti/bakalavr/","https://spb.postupi.online/vuz/rgisi/specialnosti/bakalavr/","2026-07-07T00:34:00.161Z"
"Российский государственный институт сценических искусств","52.03.05","Театроведение","bachelor","","true","20","4","2026","https://spb.postupi.online/vuz/rgisi/specialnosti/bakalavr/","https://spb.postupi.online/vuz/rgisi/specialnosti/bakalavr/","2026-07-07T00:34:00.161Z"
"Российский государственный педагогический университет им. А.И. Герцена","01.03.02","Прикладная математика и информатика","bachelor","","true","5","7","2026","https://spb.postupi.online/vuz/rgpu-im-gercena/specialnosti/bakalavr/","https://spb.postupi.online/vuz/rgpu-im-gercena/specialnosti/bakalavr/","2026-07-07T00:34:00.161Z"
"Российский государственный педагогический университет им. А.И. Герцена","03.03.02","Физика","bachelor","","true","9","3","2026","https://spb.postupi.online/vuz/rgpu-im-gercena/specialnosti/bakalavr/","https://spb.postupi.online/vuz/rgpu-im-gercena/specialnosti/bakalavr/","2026-07-07T00:34:00.161Z"
"Российский государственный педагогический университет им. А.И. Герцена","09.03.01","Информатика и вычислительная техника","bachelor","","true","10","60","2026","https://spb.postupi.online/vuz/rgpu-im-gercena/specialnosti/bakalavr/","https://spb.postupi.online/vuz/rgpu-im-gercena/specialnosti/bakalavr/","2026-07-07T00:34:00.161Z"
"Российский государственный педагогический университет им. А.И. Герцена","09.03.02","Информационные системы и технологии","bachelor","","true","5","80","2026","https://spb.postupi.online/vuz/rgpu-im-gercena/specialnosti/bakalavr/","https://spb.postupi.online/vuz/rgpu-im-gercena/specialnosti/bakalavr/","2026-07-07T00:34:00.161Z"
"Российский государственный педагогический университет им. А.И. Герцена","37.03.01","Психология","bachelor","","true","47","35","2026","https://spb.postupi.online/vuz/rgpu-im-gercena/specialnosti/bakalavr/","https://spb.postupi.online/vuz/rgpu-im-gercena/specialnosti/bakalavr/","2026-07-07T00:34:00.161Z"
"Российский государственный педагогический университет им. А.И. Герцена","37.03.02","Конфликтология","bachelor","","true","15","7","2026","https://spb.postupi.online/vuz/rgpu-im-gercena/specialnosti/bakalavr/","https://spb.postupi.online/vuz/rgpu-im-gercena/specialnosti/bakalavr/","2026-07-07T00:34:00.161Z"
"Российский государственный педагогический университет им. А.И. Герцена","38.03.03","Управление персоналом","bachelor","","","","9","2026","https://spb.postupi.online/vuz/rgpu-im-gercena/specialnosti/bakalavr/","https://spb.postupi.online/vuz/rgpu-im-gercena/specialnosti/bakalavr/","2026-07-07T00:34:00.161Z"
"Российский государственный педагогический университет им. А.И. Герцена","38.03.04","Государственное и муниципальное управление","bachelor","","","","24","2026","https://spb.postupi.online/vuz/rgpu-im-gercena/specialnosti/bakalavr/","https://spb.postupi.online/vuz/rgpu-im-gercena/specialnosti/bakalavr/","2026-07-07T00:34:00.161Z"
"Российский государственный педагогический университет им. А.И. Герцена","39.03.01","Социология","bachelor","","true","19","8","2026","https://spb.postupi.online/vuz/rgpu-im-gercena/specialnosti/bakalavr/","https://spb.postupi.online/vuz/rgpu-im-gercena/specialnosti/bakalavr/","2026-07-07T00:34:00.161Z"
"Российский государственный педагогический университет им. А.И. Герцена","40.03.01","Юриспруденция","bachelor","","","","50","2026","https://spb.postupi.online/vuz/rgpu-im-gercena/specialnosti/bakalavr/","https://spb.postupi.online/vuz/rgpu-im-gercena/specialnosti/bakalavr/","2026-07-07T00:34:00.161Z"
"Российский государственный педагогический университет им. А.И. Герцена","41.03.01","Зарубежное регионоведение","bachelor","","true","6","19","2026","https://spb.postupi.online/vuz/rgpu-im-gercena/specialnosti/bakalavr/","https://spb.postupi.online/vuz/rgpu-im-gercena/specialnosti/bakalavr/","2026-07-07T00:34:00.161Z"
"Российский государственный педагогический университет им. А.И. Герцена","42.03.01","Реклама и связи с общественностью","bachelor","","","","77","2026","https://spb.postupi.online/vuz/rgpu-im-gercena/specialnosti/bakalavr/","https://spb.postupi.online/vuz/rgpu-im-gercena/specialnosti/bakalavr/","2026-07-07T00:34:00.161Z"
"Российский государственный педагогический университет им. А.И. Герцена","43.03.02","Туризм","bachelor","","","","18","2026","https://spb.postupi.online/vuz/rgpu-im-gercena/specialnosti/bakalavr/","https://spb.postupi.online/vuz/rgpu-im-gercena/specialnosti/bakalavr/","2026-07-07T00:34:00.161Z"
"Российский государственный педагогический университет им. А.И. Герцена","43.03.03","Гостиничное дело","bachelor","","true","3","20","2026","https://spb.postupi.online/vuz/rgpu-im-gercena/specialnosti/bakalavr/","https://spb.postupi.online/vuz/rgpu-im-gercena/specialnosti/bakalavr/","2026-07-07T00:34:00.161Z"
"Российский государственный педагогический университет им. А.И. Герцена","44.03.01","Педагогическое образование","bachelor","","true","527","745","2026","https://spb.postupi.online/vuz/rgpu-im-gercena/specialnosti/bakalavr/","https://spb.postupi.online/vuz/rgpu-im-gercena/specialnosti/bakalavr/","2026-07-07T00:34:00.161Z"
"Российский государственный педагогический университет им. А.И. Герцена","44.03.02","Психолого-педагогическое образование","bachelor","","true","113","270","2026","https://spb.postupi.online/vuz/rgpu-im-gercena/specialnosti/bakalavr/","https://spb.postupi.online/vuz/rgpu-im-gercena/specialnosti/bakalavr/","2026-07-07T00:34:00.161Z"
"Северо-Западный филиал Российского государственного университета правосудия имени В. М. Лебедева","40.03.01","Юриспруденция","bachelor","","true","27","372","2026","https://spb.postupi.online/vuz/rgup-severo-zapadnyj-filial/specialnosti/bakalavr/","https://spb.postupi.online/vuz/rgup-severo-zapadnyj-filial/specialnosti/bakalavr/","2026-07-07T00:34:00.161Z"
"Русская христианская гуманитарная академия им. Ф. М. Достоевского","37.03.01","Психология","bachelor","","","","73","2026","https://spb.postupi.online/vuz/rhga/specialnosti/bakalavr/","https://spb.postupi.online/vuz/rhga/specialnosti/bakalavr/","2026-07-07T00:34:00.161Z"
"Русская христианская гуманитарная академия им. Ф. М. Достоевского","44.03.01","Педагогическое образование","bachelor","","","","125","2026","https://spb.postupi.online/vuz/rhga/specialnosti/bakalavr/","https://spb.postupi.online/vuz/rhga/specialnosti/bakalavr/","2026-07-07T00:34:00.161Z"
"Русская христианская гуманитарная академия им. Ф. М. Достоевского","45.03.01","Филология","bachelor","","","","80","2026","https://spb.postupi.online/vuz/rhga/specialnosti/bakalavr/","https://spb.postupi.online/vuz/rhga/specialnosti/bakalavr/","2026-07-07T00:34:00.161Z"
"Русская христианская гуманитарная академия им. Ф. М. Достоевского","47.03.01","Философия","bachelor","","","","55","2026","https://spb.postupi.online/vuz/rhga/specialnosti/bakalavr/","https://spb.postupi.online/vuz/rhga/specialnosti/bakalavr/","2026-07-07T00:34:00.161Z"
"Русская христианская гуманитарная академия им. Ф. М. Достоевского","47.03.03","Религиоведение","bachelor","","","","45","2026","https://spb.postupi.online/vuz/rhga/specialnosti/bakalavr/","https://spb.postupi.online/vuz/rhga/specialnosti/bakalavr/","2026-07-07T00:34:00.161Z"
"Русская христианская гуманитарная академия им. Ф. М. Достоевского","48.03.01","Теология","bachelor","","","","25","2026","https://spb.postupi.online/vuz/rhga/specialnosti/bakalavr/","https://spb.postupi.online/vuz/rhga/specialnosti/bakalavr/","2026-07-07T00:34:00.161Z"
"Русская христианская гуманитарная академия им. Ф. М. Достоевского","50.03.01","Искусства и гуманитарные науки","bachelor","","","","160","2026","https://spb.postupi.online/vuz/rhga/specialnosti/bakalavr/","https://spb.postupi.online/vuz/rhga/specialnosti/bakalavr/","2026-07-07T00:34:00.161Z"
"Санкт-Петербургский государственный химико-фармацевтический университет","18.03.01","Химическая технология","bachelor","","true","105","45","2026","https://spb.postupi.online/vuz/sankt-peterburgskij-gosudarstvennyj-himiko-farmacevticheskij-universitet/specialnosti/bakalavr/","https://spb.postupi.online/vuz/sankt-peterburgskij-gosudarstvennyj-himiko-farmacevticheskij-universitet/specialnosti/bakalavr/","2026-07-07T00:34:00.161Z"
"Санкт-Петербургский государственный химико-фармацевтический университет","19.03.01","Биотехнология","bachelor","","true","60","30","2026","https://spb.postupi.online/vuz/sankt-peterburgskij-gosudarstvennyj-himiko-farmacevticheskij-universitet/specialnosti/bakalavr/","https://spb.postupi.online/vuz/sankt-peterburgskij-gosudarstvennyj-himiko-farmacevticheskij-universitet/specialnosti/bakalavr/","2026-07-07T00:34:00.161Z"
"Санкт-Петербургский государственный химико-фармацевтический университет","38.03.07","Товароведение","bachelor","","true","25","3","2026","https://spb.postupi.online/vuz/sankt-peterburgskij-gosudarstvennyj-himiko-farmacevticheskij-universitet/specialnosti/bakalavr/","https://spb.postupi.online/vuz/sankt-peterburgskij-gosudarstvennyj-himiko-farmacevticheskij-universitet/specialnosti/bakalavr/","2026-07-07T00:34:00.161Z"
"Санкт-Петербургский имени В.Б. Бобкова филиал Российской таможенной академии","38.03.01","Экономика","bachelor","","true","16","1","2026","https://spb.postupi.online/vuz/sankt-peterburgskij-imeni-v-b-bobkova-filial/specialnosti/bakalavr/","https://spb.postupi.online/vuz/sankt-peterburgskij-imeni-v-b-bobkova-filial/specialnosti/bakalavr/","2026-07-07T00:34:00.161Z"
"Санкт-Петербургский имени В.Б. Бобкова филиал Российской таможенной академии","40.03.01","Юриспруденция","bachelor","","true","14","46","2026","https://spb.postupi.online/vuz/sankt-peterburgskij-imeni-v-b-bobkova-filial/specialnosti/bakalavr/","https://spb.postupi.online/vuz/sankt-peterburgskij-imeni-v-b-bobkova-filial/specialnosti/bakalavr/","2026-07-07T00:34:00.161Z"
"Санкт-Петербургский институт (филиал) Всероссийского государственного университета юстиции (РПА Минюста России)","40.03.01","Юриспруденция","bachelor","","","","106","2026","https://spb.postupi.online/vuz/sankt-peterburgskij-institut-filial/specialnosti/bakalavr/","https://spb.postupi.online/vuz/sankt-peterburgskij-institut-filial/specialnosti/bakalavr/","2026-07-07T00:34:00.161Z"
"Санкт-Петербургский филиал Финансового университета при Правительстве Российской Федерации","38.03.01","Экономика","bachelor","","true","12","83","2026","https://spb.postupi.online/vuz/sankt-peterburgskiy-filial-finansovogo-universiteta/specialnosti/bakalavr/","https://spb.postupi.online/vuz/sankt-peterburgskiy-filial-finansovogo-universiteta/specialnosti/bakalavr/","2026-07-07T00:34:00.161Z"
"Санкт-Петербургский филиал Финансового университета при Правительстве Российской Федерации","38.03.02","Менеджмент","bachelor","","true","11","99","2026","https://spb.postupi.online/vuz/sankt-peterburgskiy-filial-finansovogo-universiteta/specialnosti/bakalavr/","https://spb.postupi.online/vuz/sankt-peterburgskiy-filial-finansovogo-universiteta/specialnosti/bakalavr/","2026-07-07T00:34:00.161Z"
"Санкт-Петербургский филиал Финансового университета при Правительстве Российской Федерации","38.03.05","Бизнес-информатика","bachelor","","true","10","34","2026","https://spb.postupi.online/vuz/sankt-peterburgskiy-filial-finansovogo-universiteta/specialnosti/bakalavr/","https://spb.postupi.online/vuz/sankt-peterburgskiy-filial-finansovogo-universiteta/specialnosti/bakalavr/","2026-07-07T00:34:00.161Z"
"Санкт-Петербургский филиал Финансового университета при Правительстве Российской Федерации","42.03.01","Реклама и связи с общественностью","bachelor","","true","10","40","2026","https://spb.postupi.online/vuz/sankt-peterburgskiy-filial-finansovogo-universiteta/specialnosti/bakalavr/","https://spb.postupi.online/vuz/sankt-peterburgskiy-filial-finansovogo-universiteta/specialnosti/bakalavr/","2026-07-07T00:34:00.161Z"
"Санкт-Петербургский университет Государственной противопожарной службы Министерства Российской Федерации по делам гражданской обороны, чрезвычайным ситуациям и ликвидации последствий стихийных бедствий имени Героя Российской Федерации генерала армии Е.Н. Зиничева","20.03.01","Техносферная безопасность","bachelor","","true","50","145","2026","https://spb.postupi.online/vuz/spb-ugps-mchs-rossii/specialnosti/bakalavr/","https://spb.postupi.online/vuz/spb-ugps-mchs-rossii/specialnosti/bakalavr/","2026-07-07T00:34:00.161Z"
"Санкт-Петербургский университет Государственной противопожарной службы Министерства Российской Федерации по делам гражданской обороны, чрезвычайным ситуациям и ликвидации последствий стихийных бедствий имени Героя Российской Федерации генерала армии Е.Н. Зиничева","38.03.04","Государственное и муниципальное управление","bachelor","","true","50","30","2026","https://spb.postupi.online/vuz/spb-ugps-mchs-rossii/specialnosti/bakalavr/","https://spb.postupi.online/vuz/spb-ugps-mchs-rossii/specialnosti/bakalavr/","2026-07-07T00:34:00.161Z"
"Санкт-Петербургский университет Государственной противопожарной службы Министерства Российской Федерации по делам гражданской обороны, чрезвычайным ситуациям и ликвидации последствий стихийных бедствий имени Героя Российской Федерации генерала армии Е.Н. Зиничева","40.03.01","Юриспруденция","bachelor","","true","25","60","2026","https://spb.postupi.online/vuz/spb-ugps-mchs-rossii/specialnosti/bakalavr/","https://spb.postupi.online/vuz/spb-ugps-mchs-rossii/specialnosti/bakalavr/","2026-07-07T00:34:00.161Z"
"Санкт-Петербургский национальный исследовательский Академический университет имени Ж.И. Алфёрова Российской академии наук (Алферовский университет)","03.03.01","Прикладные математика и физика","bachelor","","true","72","10","2026","https://spb.postupi.online/vuz/spbau-ran-akademicheskij-universitet/specialnosti/bakalavr/","https://spb.postupi.online/vuz/spbau-ran-akademicheskij-universitet/specialnosti/bakalavr/","2026-07-07T00:34:00.161Z"
"Санкт-Петербургский государственный архитектурно-строительный университет","01.03.02","Прикладная математика и информатика","bachelor","","true","16","44","2026","https://spb.postupi.online/vuz/spbgasu/specialnosti/bakalavr/","https://spb.postupi.online/vuz/spbgasu/specialnosti/bakalavr/","2026-07-07T00:34:00.161Z"
"Санкт-Петербургский государственный архитектурно-строительный университет","07.03.01","Архитектура","bachelor","","true","60","60","2026","https://spb.postupi.online/vuz/spbgasu/specialnosti/bakalavr/","https://spb.postupi.online/vuz/spbgasu/specialnosti/bakalavr/","2026-07-07T00:34:00.161Z"
"Санкт-Петербургский государственный архитектурно-строительный университет","07.03.02","Реконструкция и реставрация архитектурного наследия","bachelor","","true","43","77","2026","https://spb.postupi.online/vuz/spbgasu/specialnosti/bakalavr/","https://spb.postupi.online/vuz/spbgasu/specialnosti/bakalavr/","2026-07-07T00:34:00.161Z"
"Санкт-Петербургский государственный архитектурно-строительный университет","07.03.03","Дизайн архитектурной среды","bachelor","","true","30","60","2026","https://spb.postupi.online/vuz/spbgasu/specialnosti/bakalavr/","https://spb.postupi.online/vuz/spbgasu/specialnosti/bakalavr/","2026-07-07T00:34:00.161Z"
"Санкт-Петербургский государственный архитектурно-строительный университет","07.03.04","Градостроительство","bachelor","","true","42","78","2026","https://spb.postupi.online/vuz/spbgasu/specialnosti/bakalavr/","https://spb.postupi.online/vuz/spbgasu/specialnosti/bakalavr/","2026-07-07T00:34:00.161Z"
"Санкт-Петербургский государственный архитектурно-строительный университет","08.03.01","Строительство","bachelor","","true","538","","2026","https://spb.postupi.online/vuz/spbgasu/specialnosti/bakalavr/","https://spb.postupi.online/vuz/spbgasu/specialnosti/bakalavr/","2026-07-07T00:34:00.161Z"
"Санкт-Петербургский государственный архитектурно-строительный университет","09.03.02","Информационные системы и технологии","bachelor","","","","150","2026","https://spb.postupi.online/vuz/spbgasu/specialnosti/bakalavr/","https://spb.postupi.online/vuz/spbgasu/specialnosti/bakalavr/","2026-07-07T00:34:00.161Z"
"Санкт-Петербургский государственный архитектурно-строительный университет","09.03.03","Прикладная информатика","bachelor","","","","60","2026","https://spb.postupi.online/vuz/spbgasu/specialnosti/bakalavr/","https://spb.postupi.online/vuz/spbgasu/specialnosti/bakalavr/","2026-07-07T00:34:00.161Z"
"Санкт-Петербургский государственный архитектурно-строительный университет","13.03.01","Теплоэнергетика и теплотехника","bachelor","","","","60","2026","https://spb.postupi.online/vuz/spbgasu/specialnosti/bakalavr/","https://spb.postupi.online/vuz/spbgasu/specialnosti/bakalavr/","2026-07-07T00:34:00.161Z"
"Санкт-Петербургский государственный архитектурно-строительный университет","13.03.02","Электроэнергетика и электротехника","bachelor","","","","150","2026","https://spb.postupi.online/vuz/spbgasu/specialnosti/bakalavr/","https://spb.postupi.online/vuz/spbgasu/specialnosti/bakalavr/","2026-07-07T00:34:00.161Z"
"Санкт-Петербургский государственный архитектурно-строительный университет","15.03.03","Прикладная механика","bachelor","","","","30","2026","https://spb.postupi.online/vuz/spbgasu/specialnosti/bakalavr/","https://spb.postupi.online/vuz/spbgasu/specialnosti/bakalavr/","2026-07-07T00:34:00.161Z"
"Санкт-Петербургский государственный архитектурно-строительный университет","15.03.06","Мехатроника и робототехника","bachelor","","","","30","2026","https://spb.postupi.online/vuz/spbgasu/specialnosti/bakalavr/","https://spb.postupi.online/vuz/spbgasu/specialnosti/bakalavr/","2026-07-07T00:34:00.161Z"
"Санкт-Петербургский государственный архитектурно-строительный университет","20.03.01","Техносферная безопасность","bachelor","","true","28","60","2026","https://spb.postupi.online/vuz/spbgasu/specialnosti/bakalavr/","https://spb.postupi.online/vuz/spbgasu/specialnosti/bakalavr/","2026-07-07T00:34:00.161Z"
"Санкт-Петербургский государственный архитектурно-строительный университет","20.03.02","Природообустройство и водопользование","bachelor","","true","40","80","2026","https://spb.postupi.online/vuz/spbgasu/specialnosti/bakalavr/","https://spb.postupi.online/vuz/spbgasu/specialnosti/bakalavr/","2026-07-07T00:34:00.161Z"
"Санкт-Петербургский государственный архитектурно-строительный университет","21.03.02","Землеустройство и кадастры","bachelor","","true","19","161","2026","https://spb.postupi.online/vuz/spbgasu/specialnosti/bakalavr/","https://spb.postupi.online/vuz/spbgasu/specialnosti/bakalavr/","2026-07-07T00:34:00.161Z"
"Санкт-Петербургский государственный архитектурно-строительный университет","23.03.01","Технология транспортных процессов","bachelor","","true","75","105","2026","https://spb.postupi.online/vuz/spbgasu/specialnosti/bakalavr/","https://spb.postupi.online/vuz/spbgasu/specialnosti/bakalavr/","2026-07-07T00:34:00.161Z"
"Санкт-Петербургский государственный архитектурно-строительный университет","23.03.03","Эксплуатация транспортно-технологических машин и комплексов","bachelor","","true","65","115","2026","https://spb.postupi.online/vuz/spbgasu/specialnosti/bakalavr/","https://spb.postupi.online/vuz/spbgasu/specialnosti/bakalavr/","2026-07-07T00:34:00.161Z"
"Санкт-Петербургский государственный архитектурно-строительный университет","35.03.10","Ландшафтная архитектура","bachelor","","true","102","78","2026","https://spb.postupi.online/vuz/spbgasu/specialnosti/bakalavr/","https://spb.postupi.online/vuz/spbgasu/specialnosti/bakalavr/","2026-07-07T00:34:00.161Z"
"Санкт-Петербургский государственный архитектурно-строительный университет","38.03.01","Экономика","bachelor","","true","10","155","2026","https://spb.postupi.online/vuz/spbgasu/specialnosti/bakalavr/","https://spb.postupi.online/vuz/spbgasu/specialnosti/bakalavr/","2026-07-07T00:34:00.161Z"
"Санкт-Петербургский государственный архитектурно-строительный университет","38.03.02","Менеджмент","bachelor","","","","125","2026","https://spb.postupi.online/vuz/spbgasu/specialnosti/bakalavr/","https://spb.postupi.online/vuz/spbgasu/specialnosti/bakalavr/","2026-07-07T00:34:00.161Z"
"Санкт-Петербургский государственный аграрный университет","08.03.01","Строительство","bachelor","","true","15","60","2026","https://spb.postupi.online/vuz/spbgau/specialnosti/bakalavr/","https://spb.postupi.online/vuz/spbgau/specialnosti/bakalavr/","2026-07-07T00:34:00.161Z"
"Санкт-Петербургский государственный аграрный университет","09.03.03","Прикладная информатика","bachelor","","","","60","2026","https://spb.postupi.online/vuz/spbgau/specialnosti/bakalavr/","https://spb.postupi.online/vuz/spbgau/specialnosti/bakalavr/","2026-07-07T00:34:00.161Z"
"Санкт-Петербургский государственный аграрный университет","13.03.02","Электроэнергетика и электротехника","bachelor","","true","13","16","2026","https://spb.postupi.online/vuz/spbgau/specialnosti/bakalavr/","https://spb.postupi.online/vuz/spbgau/specialnosti/bakalavr/","2026-07-07T00:34:00.161Z"
"Санкт-Петербургский государственный аграрный университет","20.03.01","Техносферная безопасность","bachelor","","true","25","30","2026","https://spb.postupi.online/vuz/spbgau/specialnosti/bakalavr/","https://spb.postupi.online/vuz/spbgau/specialnosti/bakalavr/","2026-07-07T00:34:00.161Z"
"Санкт-Петербургский государственный аграрный университет","21.03.02","Землеустройство и кадастры","bachelor","","true","42","43","2026","https://spb.postupi.online/vuz/spbgau/specialnosti/bakalavr/","https://spb.postupi.online/vuz/spbgau/specialnosti/bakalavr/","2026-07-07T00:34:00.161Z"
"Санкт-Петербургский государственный аграрный университет","23.03.03","Эксплуатация транспортно-технологических машин и комплексов","bachelor","","true","29","36","2026","https://spb.postupi.online/vuz/spbgau/specialnosti/bakalavr/","https://spb.postupi.online/vuz/spbgau/specialnosti/bakalavr/","2026-07-07T00:34:00.161Z"
"Санкт-Петербургский государственный аграрный университет","35.03.03","Агрохимия и агропочвоведение","bachelor","","true","25","5","2026","https://spb.postupi.online/vuz/spbgau/specialnosti/bakalavr/","https://spb.postupi.online/vuz/spbgau/specialnosti/bakalavr/","2026-07-07T00:34:00.161Z"
"Санкт-Петербургский государственный аграрный университет","35.03.04","Агрономия","bachelor","","true","25","19","2026","https://spb.postupi.online/vuz/spbgau/specialnosti/bakalavr/","https://spb.postupi.online/vuz/spbgau/specialnosti/bakalavr/","2026-07-07T00:34:00.161Z"
"Санкт-Петербургский государственный аграрный университет","35.03.05","Садоводство","bachelor","","true","50","10","2026","https://spb.postupi.online/vuz/spbgau/specialnosti/bakalavr/","https://spb.postupi.online/vuz/spbgau/specialnosti/bakalavr/","2026-07-07T00:34:00.161Z"
"Санкт-Петербургский государственный аграрный университет","35.03.06","Агроинженерия","bachelor","","true","150","30","2026","https://spb.postupi.online/vuz/spbgau/specialnosti/bakalavr/","https://spb.postupi.online/vuz/spbgau/specialnosti/bakalavr/","2026-07-07T00:34:00.161Z"
"Санкт-Петербургский государственный аграрный университет","35.03.07","Технология производства и переработки сельскохозяйственной продукции","bachelor","","true","40","7","2026","https://spb.postupi.online/vuz/spbgau/specialnosti/bakalavr/","https://spb.postupi.online/vuz/spbgau/specialnosti/bakalavr/","2026-07-07T00:34:00.161Z"
"Санкт-Петербургский государственный аграрный университет","35.03.08","Водные биоресурсы и аквакультура","bachelor","","true","40","10","2026","https://spb.postupi.online/vuz/spbgau/specialnosti/bakalavr/","https://spb.postupi.online/vuz/spbgau/specialnosti/bakalavr/","2026-07-07T00:34:00.161Z"
"Санкт-Петербургский государственный аграрный университет","35.03.10","Ландшафтная архитектура","bachelor","","true","30","15","2026","https://spb.postupi.online/vuz/spbgau/specialnosti/bakalavr/","https://spb.postupi.online/vuz/spbgau/specialnosti/bakalavr/","2026-07-07T00:34:00.161Z"
"Санкт-Петербургский государственный аграрный университет","35.03.11","Гидромелиорация","bachelor","","true","15","5","2026","https://spb.postupi.online/vuz/spbgau/specialnosti/bakalavr/","https://spb.postupi.online/vuz/spbgau/specialnosti/bakalavr/","2026-07-07T00:34:00.161Z"
"Санкт-Петербургский государственный аграрный университет","36.03.02","Зоотехния","bachelor","","true","75","10","2026","https://spb.postupi.online/vuz/spbgau/specialnosti/bakalavr/","https://spb.postupi.online/vuz/spbgau/specialnosti/bakalavr/","2026-07-07T00:34:00.161Z"
"Санкт-Петербургский государственный аграрный университет","38.03.01","Экономика","bachelor","","","","45","2026","https://spb.postupi.online/vuz/spbgau/specialnosti/bakalavr/","https://spb.postupi.online/vuz/spbgau/specialnosti/bakalavr/","2026-07-07T00:34:00.161Z"
"Санкт-Петербургский государственный аграрный университет","40.03.01","Юриспруденция","bachelor","","","","130","2026","https://spb.postupi.online/vuz/spbgau/specialnosti/bakalavr/","https://spb.postupi.online/vuz/spbgau/specialnosti/bakalavr/","2026-07-07T00:34:00.161Z"
"Санкт-Петербургский государственный аграрный университет","43.03.01","Сервис","bachelor","","","","25","2026","https://spb.postupi.online/vuz/spbgau/specialnosti/bakalavr/","https://spb.postupi.online/vuz/spbgau/specialnosti/bakalavr/","2026-07-07T00:34:00.161Z"
"Санкт-Петербургский государственный университет ветеринарной медицины","35.03.08","Водные биоресурсы и аквакультура","bachelor","","true","30","50","2026","https://spb.postupi.online/vuz/spbgavm/specialnosti/bakalavr/","https://spb.postupi.online/vuz/spbgavm/specialnosti/bakalavr/","2026-07-07T00:34:00.161Z"
"Санкт-Петербургский государственный университет ветеринарной медицины","36.03.01","Ветеринарно-санитарная экспертиза","bachelor","","true","50","100","2026","https://spb.postupi.online/vuz/spbgavm/specialnosti/bakalavr/","https://spb.postupi.online/vuz/spbgavm/specialnosti/bakalavr/","2026-07-07T00:34:00.161Z"
"Санкт-Петербургский государственный электротехнический университет ЛЭТИ им. В.И. Ульянова (Ленина)","01.03.02","Прикладная математика и информатика","bachelor","","true","100","80","2026","https://spb.postupi.online/vuz/spbgetu-leti/specialnosti/bakalavr/","https://spb.postupi.online/vuz/spbgetu-leti/specialnosti/bakalavr/","2026-07-07T00:34:00.161Z"
"Санкт-Петербургский государственный электротехнический университет ЛЭТИ им. В.И. Ульянова (Ленина)","09.03.01","Информатика и вычислительная техника","bachelor","","true","170","220","2026","https://spb.postupi.online/vuz/spbgetu-leti/specialnosti/bakalavr/","https://spb.postupi.online/vuz/spbgetu-leti/specialnosti/bakalavr/","2026-07-07T00:34:00.161Z"
"Санкт-Петербургский государственный электротехнический университет ЛЭТИ им. В.И. Ульянова (Ленина)","09.03.02","Информационные системы и технологии","bachelor","","true","104","106","2026","https://spb.postupi.online/vuz/spbgetu-leti/specialnosti/bakalavr/","https://spb.postupi.online/vuz/spbgetu-leti/specialnosti/bakalavr/","2026-07-07T00:34:00.161Z"
"Санкт-Петербургский государственный электротехнический университет ЛЭТИ им. В.И. Ульянова (Ленина)","09.03.04","Программная инженерия","bachelor","","true","68","112","2026","https://spb.postupi.online/vuz/spbgetu-leti/specialnosti/bakalavr/","https://spb.postupi.online/vuz/spbgetu-leti/specialnosti/bakalavr/","2026-07-07T00:34:00.161Z"
"Санкт-Петербургский государственный электротехнический университет ЛЭТИ им. В.И. Ульянова (Ленина)","11.03.01","Радиотехника","bachelor","","true","89","23","2026","https://spb.postupi.online/vuz/spbgetu-leti/specialnosti/bakalavr/","https://spb.postupi.online/vuz/spbgetu-leti/specialnosti/bakalavr/","2026-07-07T00:34:00.161Z"
"Санкт-Петербургский государственный электротехнический университет ЛЭТИ им. В.И. Ульянова (Ленина)","11.03.02","Инфокоммуникационные технологии и системы связи","bachelor","","true","72","25","2026","https://spb.postupi.online/vuz/spbgetu-leti/specialnosti/bakalavr/","https://spb.postupi.online/vuz/spbgetu-leti/specialnosti/bakalavr/","2026-07-07T00:34:00.161Z"
"Санкт-Петербургский государственный электротехнический университет ЛЭТИ им. В.И. Ульянова (Ленина)","11.03.03","Конструирование и технология электронных средств","bachelor","","true","49","11","2026","https://spb.postupi.online/vuz/spbgetu-leti/specialnosti/bakalavr/","https://spb.postupi.online/vuz/spbgetu-leti/specialnosti/bakalavr/","2026-07-07T00:34:00.161Z"
"Санкт-Петербургский государственный электротехнический университет ЛЭТИ им. В.И. Ульянова (Ленина)","11.03.04","Электроника и наноэлектроника","bachelor","","true","210","100","2026","https://spb.postupi.online/vuz/spbgetu-leti/specialnosti/bakalavr/","https://spb.postupi.online/vuz/spbgetu-leti/specialnosti/bakalavr/","2026-07-07T00:34:00.161Z"
"Санкт-Петербургский государственный электротехнический университет ЛЭТИ им. В.И. Ульянова (Ленина)","12.03.01","Приборостроение","bachelor","","true","90","50","2026","https://spb.postupi.online/vuz/spbgetu-leti/specialnosti/bakalavr/","https://spb.postupi.online/vuz/spbgetu-leti/specialnosti/bakalavr/","2026-07-07T00:34:00.161Z"
"Санкт-Петербургский государственный электротехнический университет ЛЭТИ им. В.И. Ульянова (Ленина)","12.03.04","Биотехнические системы и технологии","bachelor","","true","76","30","2026","https://spb.postupi.online/vuz/spbgetu-leti/specialnosti/bakalavr/","https://spb.postupi.online/vuz/spbgetu-leti/specialnosti/bakalavr/","2026-07-07T00:34:00.161Z"
"Санкт-Петербургский государственный электротехнический университет ЛЭТИ им. В.И. Ульянова (Ленина)","13.03.02","Электроэнергетика и электротехника","bachelor","","true","90","50","2026","https://spb.postupi.online/vuz/spbgetu-leti/specialnosti/bakalavr/","https://spb.postupi.online/vuz/spbgetu-leti/specialnosti/bakalavr/","2026-07-07T00:34:00.161Z"
"Санкт-Петербургский государственный электротехнический университет ЛЭТИ им. В.И. Ульянова (Ленина)","15.03.06","Мехатроника и робототехника","bachelor","","true","29","50","2026","https://spb.postupi.online/vuz/spbgetu-leti/specialnosti/bakalavr/","https://spb.postupi.online/vuz/spbgetu-leti/specialnosti/bakalavr/","2026-07-07T00:34:00.161Z"
"Санкт-Петербургский государственный электротехнический университет ЛЭТИ им. В.И. Ульянова (Ленина)","20.03.01","Техносферная безопасность","bachelor","","true","27","20","2026","https://spb.postupi.online/vuz/spbgetu-leti/specialnosti/bakalavr/","https://spb.postupi.online/vuz/spbgetu-leti/specialnosti/bakalavr/","2026-07-07T00:34:00.161Z"
"Санкт-Петербургский государственный электротехнический университет ЛЭТИ им. В.И. Ульянова (Ленина)","27.03.02","Управление качеством","bachelor","","true","50","70","2026","https://spb.postupi.online/vuz/spbgetu-leti/specialnosti/bakalavr/","https://spb.postupi.online/vuz/spbgetu-leti/specialnosti/bakalavr/","2026-07-07T00:34:00.161Z"
"Санкт-Петербургский государственный электротехнический университет ЛЭТИ им. В.И. Ульянова (Ленина)","27.03.03","Системный анализ и управление","bachelor","","true","20","40","2026","https://spb.postupi.online/vuz/spbgetu-leti/specialnosti/bakalavr/","https://spb.postupi.online/vuz/spbgetu-leti/specialnosti/bakalavr/","2026-07-07T00:34:00.161Z"
"Санкт-Петербургский государственный электротехнический университет ЛЭТИ им. В.И. Ульянова (Ленина)","27.03.04","Управление в технических системах","bachelor","","true","113","117","2026","https://spb.postupi.online/vuz/spbgetu-leti/specialnosti/bakalavr/","https://spb.postupi.online/vuz/spbgetu-leti/specialnosti/bakalavr/","2026-07-07T00:34:00.161Z"
"Санкт-Петербургский государственный электротехнический университет ЛЭТИ им. В.И. Ульянова (Ленина)","27.03.05","Инноватика","bachelor","","true","14","46","2026","https://spb.postupi.online/vuz/spbgetu-leti/specialnosti/bakalavr/","https://spb.postupi.online/vuz/spbgetu-leti/specialnosti/bakalavr/","2026-07-07T00:34:00.161Z"
"Санкт-Петербургский государственный электротехнический университет ЛЭТИ им. В.И. Ульянова (Ленина)","28.03.01","Нанотехнологии и микросистемная техника","bachelor","","true","70","20","2026","https://spb.postupi.online/vuz/spbgetu-leti/specialnosti/bakalavr/","https://spb.postupi.online/vuz/spbgetu-leti/specialnosti/bakalavr/","2026-07-07T00:34:00.161Z"
"Санкт-Петербургский государственный электротехнический университет ЛЭТИ им. В.И. Ульянова (Ленина)","42.03.01","Реклама и связи с общественностью","bachelor","","","","99","2026","https://spb.postupi.online/vuz/spbgetu-leti/specialnosti/bakalavr/","https://spb.postupi.online/vuz/spbgetu-leti/specialnosti/bakalavr/","2026-07-07T00:34:00.161Z"
"Санкт-Петербургский государственный электротехнический университет ЛЭТИ им. В.И. Ульянова (Ленина)","45.03.02","Лингвистика","bachelor","","true","10","77","2026","https://spb.postupi.online/vuz/spbgetu-leti/specialnosti/bakalavr/","https://spb.postupi.online/vuz/spbgetu-leti/specialnosti/bakalavr/","2026-07-07T00:34:00.161Z"
"Санкт-Петербургский государственный экономический университет","01.03.02","Прикладная математика и информатика","bachelor","","true","56","50","2026","https://spb.postupi.online/vuz/spbgeu/specialnosti/bakalavr/","https://spb.postupi.online/vuz/spbgeu/specialnosti/bakalavr/","2026-07-07T00:34:00.161Z"
"Санкт-Петербургский государственный экономический университет","09.03.02","Информационные системы и технологии","bachelor","","true","5","60","2026","https://spb.postupi.online/vuz/spbgeu/specialnosti/bakalavr/","https://spb.postupi.online/vuz/spbgeu/specialnosti/bakalavr/","2026-07-07T00:34:00.161Z"
"Санкт-Петербургский государственный экономический университет","09.03.03","Прикладная информатика","bachelor","","true","5","110","2026","https://spb.postupi.online/vuz/spbgeu/specialnosti/bakalavr/","https://spb.postupi.online/vuz/spbgeu/specialnosti/bakalavr/","2026-07-07T00:34:00.161Z"
"Санкт-Петербургский государственный экономический университет","10.03.01","Информационная безопасность","bachelor","","","","60","2026","https://spb.postupi.online/vuz/spbgeu/specialnosti/bakalavr/","https://spb.postupi.online/vuz/spbgeu/specialnosti/bakalavr/","2026-07-07T00:34:00.161Z"
"Санкт-Петербургский государственный экономический университет","27.03.02","Управление качеством","bachelor","","","","25","2026","https://spb.postupi.online/vuz/spbgeu/specialnosti/bakalavr/","https://spb.postupi.online/vuz/spbgeu/specialnosti/bakalavr/","2026-07-07T00:34:00.161Z"
"Санкт-Петербургский государственный экономический университет","38.03.01","Экономика","bachelor","","true","45","662","2026","https://spb.postupi.online/vuz/spbgeu/specialnosti/bakalavr/","https://spb.postupi.online/vuz/spbgeu/specialnosti/bakalavr/","2026-07-07T00:34:00.161Z"
"Санкт-Петербургский государственный экономический университет","38.03.02","Менеджмент","bachelor","","true","36","686","2026","https://spb.postupi.online/vuz/spbgeu/specialnosti/bakalavr/","https://spb.postupi.online/vuz/spbgeu/specialnosti/bakalavr/","2026-07-07T00:34:00.161Z"
"Санкт-Петербургский государственный экономический университет","38.03.03","Управление персоналом","bachelor","","true","3","30","2026","https://spb.postupi.online/vuz/spbgeu/specialnosti/bakalavr/","https://spb.postupi.online/vuz/spbgeu/specialnosti/bakalavr/","2026-07-07T00:34:00.161Z"
"Санкт-Петербургский государственный экономический университет","38.03.04","Государственное и муниципальное управление","bachelor","","true","3","32","2026","https://spb.postupi.online/vuz/spbgeu/specialnosti/bakalavr/","https://spb.postupi.online/vuz/spbgeu/specialnosti/bakalavr/","2026-07-07T00:34:00.161Z"
"Санкт-Петербургский государственный экономический университет","38.03.05","Бизнес-информатика","bachelor","","true","3","113","2026","https://spb.postupi.online/vuz/spbgeu/specialnosti/bakalavr/","https://spb.postupi.online/vuz/spbgeu/specialnosti/bakalavr/","2026-07-07T00:34:00.161Z"
"Санкт-Петербургский государственный экономический университет","38.03.06","Торговое дело","bachelor","","true","3","20","2026","https://spb.postupi.online/vuz/spbgeu/specialnosti/bakalavr/","https://spb.postupi.online/vuz/spbgeu/specialnosti/bakalavr/","2026-07-07T00:34:00.161Z"
"Санкт-Петербургский государственный экономический университет","39.03.01","Социология","bachelor","","true","10","28","2026","https://spb.postupi.online/vuz/spbgeu/specialnosti/bakalavr/","https://spb.postupi.online/vuz/spbgeu/specialnosti/bakalavr/","2026-07-07T00:34:00.161Z"
"Санкт-Петербургский государственный экономический университет","40.03.01","Юриспруденция","bachelor","","","","115","2026","https://spb.postupi.online/vuz/spbgeu/specialnosti/bakalavr/","https://spb.postupi.online/vuz/spbgeu/specialnosti/bakalavr/","2026-07-07T00:34:00.161Z"
"Санкт-Петербургский государственный экономический университет","41.03.01","Зарубежное регионоведение","bachelor","","","","67","2026","https://spb.postupi.online/vuz/spbgeu/specialnosti/bakalavr/","https://spb.postupi.online/vuz/spbgeu/specialnosti/bakalavr/","2026-07-07T00:34:00.161Z"
"Санкт-Петербургский государственный экономический университет","41.03.05","Международные отношения","bachelor","","","","115","2026","https://spb.postupi.online/vuz/spbgeu/specialnosti/bakalavr/","https://spb.postupi.online/vuz/spbgeu/specialnosti/bakalavr/","2026-07-07T00:34:00.161Z"
"Санкт-Петербургский государственный экономический университет","42.03.01","Реклама и связи с общественностью","bachelor","","","","63","2026","https://spb.postupi.online/vuz/spbgeu/specialnosti/bakalavr/","https://spb.postupi.online/vuz/spbgeu/specialnosti/bakalavr/","2026-07-07T00:34:00.161Z"
"Санкт-Петербургский государственный экономический университет","43.03.01","Сервис","bachelor","","true","36","45","2026","https://spb.postupi.online/vuz/spbgeu/specialnosti/bakalavr/","https://spb.postupi.online/vuz/spbgeu/specialnosti/bakalavr/","2026-07-07T00:34:00.161Z"
"Санкт-Петербургский государственный экономический университет","43.03.02","Туризм","bachelor","","true","36","36","2026","https://spb.postupi.online/vuz/spbgeu/specialnosti/bakalavr/","https://spb.postupi.online/vuz/spbgeu/specialnosti/bakalavr/","2026-07-07T00:34:00.161Z"
"Санкт-Петербургский государственный экономический университет","43.03.03","Гостиничное дело","bachelor","","true","35","125","2026","https://spb.postupi.online/vuz/spbgeu/specialnosti/bakalavr/","https://spb.postupi.online/vuz/spbgeu/specialnosti/bakalavr/","2026-07-07T00:34:00.161Z"
"Санкт-Петербургский государственный экономический университет","45.03.02","Лингвистика","bachelor","","","","32","2026","https://spb.postupi.online/vuz/spbgeu/specialnosti/bakalavr/","https://spb.postupi.online/vuz/spbgeu/specialnosti/bakalavr/","2026-07-07T00:34:00.161Z"
"Санкт-Петербургский государственный институт культуры","44.03.02","Психолого-педагогическое образование","bachelor","","","","30","2026","https://spb.postupi.online/vuz/spbgik/specialnosti/bakalavr/","https://spb.postupi.online/vuz/spbgik/specialnosti/bakalavr/","2026-07-07T00:34:00.161Z"
"Санкт-Петербургский государственный институт культуры","45.03.02","Лингвистика","bachelor","","","","30","2026","https://spb.postupi.online/vuz/spbgik/specialnosti/bakalavr/","https://spb.postupi.online/vuz/spbgik/specialnosti/bakalavr/","2026-07-07T00:34:00.161Z"
"Санкт-Петербургский государственный институт культуры","50.03.03","История искусств","bachelor","","true","18","26","2026","https://spb.postupi.online/vuz/spbgik/specialnosti/bakalavr/","https://spb.postupi.online/vuz/spbgik/specialnosti/bakalavr/","2026-07-07T00:34:00.161Z"
"Санкт-Петербургский государственный институт культуры","51.03.01","Культурология","bachelor","","true","10","20","2026","https://spb.postupi.online/vuz/spbgik/specialnosti/bakalavr/","https://spb.postupi.online/vuz/spbgik/specialnosti/bakalavr/","2026-07-07T00:34:00.161Z"
"Санкт-Петербургский государственный институт культуры","51.03.02","Народная художественная культура","bachelor","","true","40","51","2026","https://spb.postupi.online/vuz/spbgik/specialnosti/bakalavr/","https://spb.postupi.online/vuz/spbgik/specialnosti/bakalavr/","2026-07-07T00:34:00.161Z"
"Санкт-Петербургский государственный институт культуры","51.03.03","Социально-культурная деятельность","bachelor","","true","55","60","2026","https://spb.postupi.online/vuz/spbgik/specialnosti/bakalavr/","https://spb.postupi.online/vuz/spbgik/specialnosti/bakalavr/","2026-07-07T00:34:00.161Z"
"Санкт-Петербургский государственный институт культуры","51.03.04","Музеология и охрана объектов культурного и природного наследия","bachelor","","true","30","10","2026","https://spb.postupi.online/vuz/spbgik/specialnosti/bakalavr/","https://spb.postupi.online/vuz/spbgik/specialnosti/bakalavr/","2026-07-07T00:34:00.161Z"
"Санкт-Петербургский государственный институт культуры","51.03.05","Режиссура театрализованных представлений и праздников","bachelor","","true","35","40","2026","https://spb.postupi.online/vuz/spbgik/specialnosti/bakalavr/","https://spb.postupi.online/vuz/spbgik/specialnosti/bakalavr/","2026-07-07T00:34:00.161Z"
"Санкт-Петербургский государственный институт культуры","51.03.06","Библиотечно-информационная деятельность","bachelor","","true","114","17","2026","https://spb.postupi.online/vuz/spbgik/specialnosti/bakalavr/","https://spb.postupi.online/vuz/spbgik/specialnosti/bakalavr/","2026-07-07T00:34:00.161Z"
"Санкт-Петербургский государственный институт культуры","53.03.01","Музыкальное искусство эстрады","bachelor","","true","24","68","2026","https://spb.postupi.online/vuz/spbgik/specialnosti/bakalavr/","https://spb.postupi.online/vuz/spbgik/specialnosti/bakalavr/","2026-07-07T00:34:00.161Z"
"Санкт-Петербургский государственный институт культуры","53.03.02","Музыкально-инструментальное искусство","bachelor","","true","16","35","2026","https://spb.postupi.online/vuz/spbgik/specialnosti/bakalavr/","https://spb.postupi.online/vuz/spbgik/specialnosti/bakalavr/","2026-07-07T00:34:00.161Z"
"Санкт-Петербургский государственный институт культуры","53.03.04","Искусство народного пения","bachelor","","true","14","9","2026","https://spb.postupi.online/vuz/spbgik/specialnosti/bakalavr/","https://spb.postupi.online/vuz/spbgik/specialnosti/bakalavr/","2026-07-07T00:34:00.161Z"
"Санкт-Петербургский государственный институт культуры","53.03.05","Дирижирование","bachelor","","true","18","7","2026","https://spb.postupi.online/vuz/spbgik/specialnosti/bakalavr/","https://spb.postupi.online/vuz/spbgik/specialnosti/bakalavr/","2026-07-07T00:34:00.161Z"
"Санкт-Петербургский государственный институт культуры","53.03.06","Музыкознание и музыкально-прикладное искусство","bachelor","","true","18","27","2026","https://spb.postupi.online/vuz/spbgik/specialnosti/bakalavr/","https://spb.postupi.online/vuz/spbgik/specialnosti/bakalavr/","2026-07-07T00:34:00.161Z"
"Санкт-Петербургский государственный институт культуры","54.03.01","Дизайн","bachelor","","true","25","33","2026","https://spb.postupi.online/vuz/spbgik/specialnosti/bakalavr/","https://spb.postupi.online/vuz/spbgik/specialnosti/bakalavr/","2026-07-07T00:34:00.161Z"
"Санкт-Петербургский государственный институт культуры","54.03.04","Реставрация","bachelor","","true","12","5","2026","https://spb.postupi.online/vuz/spbgik/specialnosti/bakalavr/","https://spb.postupi.online/vuz/spbgik/specialnosti/bakalavr/","2026-07-07T00:34:00.161Z"
"Санкт-Петербургский государственный институт кино и телевидения","09.03.02","Информационные системы и технологии","bachelor","","","","16","2026","https://spb.postupi.online/vuz/spbgikit/specialnosti/bakalavr/","https://spb.postupi.online/vuz/spbgikit/specialnosti/bakalavr/","2026-07-07T00:34:00.161Z"
"Санкт-Петербургский государственный институт кино и телевидения","11.03.01","Радиотехника","bachelor","","true","18","7","2026","https://spb.postupi.online/vuz/spbgikit/specialnosti/bakalavr/","https://spb.postupi.online/vuz/spbgikit/specialnosti/bakalavr/","2026-07-07T00:34:00.161Z"
"Санкт-Петербургский государственный институт кино и телевидения","42.03.01","Реклама и связи с общественностью","bachelor","","true","7","37","2026","https://spb.postupi.online/vuz/spbgikit/specialnosti/bakalavr/","https://spb.postupi.online/vuz/spbgikit/specialnosti/bakalavr/","2026-07-07T00:34:00.161Z"
"Санкт-Петербургский государственный институт кино и телевидения","42.03.02","Журналистика","bachelor","","true","14","21","2026","https://spb.postupi.online/vuz/spbgikit/specialnosti/bakalavr/","https://spb.postupi.online/vuz/spbgikit/specialnosti/bakalavr/","2026-07-07T00:34:00.161Z"
"Санкт-Петербургский государственный институт кино и телевидения","42.03.04","Телевидение","bachelor","","true","9","36","2026","https://spb.postupi.online/vuz/spbgikit/specialnosti/bakalavr/","https://spb.postupi.online/vuz/spbgikit/specialnosti/bakalavr/","2026-07-07T00:34:00.161Z"
"Санкт-Петербургский государственный институт кино и телевидения","50.03.01","Искусства и гуманитарные науки","bachelor","","","","47","2026","https://spb.postupi.online/vuz/spbgikit/specialnosti/bakalavr/","https://spb.postupi.online/vuz/spbgikit/specialnosti/bakalavr/","2026-07-07T00:34:00.161Z"
"Санкт-Петербургский государственный институт кино и телевидения","51.03.02","Народная художественная культура","bachelor","","true","5","15","2026","https://spb.postupi.online/vuz/spbgikit/specialnosti/bakalavr/","https://spb.postupi.online/vuz/spbgikit/specialnosti/bakalavr/","2026-07-07T00:34:00.161Z"
"Санкт-Петербургский государственный институт кино и телевидения","52.03.06","Драматургия","bachelor","","true","13","23","2026","https://spb.postupi.online/vuz/spbgikit/specialnosti/bakalavr/","https://spb.postupi.online/vuz/spbgikit/specialnosti/bakalavr/","2026-07-07T00:34:00.161Z"
"Санкт-Петербургский государственный институт кино и телевидения","54.03.01","Дизайн","bachelor","","true","14","16","2026","https://spb.postupi.online/vuz/spbgikit/specialnosti/bakalavr/","https://spb.postupi.online/vuz/spbgikit/specialnosti/bakalavr/","2026-07-07T00:34:00.161Z"
"Санкт-Петербургский государственный институт кино и телевидения","54.03.04","Реставрация","bachelor","","true","7","3","2026","https://spb.postupi.online/vuz/spbgikit/specialnosti/bakalavr/","https://spb.postupi.online/vuz/spbgikit/specialnosti/bakalavr/","2026-07-07T00:34:00.161Z"
"Санкт-Петербургский государственный институт психологии и социальной работы","37.03.01","Психология","bachelor","","true","25","79","2026","https://spb.postupi.online/vuz/spbgipsr/specialnosti/bakalavr/","https://spb.postupi.online/vuz/spbgipsr/specialnosti/bakalavr/","2026-07-07T00:34:00.161Z"
"Санкт-Петербургский государственный институт психологии и социальной работы","37.03.02","Конфликтология","bachelor","","","","25","2026","https://spb.postupi.online/vuz/spbgipsr/specialnosti/bakalavr/","https://spb.postupi.online/vuz/spbgipsr/specialnosti/bakalavr/","2026-07-07T00:34:00.161Z"
"Санкт-Петербургский государственный институт психологии и социальной работы","39.03.02","Социальная работа","bachelor","","true","25","35","2026","https://spb.postupi.online/vuz/spbgipsr/specialnosti/bakalavr/","https://spb.postupi.online/vuz/spbgipsr/specialnosti/bakalavr/","2026-07-07T00:34:00.161Z"
"Санкт-Петербургский государственный институт психологии и социальной работы","39.03.03","Организация работы с молодежью","bachelor","","true","25","5","2026","https://spb.postupi.online/vuz/spbgipsr/specialnosti/bakalavr/","https://spb.postupi.online/vuz/spbgipsr/specialnosti/bakalavr/","2026-07-07T00:34:00.161Z"
"Санкт-Петербургский государственный институт психологии и социальной работы","44.03.03","Специальное (дефектологическое) образование","bachelor","","true","25","45","2026","https://spb.postupi.online/vuz/spbgipsr/specialnosti/bakalavr/","https://spb.postupi.online/vuz/spbgipsr/specialnosti/bakalavr/","2026-07-07T00:34:00.161Z"
"Санкт-Петербургская государственная консерватория им. Н.А. Римского-Корсакова","52.03.01","Хореографическое искусство","bachelor","","true","12","22","2026","https://spb.postupi.online/vuz/spbgk-im-n-a-rimskogo-korsakova/specialnosti/bakalavr/","https://spb.postupi.online/vuz/spbgk-im-n-a-rimskogo-korsakova/specialnosti/bakalavr/","2026-07-07T00:34:00.161Z"
"Санкт-Петербургская государственная консерватория им. Н.А. Римского-Корсакова","53.03.01","Музыкальное искусство эстрады","bachelor","","","","22","2026","https://spb.postupi.online/vuz/spbgk-im-n-a-rimskogo-korsakova/specialnosti/bakalavr/","https://spb.postupi.online/vuz/spbgk-im-n-a-rimskogo-korsakova/specialnosti/bakalavr/","2026-07-07T00:34:00.161Z"
"Санкт-Петербургская государственная консерватория им. Н.А. Римского-Корсакова","53.03.03","Вокальное искусство","bachelor","","true","16","4","2026","https://spb.postupi.online/vuz/spbgk-im-n-a-rimskogo-korsakova/specialnosti/bakalavr/","https://spb.postupi.online/vuz/spbgk-im-n-a-rimskogo-korsakova/specialnosti/bakalavr/","2026-07-07T00:34:00.161Z"
"Санкт-Петербургская государственная консерватория им. Н.А. Римского-Корсакова","53.03.06","Музыкознание и музыкально-прикладное искусство","bachelor","","true","15","1","2026","https://spb.postupi.online/vuz/spbgk-im-n-a-rimskogo-korsakova/specialnosti/bakalavr/","https://spb.postupi.online/vuz/spbgk-im-n-a-rimskogo-korsakova/specialnosti/bakalavr/","2026-07-07T00:34:00.161Z"
"Санкт-Петербургский государственный лесотехнический университет имени С.М. Кирова","08.03.01","Строительство","bachelor","","","","230","2026","https://spb.postupi.online/vuz/spbgltu-im-kirova/specialnosti/bakalavr/","https://spb.postupi.online/vuz/spbgltu-im-kirova/specialnosti/bakalavr/","2026-07-07T00:34:00.161Z"
"Санкт-Петербургский государственный лесотехнический университет имени С.М. Кирова","09.03.02","Информационные системы и технологии","bachelor","","true","38","92","2026","https://spb.postupi.online/vuz/spbgltu-im-kirova/specialnosti/bakalavr/","https://spb.postupi.online/vuz/spbgltu-im-kirova/specialnosti/bakalavr/","2026-07-07T00:34:00.161Z"
"Санкт-Петербургский государственный лесотехнический университет имени С.М. Кирова","13.03.01","Теплоэнергетика и теплотехника","bachelor","","true","51","25","2026","https://spb.postupi.online/vuz/spbgltu-im-kirova/specialnosti/bakalavr/","https://spb.postupi.online/vuz/spbgltu-im-kirova/specialnosti/bakalavr/","2026-07-07T00:34:00.161Z"
"Санкт-Петербургский государственный лесотехнический университет имени С.М. Кирова","15.03.02","Технологические машины и оборудование","bachelor","","true","67","20","2026","https://spb.postupi.online/vuz/spbgltu-im-kirova/specialnosti/bakalavr/","https://spb.postupi.online/vuz/spbgltu-im-kirova/specialnosti/bakalavr/","2026-07-07T00:34:00.161Z"
"Санкт-Петербургский государственный лесотехнический университет имени С.М. Кирова","18.03.01","Химическая технология","bachelor","","true","7","45","2026","https://spb.postupi.online/vuz/spbgltu-im-kirova/specialnosti/bakalavr/","https://spb.postupi.online/vuz/spbgltu-im-kirova/specialnosti/bakalavr/","2026-07-07T00:34:00.161Z"
"Санкт-Петербургский государственный лесотехнический университет имени С.М. Кирова","18.03.02","Энерго- и ресурсосберегающие процессы в химической технологии, нефтехимии и биотехнологии","bachelor","","","","50","2026","https://spb.postupi.online/vuz/spbgltu-im-kirova/specialnosti/bakalavr/","https://spb.postupi.online/vuz/spbgltu-im-kirova/specialnosti/bakalavr/","2026-07-07T00:34:00.161Z"
"Санкт-Петербургский государственный лесотехнический университет имени С.М. Кирова","20.03.01","Техносферная безопасность","bachelor","","true","40","45","2026","https://spb.postupi.online/vuz/spbgltu-im-kirova/specialnosti/bakalavr/","https://spb.postupi.online/vuz/spbgltu-im-kirova/specialnosti/bakalavr/","2026-07-07T00:34:00.161Z"
"Санкт-Петербургский государственный лесотехнический университет имени С.М. Кирова","21.03.02","Землеустройство и кадастры","bachelor","","true","36","63","2026","https://spb.postupi.online/vuz/spbgltu-im-kirova/specialnosti/bakalavr/","https://spb.postupi.online/vuz/spbgltu-im-kirova/specialnosti/bakalavr/","2026-07-07T00:34:00.161Z"
"Санкт-Петербургский государственный лесотехнический университет имени С.М. Кирова","23.03.01","Технология транспортных процессов","bachelor","","","","185","2026","https://spb.postupi.online/vuz/spbgltu-im-kirova/specialnosti/bakalavr/","https://spb.postupi.online/vuz/spbgltu-im-kirova/specialnosti/bakalavr/","2026-07-07T00:34:00.161Z"
"Санкт-Петербургский государственный лесотехнический университет имени С.М. Кирова","23.03.03","Эксплуатация транспортно-технологических машин и комплексов","bachelor","","true","7","48","2026","https://spb.postupi.online/vuz/spbgltu-im-kirova/specialnosti/bakalavr/","https://spb.postupi.online/vuz/spbgltu-im-kirova/specialnosti/bakalavr/","2026-07-07T00:34:00.161Z"
"Санкт-Петербургский государственный лесотехнический университет имени С.М. Кирова","27.03.01","Стандартизация и метрология","bachelor","","true","24","30","2026","https://spb.postupi.online/vuz/spbgltu-im-kirova/specialnosti/bakalavr/","https://spb.postupi.online/vuz/spbgltu-im-kirova/specialnosti/bakalavr/","2026-07-07T00:34:00.161Z"
"Санкт-Петербургский государственный лесотехнический университет имени С.М. Кирова","27.03.04","Управление в технических системах","bachelor","","true","12","45","2026","https://spb.postupi.online/vuz/spbgltu-im-kirova/specialnosti/bakalavr/","https://spb.postupi.online/vuz/spbgltu-im-kirova/specialnosti/bakalavr/","2026-07-07T00:34:00.161Z"
"Санкт-Петербургский государственный лесотехнический университет имени С.М. Кирова","35.03.01","Лесное дело","bachelor","","true","195","130","2026","https://spb.postupi.online/vuz/spbgltu-im-kirova/specialnosti/bakalavr/","https://spb.postupi.online/vuz/spbgltu-im-kirova/specialnosti/bakalavr/","2026-07-07T00:34:00.161Z"
"Санкт-Петербургский государственный лесотехнический университет имени С.М. Кирова","35.03.02","Технология лесозаготовительных и деревоперерабатывающих производств","bachelor","","true","312","210","2026","https://spb.postupi.online/vuz/spbgltu-im-kirova/specialnosti/bakalavr/","https://spb.postupi.online/vuz/spbgltu-im-kirova/specialnosti/bakalavr/","2026-07-07T00:34:00.161Z"
"Санкт-Петербургский государственный лесотехнический университет имени С.М. Кирова","35.03.10","Ландшафтная архитектура","bachelor","","true","205","100","2026","https://spb.postupi.online/vuz/spbgltu-im-kirova/specialnosti/bakalavr/","https://spb.postupi.online/vuz/spbgltu-im-kirova/specialnosti/bakalavr/","2026-07-07T00:34:00.161Z"
"Санкт-Петербургский государственный лесотехнический университет имени С.М. Кирова","38.03.02","Менеджмент","bachelor","","","","60","2026","https://spb.postupi.online/vuz/spbgltu-im-kirova/specialnosti/bakalavr/","https://spb.postupi.online/vuz/spbgltu-im-kirova/specialnosti/bakalavr/","2026-07-07T00:34:00.161Z"
"Санкт-Петербургский государственный лесотехнический университет имени С.М. Кирова","54.03.01","Дизайн","bachelor","","","","15","2026","https://spb.postupi.online/vuz/spbgltu-im-kirova/specialnosti/bakalavr/","https://spb.postupi.online/vuz/spbgltu-im-kirova/specialnosti/bakalavr/","2026-07-07T00:34:00.161Z"
"Санкт-Петербургский государственный морской технический университет","09.03.01","Информатика и вычислительная техника","bachelor","","true","174","60","2026","https://spb.postupi.online/vuz/spbgmtu/specialnosti/bakalavr/","https://spb.postupi.online/vuz/spbgmtu/specialnosti/bakalavr/","2026-07-07T00:34:00.161Z"
"Санкт-Петербургский государственный морской технический университет","10.03.01","Информационная безопасность","bachelor","","true","20","10","2026","https://spb.postupi.online/vuz/spbgmtu/specialnosti/bakalavr/","https://spb.postupi.online/vuz/spbgmtu/specialnosti/bakalavr/","2026-07-07T00:34:00.161Z"
"Санкт-Петербургский государственный морской технический университет","13.03.03","Энергетическое машиностроение","bachelor","","true","99","50","2026","https://spb.postupi.online/vuz/spbgmtu/specialnosti/bakalavr/","https://spb.postupi.online/vuz/spbgmtu/specialnosti/bakalavr/","2026-07-07T00:34:00.161Z"
"Санкт-Петербургский государственный морской технический университет","15.03.01","Машиностроение","bachelor","","true","63","26","2026","https://spb.postupi.online/vuz/spbgmtu/specialnosti/bakalavr/","https://spb.postupi.online/vuz/spbgmtu/specialnosti/bakalavr/","2026-07-07T00:34:00.161Z"
"Санкт-Петербургский государственный морской технический университет","15.03.03","Прикладная механика","bachelor","","true","22","3","2026","https://spb.postupi.online/vuz/spbgmtu/specialnosti/bakalavr/","https://spb.postupi.online/vuz/spbgmtu/specialnosti/bakalavr/","2026-07-07T00:34:00.161Z"
"Санкт-Петербургский государственный морской технический университет","15.03.05","Конструкторско-технологическое обеспечение машиностроительных производств","bachelor","","true","22","5","2026","https://spb.postupi.online/vuz/spbgmtu/specialnosti/bakalavr/","https://spb.postupi.online/vuz/spbgmtu/specialnosti/bakalavr/","2026-07-07T00:34:00.161Z"
"Санкт-Петербургский государственный морской технический университет","15.03.06","Мехатроника и робототехника","bachelor","","true","42","13","2026","https://spb.postupi.online/vuz/spbgmtu/specialnosti/bakalavr/","https://spb.postupi.online/vuz/spbgmtu/specialnosti/bakalavr/","2026-07-07T00:34:00.161Z"
"Санкт-Петербургский государственный морской технический университет","17.03.01","Корабельное вооружение","bachelor","","true","76","12","2026","https://spb.postupi.online/vuz/spbgmtu/specialnosti/bakalavr/","https://spb.postupi.online/vuz/spbgmtu/specialnosti/bakalavr/","2026-07-07T00:34:00.161Z"
"Санкт-Петербургский государственный морской технический университет","22.03.01","Материаловедение и технологии материалов","bachelor","","true","55","13","2026","https://spb.postupi.online/vuz/spbgmtu/specialnosti/bakalavr/","https://spb.postupi.online/vuz/spbgmtu/specialnosti/bakalavr/","2026-07-07T00:34:00.161Z"
"Санкт-Петербургский государственный морской технический университет","26.03.02","Кораблестроение, океанотехника и системотехника объектов морской инфраструктуры","bachelor","","true","251","120","2026","https://spb.postupi.online/vuz/spbgmtu/specialnosti/bakalavr/","https://spb.postupi.online/vuz/spbgmtu/specialnosti/bakalavr/","2026-07-07T00:34:00.161Z"
"Санкт-Петербургский государственный морской технический университет","27.03.04","Управление в технических системах","bachelor","","true","69","3","2026","https://spb.postupi.online/vuz/spbgmtu/specialnosti/bakalavr/","https://spb.postupi.online/vuz/spbgmtu/specialnosti/bakalavr/","2026-07-07T00:34:00.161Z"
"Санкт-Петербургский государственный морской технический университет","29.03.04","Технология художественной обработки материалов","bachelor","","","","29","2026","https://spb.postupi.online/vuz/spbgmtu/specialnosti/bakalavr/","https://spb.postupi.online/vuz/spbgmtu/specialnosti/bakalavr/","2026-07-07T00:34:00.161Z"
"Санкт-Петербургский государственный морской технический университет","38.03.01","Экономика","bachelor","","true","75","90","2026","https://spb.postupi.online/vuz/spbgmtu/specialnosti/bakalavr/","https://spb.postupi.online/vuz/spbgmtu/specialnosti/bakalavr/","2026-07-07T00:34:00.161Z"
"Санкт-Петербургский государственный морской технический университет","38.03.02","Менеджмент","bachelor","","true","30","26","2026","https://spb.postupi.online/vuz/spbgmtu/specialnosti/bakalavr/","https://spb.postupi.online/vuz/spbgmtu/specialnosti/bakalavr/","2026-07-07T00:34:00.161Z"
"Санкт-Петербургский государственный морской технический университет","38.03.05","Бизнес-информатика","bachelor","","true","15","32","2026","https://spb.postupi.online/vuz/spbgmtu/specialnosti/bakalavr/","https://spb.postupi.online/vuz/spbgmtu/specialnosti/bakalavr/","2026-07-07T00:34:00.161Z"
"Санкт-Петербургский государственный морской технический университет","39.03.01","Социология","bachelor","","true","59","13","2026","https://spb.postupi.online/vuz/spbgmtu/specialnosti/bakalavr/","https://spb.postupi.online/vuz/spbgmtu/specialnosti/bakalavr/","2026-07-07T00:34:00.161Z"
"Санкт-Петербургский государственный морской технический университет","40.03.01","Юриспруденция","bachelor","","","","99","2026","https://spb.postupi.online/vuz/spbgmtu/specialnosti/bakalavr/","https://spb.postupi.online/vuz/spbgmtu/specialnosti/bakalavr/","2026-07-07T00:34:00.161Z"
"Санкт-Петербургский государственный педиатрический медицинский университет","34.03.01","Сестринское дело","bachelor","","true","18","20","2026","https://spb.postupi.online/vuz/spbgpmu/specialnosti/bakalavr/","https://spb.postupi.online/vuz/spbgpmu/specialnosti/bakalavr/","2026-07-07T00:34:00.161Z"
"Санкт-Петербургский государственный педиатрический медицинский университет","44.03.03","Специальное (дефектологическое) образование","bachelor","","true","46","20","2026","https://spb.postupi.online/vuz/spbgpmu/specialnosti/bakalavr/","https://spb.postupi.online/vuz/spbgpmu/specialnosti/bakalavr/","2026-07-07T00:34:00.161Z"
"Санкт-Петербургский государственный технологический институт (технический университет)","08.03.01","Строительство","bachelor","","true","57","87","2026","https://spb.postupi.online/vuz/spbgti-tu/specialnosti/bakalavr/","https://spb.postupi.online/vuz/spbgti-tu/specialnosti/bakalavr/","2026-07-07T00:34:00.161Z"
"Санкт-Петербургский государственный технологический институт (технический университет)","09.03.01","Информатика и вычислительная техника","bachelor","","true","95","94","2026","https://spb.postupi.online/vuz/spbgti-tu/specialnosti/bakalavr/","https://spb.postupi.online/vuz/spbgti-tu/specialnosti/bakalavr/","2026-07-07T00:34:00.161Z"
"Санкт-Петербургский государственный технологический институт (технический университет)","09.03.02","Информационные системы и технологии","bachelor","","true","93","6","2026","https://spb.postupi.online/vuz/spbgti-tu/specialnosti/bakalavr/","https://spb.postupi.online/vuz/spbgti-tu/specialnosti/bakalavr/","2026-07-07T00:34:00.161Z"
"Санкт-Петербургский государственный технологический институт (технический университет)","09.03.03","Прикладная информатика","bachelor","","true","32","330","2026","https://spb.postupi.online/vuz/spbgti-tu/specialnosti/bakalavr/","https://spb.postupi.online/vuz/spbgti-tu/specialnosti/bakalavr/","2026-07-07T00:34:00.161Z"
"Санкт-Петербургский государственный технологический институт (технический университет)","12.03.01","Приборостроение","bachelor","","","","5","2026","https://spb.postupi.online/vuz/spbgti-tu/specialnosti/bakalavr/","https://spb.postupi.online/vuz/spbgti-tu/specialnosti/bakalavr/","2026-07-07T00:34:00.161Z"
"Санкт-Петербургский государственный технологический институт (технический университет)","15.03.02","Технологические машины и оборудование","bachelor","","true","58","60","2026","https://spb.postupi.online/vuz/spbgti-tu/specialnosti/bakalavr/","https://spb.postupi.online/vuz/spbgti-tu/specialnosti/bakalavr/","2026-07-07T00:34:00.161Z"
"Санкт-Петербургский государственный технологический институт (технический университет)","15.03.03","Прикладная механика","bachelor","","true","24","5","2026","https://spb.postupi.online/vuz/spbgti-tu/specialnosti/bakalavr/","https://spb.postupi.online/vuz/spbgti-tu/specialnosti/bakalavr/","2026-07-07T00:34:00.161Z"
"Санкт-Петербургский государственный технологический институт (технический университет)","15.03.04","Автоматизация технологических процессов и производств","bachelor","","true","36","30","2026","https://spb.postupi.online/vuz/spbgti-tu/specialnosti/bakalavr/","https://spb.postupi.online/vuz/spbgti-tu/specialnosti/bakalavr/","2026-07-07T00:34:00.161Z"
"Санкт-Петербургский государственный технологический институт (технический университет)","16.03.01","Техническая физика","bachelor","","","","5","2026","https://spb.postupi.online/vuz/spbgti-tu/specialnosti/bakalavr/","https://spb.postupi.online/vuz/spbgti-tu/specialnosti/bakalavr/","2026-07-07T00:34:00.161Z"
"Санкт-Петербургский государственный технологический институт (технический университет)","18.03.01","Химическая технология","bachelor","","true","243","136","2026","https://spb.postupi.online/vuz/spbgti-tu/specialnosti/bakalavr/","https://spb.postupi.online/vuz/spbgti-tu/specialnosti/bakalavr/","2026-07-07T00:34:00.161Z"
"Санкт-Петербургский государственный технологический институт (технический университет)","18.03.02","Энерго- и ресурсосберегающие процессы в химической технологии, нефтехимии и биотехнологии","bachelor","","true","46","24","2026","https://spb.postupi.online/vuz/spbgti-tu/specialnosti/bakalavr/","https://spb.postupi.online/vuz/spbgti-tu/specialnosti/bakalavr/","2026-07-07T00:34:00.161Z"
"Санкт-Петербургский государственный технологический институт (технический университет)","19.03.01","Биотехнология","bachelor","","true","60","220","2026","https://spb.postupi.online/vuz/spbgti-tu/specialnosti/bakalavr/","https://spb.postupi.online/vuz/spbgti-tu/specialnosti/bakalavr/","2026-07-07T00:34:00.161Z"
"Санкт-Петербургский государственный технологический институт (технический университет)","19.03.02","Продукты питания из растительного сырья","bachelor","","true","25","45","2026","https://spb.postupi.online/vuz/spbgti-tu/specialnosti/bakalavr/","https://spb.postupi.online/vuz/spbgti-tu/specialnosti/bakalavr/","2026-07-07T00:34:00.161Z"
"Санкт-Петербургский государственный технологический институт (технический университет)","20.03.01","Техносферная безопасность","bachelor","","true","36","74","2026","https://spb.postupi.online/vuz/spbgti-tu/specialnosti/bakalavr/","https://spb.postupi.online/vuz/spbgti-tu/specialnosti/bakalavr/","2026-07-07T00:34:00.161Z"
"Санкт-Петербургский государственный технологический институт (технический университет)","22.03.01","Материаловедение и технологии материалов","bachelor","","true","18","12","2026","https://spb.postupi.online/vuz/spbgti-tu/specialnosti/bakalavr/","https://spb.postupi.online/vuz/spbgti-tu/specialnosti/bakalavr/","2026-07-07T00:34:00.161Z"
"Санкт-Петербургский государственный технологический институт (технический университет)","27.03.03","Системный анализ и управление","bachelor","","true","70","21","2026","https://spb.postupi.online/vuz/spbgti-tu/specialnosti/bakalavr/","https://spb.postupi.online/vuz/spbgti-tu/specialnosti/bakalavr/","2026-07-07T00:34:00.161Z"
"Санкт-Петербургский государственный технологический институт (технический университет)","27.03.04","Управление в технических системах","bachelor","","true","20","1","2026","https://spb.postupi.online/vuz/spbgti-tu/specialnosti/bakalavr/","https://spb.postupi.online/vuz/spbgti-tu/specialnosti/bakalavr/","2026-07-07T00:34:00.161Z"
"Санкт-Петербургский государственный технологический институт (технический университет)","28.03.03","Наноматериалы","bachelor","","true","30","6","2026","https://spb.postupi.online/vuz/spbgti-tu/specialnosti/bakalavr/","https://spb.postupi.online/vuz/spbgti-tu/specialnosti/bakalavr/","2026-07-07T00:34:00.161Z"
"Санкт-Петербургский государственный университет гражданской авиации имени Главного маршала авиации А.А. Новикова","01.03.04","Прикладная математика","bachelor","","","","25","2026","https://spb.postupi.online/vuz/spbgu-ga/specialnosti/bakalavr/","https://spb.postupi.online/vuz/spbgu-ga/specialnosti/bakalavr/","2026-07-07T00:34:00.161Z"
"Санкт-Петербургский государственный университет гражданской авиации имени Главного маршала авиации А.А. Новикова","23.03.01","Технология транспортных процессов","bachelor","","true","197","51","2026","https://spb.postupi.online/vuz/spbgu-ga/specialnosti/bakalavr/","https://spb.postupi.online/vuz/spbgu-ga/specialnosti/bakalavr/","2026-07-07T00:34:00.161Z"
"Санкт-Петербургский государственный университет гражданской авиации имени Главного маршала авиации А.А. Новикова","25.03.01","Техническая эксплуатация летательных аппаратов и двигателей","bachelor","","true","37","23","2026","https://spb.postupi.online/vuz/spbgu-ga/specialnosti/bakalavr/","https://spb.postupi.online/vuz/spbgu-ga/specialnosti/bakalavr/","2026-07-07T00:34:00.161Z"
"Санкт-Петербургский государственный университет гражданской авиации имени Главного маршала авиации А.А. Новикова","25.03.03","Аэронавигация","bachelor","","true","54","41","2026","https://spb.postupi.online/vuz/spbgu-ga/specialnosti/bakalavr/","https://spb.postupi.online/vuz/spbgu-ga/specialnosti/bakalavr/","2026-07-07T00:34:00.161Z"
"Санкт-Петербургский государственный университет гражданской авиации имени Главного маршала авиации А.А. Новикова","25.03.04","Эксплуатация аэропортов и обеспечение полетов воздушных судов","bachelor","","true","55","25","2026","https://spb.postupi.online/vuz/spbgu-ga/specialnosti/bakalavr/","https://spb.postupi.online/vuz/spbgu-ga/specialnosti/bakalavr/","2026-07-07T00:34:00.161Z"
"Санкт-Петербургский государственный университет гражданской авиации имени Главного маршала авиации А.А. Новикова","38.03.03","Управление персоналом","bachelor","","","","25","2026","https://spb.postupi.online/vuz/spbgu-ga/specialnosti/bakalavr/","https://spb.postupi.online/vuz/spbgu-ga/specialnosti/bakalavr/","2026-07-07T00:34:00.161Z"
"Санкт-Петербургский государственный университет гражданской авиации имени Главного маршала авиации А.А. Новикова","40.03.01","Юриспруденция","bachelor","","","","30","2026","https://spb.postupi.online/vuz/spbgu-ga/specialnosti/bakalavr/","https://spb.postupi.online/vuz/spbgu-ga/specialnosti/bakalavr/","2026-07-07T00:34:00.161Z"
"Санкт-Петербургский государственный университет гражданской авиации имени Главного маршала авиации А.А. Новикова","42.03.01","Реклама и связи с общественностью","bachelor","","","","30","2026","https://spb.postupi.online/vuz/spbgu-ga/specialnosti/bakalavr/","https://spb.postupi.online/vuz/spbgu-ga/specialnosti/bakalavr/","2026-07-07T00:34:00.161Z"
"Санкт-Петербургский государственный университет гражданской авиации имени Главного маршала авиации А.А. Новикова","43.03.01","Сервис","bachelor","","true","14","50","2026","https://spb.postupi.online/vuz/spbgu-ga/specialnosti/bakalavr/","https://spb.postupi.online/vuz/spbgu-ga/specialnosti/bakalavr/","2026-07-07T00:34:00.161Z"
"СПбГУ - Санкт-Петербургский государственный университет","01.03.01","Математика","bachelor","","true","55","9","2026","https://spb.postupi.online/vuz/spbgu/specialnosti/bakalavr/","https://spb.postupi.online/vuz/spbgu/specialnosti/bakalavr/","2026-07-07T00:34:00.161Z"
"СПбГУ - Санкт-Петербургский государственный университет","01.03.02","Прикладная математика и информатика","bachelor","","true","280","34","2026","https://spb.postupi.online/vuz/spbgu/specialnosti/bakalavr/","https://spb.postupi.online/vuz/spbgu/specialnosti/bakalavr/","2026-07-07T00:34:00.161Z"
"СПбГУ - Санкт-Петербургский государственный университет","02.03.01","Математика и компьютерные науки","bachelor","","true","80","14","2026","https://spb.postupi.online/vuz/spbgu/specialnosti/bakalavr/","https://spb.postupi.online/vuz/spbgu/specialnosti/bakalavr/","2026-07-07T00:34:00.161Z"
"СПбГУ - Санкт-Петербургский государственный университет","02.03.02","Фундаментальная информатика и информационные технологии","bachelor","","true","100","45","2026","https://spb.postupi.online/vuz/spbgu/specialnosti/bakalavr/","https://spb.postupi.online/vuz/spbgu/specialnosti/bakalavr/","2026-07-07T00:34:00.161Z"
"СПбГУ - Санкт-Петербургский государственный университет","02.03.03","Математическое обеспечение и администрирование информационных систем","bachelor","","true","45","10","2026","https://spb.postupi.online/vuz/spbgu/specialnosti/bakalavr/","https://spb.postupi.online/vuz/spbgu/specialnosti/bakalavr/","2026-07-07T00:34:00.161Z"
"СПбГУ - Санкт-Петербургский государственный университет","03.03.01","Прикладные математика и физика","bachelor","","true","45","20","2026","https://spb.postupi.online/vuz/spbgu/specialnosti/bakalavr/","https://spb.postupi.online/vuz/spbgu/specialnosti/bakalavr/","2026-07-07T00:34:00.161Z"
"СПбГУ - Санкт-Петербургский государственный университет","03.03.02","Физика","bachelor","","true","90","20","2026","https://spb.postupi.online/vuz/spbgu/specialnosti/bakalavr/","https://spb.postupi.online/vuz/spbgu/specialnosti/bakalavr/","2026-07-07T00:34:00.161Z"
"СПбГУ - Санкт-Петербургский государственный университет","09.03.03","Прикладная информатика","bachelor","","true","85","30","2026","https://spb.postupi.online/vuz/spbgu/specialnosti/bakalavr/","https://spb.postupi.online/vuz/spbgu/specialnosti/bakalavr/","2026-07-07T00:34:00.161Z"
"СПбГУ - Санкт-Петербургский государственный университет","09.03.04","Программная инженерия","bachelor","","true","50","15","2026","https://spb.postupi.online/vuz/spbgu/specialnosti/bakalavr/","https://spb.postupi.online/vuz/spbgu/specialnosti/bakalavr/","2026-07-07T00:34:00.161Z"
"СПбГУ - Санкт-Петербургский государственный университет","21.03.01","Нефтегазовое дело","bachelor","","true","20","15","2026","https://spb.postupi.online/vuz/spbgu/specialnosti/bakalavr/","https://spb.postupi.online/vuz/spbgu/specialnosti/bakalavr/","2026-07-07T00:34:00.161Z"
"СПбГУ - Санкт-Петербургский государственный университет","21.03.02","Землеустройство и кадастры","bachelor","","true","10","10","2026","https://spb.postupi.online/vuz/spbgu/specialnosti/bakalavr/","https://spb.postupi.online/vuz/spbgu/specialnosti/bakalavr/","2026-07-07T00:34:00.161Z"
"Санкт-Петербургский Гуманитарный университет профсоюзов","09.03.03","Прикладная информатика","bachelor","","","","42","2026","https://spb.postupi.online/vuz/spbgup/specialnosti/bakalavr/","https://spb.postupi.online/vuz/spbgup/specialnosti/bakalavr/","2026-07-07T00:34:00.161Z"
"Санкт-Петербургский Гуманитарный университет профсоюзов","37.03.01","Психология","bachelor","","true","8","21","2026","https://spb.postupi.online/vuz/spbgup/specialnosti/bakalavr/","https://spb.postupi.online/vuz/spbgup/specialnosti/bakalavr/","2026-07-07T00:34:00.161Z"
"Санкт-Петербургский Гуманитарный университет профсоюзов","37.03.02","Конфликтология","bachelor","","true","127","","2026","https://spb.postupi.online/vuz/spbgup/specialnosti/bakalavr/","https://spb.postupi.online/vuz/spbgup/specialnosti/bakalavr/","2026-07-07T00:34:00.161Z"
"Санкт-Петербургский Гуманитарный университет профсоюзов","39.03.02","Социальная работа","bachelor","","true","3","39","2026","https://spb.postupi.online/vuz/spbgup/specialnosti/bakalavr/","https://spb.postupi.online/vuz/spbgup/specialnosti/bakalavr/","2026-07-07T00:34:00.161Z"
"Санкт-Петербургский Гуманитарный университет профсоюзов","40.03.01","Юриспруденция","bachelor","","true","1","58","2026","https://spb.postupi.online/vuz/spbgup/specialnosti/bakalavr/","https://spb.postupi.online/vuz/spbgup/specialnosti/bakalavr/","2026-07-07T00:34:00.161Z"
"Санкт-Петербургский Гуманитарный университет профсоюзов","42.03.01","Реклама и связи с общественностью","bachelor","","","","30","2026","https://spb.postupi.online/vuz/spbgup/specialnosti/bakalavr/","https://spb.postupi.online/vuz/spbgup/specialnosti/bakalavr/","2026-07-07T00:34:00.161Z"
"Санкт-Петербургский Гуманитарный университет профсоюзов","42.03.02","Журналистика","bachelor","","true","2","60","2026","https://spb.postupi.online/vuz/spbgup/specialnosti/bakalavr/","https://spb.postupi.online/vuz/spbgup/specialnosti/bakalavr/","2026-07-07T00:34:00.161Z"
"Санкт-Петербургский Гуманитарный университет профсоюзов","45.03.02","Лингвистика","bachelor","","true","1","69","2026","https://spb.postupi.online/vuz/spbgup/specialnosti/bakalavr/","https://spb.postupi.online/vuz/spbgup/specialnosti/bakalavr/","2026-07-07T00:34:00.161Z"
"Санкт-Петербургский Гуманитарный университет профсоюзов","50.03.03","История искусств","bachelor","","true","1","83","2026","https://spb.postupi.online/vuz/spbgup/specialnosti/bakalavr/","https://spb.postupi.online/vuz/spbgup/specialnosti/bakalavr/","2026-07-07T00:34:00.161Z"
"Санкт-Петербургский Гуманитарный университет профсоюзов","51.03.02","Народная художественная культура","bachelor","","true","11","99","2026","https://spb.postupi.online/vuz/spbgup/specialnosti/bakalavr/","https://spb.postupi.online/vuz/spbgup/specialnosti/bakalavr/","2026-07-07T00:34:00.161Z"
"Санкт-Петербургский Гуманитарный университет профсоюзов","51.03.03","Социально-культурная деятельность","bachelor","","true","3","123","2026","https://spb.postupi.online/vuz/spbgup/specialnosti/bakalavr/","https://spb.postupi.online/vuz/spbgup/specialnosti/bakalavr/","2026-07-07T00:34:00.161Z"
"Санкт-Петербургский государственный университет промышленных технологий и дизайна","01.03.02","Прикладная математика и информатика","bachelor","","","","50","2026","https://spb.postupi.online/vuz/spbguptd/specialnosti/bakalavr/","https://spb.postupi.online/vuz/spbguptd/specialnosti/bakalavr/","2026-07-07T00:34:00.161Z"
"Санкт-Петербургский государственный университет промышленных технологий и дизайна","09.03.01","Информатика и вычислительная техника","bachelor","","true","4","50","2026","https://spb.postupi.online/vuz/spbguptd/specialnosti/bakalavr/","https://spb.postupi.online/vuz/spbguptd/specialnosti/bakalavr/","2026-07-07T00:34:00.161Z"
"Санкт-Петербургский государственный университет промышленных технологий и дизайна","09.03.02","Информационные системы и технологии","bachelor","","true","36","320","2026","https://spb.postupi.online/vuz/spbguptd/specialnosti/bakalavr/","https://spb.postupi.online/vuz/spbguptd/specialnosti/bakalavr/","2026-07-07T00:34:00.161Z"
"Санкт-Петербургский государственный университет промышленных технологий и дизайна","09.03.03","Прикладная информатика","bachelor","","true","50","515","2026","https://spb.postupi.online/vuz/spbguptd/specialnosti/bakalavr/","https://spb.postupi.online/vuz/spbguptd/specialnosti/bakalavr/","2026-07-07T00:34:00.161Z"
"Санкт-Петербургский государственный университет промышленных технологий и дизайна","09.03.04","Программная инженерия","bachelor","","true","3","50","2026","https://spb.postupi.online/vuz/spbguptd/specialnosti/bakalavr/","https://spb.postupi.online/vuz/spbguptd/specialnosti/bakalavr/","2026-07-07T00:34:00.161Z"
"Санкт-Петербургский государственный университет промышленных технологий и дизайна","10.03.01","Информационная безопасность","bachelor","","","","60","2026","https://spb.postupi.online/vuz/spbguptd/specialnosti/bakalavr/","https://spb.postupi.online/vuz/spbguptd/specialnosti/bakalavr/","2026-07-07T00:34:00.161Z"
"Санкт-Петербургский государственный университет промышленных технологий и дизайна","13.03.01","Теплоэнергетика и теплотехника","bachelor","","true","103","200","2026","https://spb.postupi.online/vuz/spbguptd/specialnosti/bakalavr/","https://spb.postupi.online/vuz/spbguptd/specialnosti/bakalavr/","2026-07-07T00:34:00.161Z"
"Санкт-Петербургский государственный университет промышленных технологий и дизайна","13.03.02","Электроэнергетика и электротехника","bachelor","","true","44","200","2026","https://spb.postupi.online/vuz/spbguptd/specialnosti/bakalavr/","https://spb.postupi.online/vuz/spbguptd/specialnosti/bakalavr/","2026-07-07T00:34:00.161Z"
"Санкт-Петербургский государственный университет промышленных технологий и дизайна","15.03.02","Технологические машины и оборудование","bachelor","","true","135","440","2026","https://spb.postupi.online/vuz/spbguptd/specialnosti/bakalavr/","https://spb.postupi.online/vuz/spbguptd/specialnosti/bakalavr/","2026-07-07T00:34:00.161Z"
"Санкт-Петербургский государственный университет промышленных технологий и дизайна","15.03.04","Автоматизация технологических процессов и производств","bachelor","","true","107","250","2026","https://spb.postupi.online/vuz/spbguptd/specialnosti/bakalavr/","https://spb.postupi.online/vuz/spbguptd/specialnosti/bakalavr/","2026-07-07T00:34:00.161Z"
"Санкт-Петербургский государственный университет промышленных технологий и дизайна","18.03.01","Химическая технология","bachelor","","true","135","265","2026","https://spb.postupi.online/vuz/spbguptd/specialnosti/bakalavr/","https://spb.postupi.online/vuz/spbguptd/specialnosti/bakalavr/","2026-07-07T00:34:00.161Z"
"Санкт-Петербургский государственный университет промышленных технологий и дизайна","18.03.02","Энерго- и ресурсосберегающие процессы в химической технологии, нефтехимии и биотехнологии","bachelor","","true","20","140","2026","https://spb.postupi.online/vuz/spbguptd/specialnosti/bakalavr/","https://spb.postupi.online/vuz/spbguptd/specialnosti/bakalavr/","2026-07-07T00:34:00.161Z"
"Санкт-Петербургский государственный университет промышленных технологий и дизайна","20.03.01","Техносферная безопасность","bachelor","","true","49","230","2026","https://spb.postupi.online/vuz/spbguptd/specialnosti/bakalavr/","https://spb.postupi.online/vuz/spbguptd/specialnosti/bakalavr/","2026-07-07T00:34:00.161Z"
"Санкт-Петербургский государственный университет промышленных технологий и дизайна","29.03.01","Технология изделий легкой промышленности","bachelor","","true","47","200","2026","https://spb.postupi.online/vuz/spbguptd/specialnosti/bakalavr/","https://spb.postupi.online/vuz/spbguptd/specialnosti/bakalavr/","2026-07-07T00:34:00.161Z"
"Санкт-Петербургский государственный университет промышленных технологий и дизайна","29.03.02","Технологии и проектирование текстильных изделий","bachelor","","true","47","250","2026","https://spb.postupi.online/vuz/spbguptd/specialnosti/bakalavr/","https://spb.postupi.online/vuz/spbguptd/specialnosti/bakalavr/","2026-07-07T00:34:00.161Z"
"Санкт-Петербургский государственный университет промышленных технологий и дизайна","29.03.03","Технология полиграфического и упаковочного производства","bachelor","","true","43","200","2026","https://spb.postupi.online/vuz/spbguptd/specialnosti/bakalavr/","https://spb.postupi.online/vuz/spbguptd/specialnosti/bakalavr/","2026-07-07T00:34:00.161Z"
"Санкт-Петербургский государственный университет промышленных технологий и дизайна","29.03.04","Технология художественной обработки материалов","bachelor","","true","54","130","2026","https://spb.postupi.online/vuz/spbguptd/specialnosti/bakalavr/","https://spb.postupi.online/vuz/spbguptd/specialnosti/bakalavr/","2026-07-07T00:34:00.161Z"
"Санкт-Петербургский государственный университет промышленных технологий и дизайна","29.03.05","Конструирование изделий легкой промышленности","bachelor","","true","82","200","2026","https://spb.postupi.online/vuz/spbguptd/specialnosti/bakalavr/","https://spb.postupi.online/vuz/spbguptd/specialnosti/bakalavr/","2026-07-07T00:34:00.161Z"
"Санкт-Петербургский государственный университет промышленных технологий и дизайна","38.03.01","Экономика","bachelor","","","","112","2026","https://spb.postupi.online/vuz/spbguptd/specialnosti/bakalavr/","https://spb.postupi.online/vuz/spbguptd/specialnosti/bakalavr/","2026-07-07T00:34:00.161Z"
"Санкт-Петербургский государственный университет промышленных технологий и дизайна","38.03.02","Менеджмент","bachelor","","","","226","2026","https://spb.postupi.online/vuz/spbguptd/specialnosti/bakalavr/","https://spb.postupi.online/vuz/spbguptd/specialnosti/bakalavr/","2026-07-07T00:34:00.161Z"
"Санкт-Петербургский государственный университет телекоммуникаций им. проф. М.А. Бонч-Бруевича","09.03.01","Информатика и вычислительная техника","bachelor","","true","40","140","2026","https://spb.postupi.online/vuz/spbgut-im-bonch-bruevicha/specialnosti/bakalavr/","https://spb.postupi.online/vuz/spbgut-im-bonch-bruevicha/specialnosti/bakalavr/","2026-07-07T00:34:00.161Z"
"Санкт-Петербургский государственный университет телекоммуникаций им. проф. М.А. Бонч-Бруевича","09.03.02","Информационные системы и технологии","bachelor","","true","131","320","2026","https://spb.postupi.online/vuz/spbgut-im-bonch-bruevicha/specialnosti/bakalavr/","https://spb.postupi.online/vuz/spbgut-im-bonch-bruevicha/specialnosti/bakalavr/","2026-07-07T00:34:00.161Z"
"Санкт-Петербургский государственный университет телекоммуникаций им. проф. М.А. Бонч-Бруевича","09.03.04","Программная инженерия","bachelor","","true","59","215","2026","https://spb.postupi.online/vuz/spbgut-im-bonch-bruevicha/specialnosti/bakalavr/","https://spb.postupi.online/vuz/spbgut-im-bonch-bruevicha/specialnosti/bakalavr/","2026-07-07T00:34:00.161Z"
"Санкт-Петербургский государственный университет телекоммуникаций им. проф. М.А. Бонч-Бруевича","10.03.01","Информационная безопасность","bachelor","","true","120","90","2026","https://spb.postupi.online/vuz/spbgut-im-bonch-bruevicha/specialnosti/bakalavr/","https://spb.postupi.online/vuz/spbgut-im-bonch-bruevicha/specialnosti/bakalavr/","2026-07-07T00:34:00.161Z"
"Санкт-Петербургский государственный университет телекоммуникаций им. проф. М.А. Бонч-Бруевича","11.03.01","Радиотехника","bachelor","","true","26","12","2026","https://spb.postupi.online/vuz/spbgut-im-bonch-bruevicha/specialnosti/bakalavr/","https://spb.postupi.online/vuz/spbgut-im-bonch-bruevicha/specialnosti/bakalavr/","2026-07-07T00:34:00.161Z"
"Санкт-Петербургский государственный университет телекоммуникаций им. проф. М.А. Бонч-Бруевича","11.03.02","Инфокоммуникационные технологии и системы связи","bachelor","","true","536","205","2026","https://spb.postupi.online/vuz/spbgut-im-bonch-bruevicha/specialnosti/bakalavr/","https://spb.postupi.online/vuz/spbgut-im-bonch-bruevicha/specialnosti/bakalavr/","2026-07-07T00:34:00.161Z"
"Санкт-Петербургский государственный университет телекоммуникаций им. проф. М.А. Бонч-Бруевича","11.03.03","Конструирование и технология электронных средств","bachelor","","true","26","12","2026","https://spb.postupi.online/vuz/spbgut-im-bonch-bruevicha/specialnosti/bakalavr/","https://spb.postupi.online/vuz/spbgut-im-bonch-bruevicha/specialnosti/bakalavr/","2026-07-07T00:34:00.161Z"
"Санкт-Петербургский государственный университет телекоммуникаций им. проф. М.А. Бонч-Бруевича","11.03.04","Электроника и наноэлектроника","bachelor","","true","26","11","2026","https://spb.postupi.online/vuz/spbgut-im-bonch-bruevicha/specialnosti/bakalavr/","https://spb.postupi.online/vuz/spbgut-im-bonch-bruevicha/specialnosti/bakalavr/","2026-07-07T00:34:00.161Z"
"Санкт-Петербургский государственный университет телекоммуникаций им. проф. М.А. Бонч-Бруевича","15.03.04","Автоматизация технологических процессов и производств","bachelor","","true","15","20","2026","https://spb.postupi.online/vuz/spbgut-im-bonch-bruevicha/specialnosti/bakalavr/","https://spb.postupi.online/vuz/spbgut-im-bonch-bruevicha/specialnosti/bakalavr/","2026-07-07T00:34:00.161Z"
"Санкт-Петербургский государственный университет телекоммуникаций им. проф. М.А. Бонч-Бруевича","15.03.06","Мехатроника и робототехника","bachelor","","true","35","20","2026","https://spb.postupi.online/vuz/spbgut-im-bonch-bruevicha/specialnosti/bakalavr/","https://spb.postupi.online/vuz/spbgut-im-bonch-bruevicha/specialnosti/bakalavr/","2026-07-07T00:34:00.161Z"
"Санкт-Петербургский государственный университет телекоммуникаций им. проф. М.А. Бонч-Бруевича","38.03.02","Менеджмент","bachelor","","","","20","2026","https://spb.postupi.online/vuz/spbgut-im-bonch-bruevicha/specialnosti/bakalavr/","https://spb.postupi.online/vuz/spbgut-im-bonch-bruevicha/specialnosti/bakalavr/","2026-07-07T00:34:00.161Z"
"Санкт-Петербургский государственный университет телекоммуникаций им. проф. М.А. Бонч-Бруевича","38.03.05","Бизнес-информатика","bachelor","","","","79","2026","https://spb.postupi.online/vuz/spbgut-im-bonch-bruevicha/specialnosti/bakalavr/","https://spb.postupi.online/vuz/spbgut-im-bonch-bruevicha/specialnosti/bakalavr/","2026-07-07T00:34:00.161Z"
"Санкт-Петербургский государственный университет телекоммуникаций им. проф. М.А. Бонч-Бруевича","41.03.01","Зарубежное регионоведение","bachelor","","","","27","2026","https://spb.postupi.online/vuz/spbgut-im-bonch-bruevicha/specialnosti/bakalavr/","https://spb.postupi.online/vuz/spbgut-im-bonch-bruevicha/specialnosti/bakalavr/","2026-07-07T00:34:00.161Z"
"Санкт-Петербургский государственный университет телекоммуникаций им. проф. М.А. Бонч-Бруевича","42.03.01","Реклама и связи с общественностью","bachelor","","","","190","2026","https://spb.postupi.online/vuz/spbgut-im-bonch-bruevicha/specialnosti/bakalavr/","https://spb.postupi.online/vuz/spbgut-im-bonch-bruevicha/specialnosti/bakalavr/","2026-07-07T00:34:00.161Z"
"Санкт-Петербургский институт экономики и управления","09.03.02","Информационные системы и технологии","bachelor","","","","120","2026","https://spb.postupi.online/vuz/spbieu/specialnosti/bakalavr/","https://spb.postupi.online/vuz/spbieu/specialnosti/bakalavr/","2026-07-07T00:34:00.161Z"
"Санкт-Петербургский институт экономики и управления","09.03.03","Прикладная информатика","bachelor","","","","120","2026","https://spb.postupi.online/vuz/spbieu/specialnosti/bakalavr/","https://spb.postupi.online/vuz/spbieu/specialnosti/bakalavr/","2026-07-07T00:34:00.161Z"
"Санкт-Петербургский институт экономики и управления","37.03.01","Психология","bachelor","","","","33","2026","https://spb.postupi.online/vuz/spbieu/specialnosti/bakalavr/","https://spb.postupi.online/vuz/spbieu/specialnosti/bakalavr/","2026-07-07T00:34:00.161Z"
"Санкт-Петербургский институт экономики и управления","38.03.01","Экономика","bachelor","","","","68","2026","https://spb.postupi.online/vuz/spbieu/specialnosti/bakalavr/","https://spb.postupi.online/vuz/spbieu/specialnosti/bakalavr/","2026-07-07T00:34:00.161Z"
"Санкт-Петербургский институт экономики и управления","38.03.02","Менеджмент","bachelor","","","","61","2026","https://spb.postupi.online/vuz/spbieu/specialnosti/bakalavr/","https://spb.postupi.online/vuz/spbieu/specialnosti/bakalavr/","2026-07-07T00:34:00.161Z"
"Санкт-Петербургский институт экономики и управления","38.03.03","Управление персоналом","bachelor","","","","20","2026","https://spb.postupi.online/vuz/spbieu/specialnosti/bakalavr/","https://spb.postupi.online/vuz/spbieu/specialnosti/bakalavr/","2026-07-07T00:34:00.161Z"
"Санкт-Петербургский институт экономики и управления","40.03.01","Юриспруденция","bachelor","","","","60","2026","https://spb.postupi.online/vuz/spbieu/specialnosti/bakalavr/","https://spb.postupi.online/vuz/spbieu/specialnosti/bakalavr/","2026-07-07T00:34:00.161Z"
"Санкт-Петербургский институт экономики и управления","42.03.01","Реклама и связи с общественностью","bachelor","","","","60","2026","https://spb.postupi.online/vuz/spbieu/specialnosti/bakalavr/","https://spb.postupi.online/vuz/spbieu/specialnosti/bakalavr/","2026-07-07T00:34:00.161Z"
"Санкт-Петербургский институт экономики и управления","43.03.03","Гостиничное дело","bachelor","","","","120","2026","https://spb.postupi.online/vuz/spbieu/specialnosti/bakalavr/","https://spb.postupi.online/vuz/spbieu/specialnosti/bakalavr/","2026-07-07T00:34:00.161Z"
"Санкт-Петербургский институт экономики и управления","44.03.02","Психолого-педагогическое образование","bachelor","","","","120","2026","https://spb.postupi.online/vuz/spbieu/specialnosti/bakalavr/","https://spb.postupi.online/vuz/spbieu/specialnosti/bakalavr/","2026-07-07T00:34:00.161Z"
"Санкт-Петербургский институт экономики и управления","45.03.04","Интеллектуальные системы в гуманитарной сфере","bachelor","","","","200","2026","https://spb.postupi.online/vuz/spbieu/specialnosti/bakalavr/","https://spb.postupi.online/vuz/spbieu/specialnosti/bakalavr/","2026-07-07T00:34:00.161Z"
"Санкт-Петербургский политехнический университет Петра Великого","01.03.02","Прикладная математика и информатика","bachelor","","true","80","25","2026","https://spb.postupi.online/vuz/spbpu/specialnosti/bakalavr/","https://spb.postupi.online/vuz/spbpu/specialnosti/bakalavr/","2026-07-07T00:34:00.161Z"
"Санкт-Петербургский политехнический университет Петра Великого","01.03.03","Механика и математическое моделирование","bachelor","","true","80","20","2026","https://spb.postupi.online/vuz/spbpu/specialnosti/bakalavr/","https://spb.postupi.online/vuz/spbpu/specialnosti/bakalavr/","2026-07-07T00:34:00.161Z"
"Санкт-Петербургский политехнический университет Петра Великого","01.03.05","Статистика","bachelor","","true","50","35","2026","https://spb.postupi.online/vuz/spbpu/specialnosti/bakalavr/","https://spb.postupi.online/vuz/spbpu/specialnosti/bakalavr/","2026-07-07T00:34:00.161Z"
"Санкт-Петербургский политехнический университет Петра Великого","02.03.01","Математика и компьютерные науки","bachelor","","true","53","32","2026","https://spb.postupi.online/vuz/spbpu/specialnosti/bakalavr/","https://spb.postupi.online/vuz/spbpu/specialnosti/bakalavr/","2026-07-07T00:34:00.161Z"
"Санкт-Петербургский политехнический университет Петра Великого","02.03.03","Математическое обеспечение и администрирование информационных систем","bachelor","","true","40","25","2026","https://spb.postupi.online/vuz/spbpu/specialnosti/bakalavr/","https://spb.postupi.online/vuz/spbpu/specialnosti/bakalavr/","2026-07-07T00:34:00.161Z"
"Санкт-Петербургский политехнический университет Петра Великого","03.03.01","Прикладные математика и физика","bachelor","","true","50","15","2026","https://spb.postupi.online/vuz/spbpu/specialnosti/bakalavr/","https://spb.postupi.online/vuz/spbpu/specialnosti/bakalavr/","2026-07-07T00:34:00.161Z"
"Санкт-Петербургский политехнический университет Петра Великого","03.03.02","Физика","bachelor","","true","110","15","2026","https://spb.postupi.online/vuz/spbpu/specialnosti/bakalavr/","https://spb.postupi.online/vuz/spbpu/specialnosti/bakalavr/","2026-07-07T00:34:00.161Z"
"Санкт-Петербургский политехнический университет Петра Великого","07.03.03","Дизайн архитектурной среды","bachelor","","true","24","23","2026","https://spb.postupi.online/vuz/spbpu/specialnosti/bakalavr/","https://spb.postupi.online/vuz/spbpu/specialnosti/bakalavr/","2026-07-07T00:34:00.161Z"
"Санкт-Петербургский политехнический университет Петра Великого","08.03.01","Строительство","bachelor","","true","200","140","2026","https://spb.postupi.online/vuz/spbpu/specialnosti/bakalavr/","https://spb.postupi.online/vuz/spbpu/specialnosti/bakalavr/","2026-07-07T00:34:00.161Z"
"Санкт-Петербургский политехнический университет Петра Великого","09.03.01","Информатика и вычислительная техника","bachelor","","true","55","60","2026","https://spb.postupi.online/vuz/spbpu/specialnosti/bakalavr/","https://spb.postupi.online/vuz/spbpu/specialnosti/bakalavr/","2026-07-07T00:34:00.161Z"
"Санкт-Петербургский политехнический университет Петра Великого","09.03.02","Информационные системы и технологии","bachelor","","true","48","160","2026","https://spb.postupi.online/vuz/spbpu/specialnosti/bakalavr/","https://spb.postupi.online/vuz/spbpu/specialnosti/bakalavr/","2026-07-07T00:34:00.161Z"
"Санкт-Петербургский политехнический университет Петра Великого","09.03.03","Прикладная информатика","bachelor","","true","50","80","2026","https://spb.postupi.online/vuz/spbpu/specialnosti/bakalavr/","https://spb.postupi.online/vuz/spbpu/specialnosti/bakalavr/","2026-07-07T00:34:00.161Z"
"Санкт-Петербургский политехнический университет Петра Великого","09.03.04","Программная инженерия","bachelor","","true","110","230","2026","https://spb.postupi.online/vuz/spbpu/specialnosti/bakalavr/","https://spb.postupi.online/vuz/spbpu/specialnosti/bakalavr/","2026-07-07T00:34:00.161Z"
"Санкт-Петербургский политехнический университет Петра Великого","10.03.01","Информационная безопасность","bachelor","","true","70","40","2026","https://spb.postupi.online/vuz/spbpu/specialnosti/bakalavr/","https://spb.postupi.online/vuz/spbpu/specialnosti/bakalavr/","2026-07-07T00:34:00.161Z"
"Санкт-Петербургский политехнический университет Петра Великого","11.03.01","Радиотехника","bachelor","","true","65","5","2026","https://spb.postupi.online/vuz/spbpu/specialnosti/bakalavr/","https://spb.postupi.online/vuz/spbpu/specialnosti/bakalavr/","2026-07-07T00:34:00.161Z"
"Санкт-Петербургский политехнический университет Петра Великого","11.03.02","Инфокоммуникационные технологии и системы связи","bachelor","","true","80","30","2026","https://spb.postupi.online/vuz/spbpu/specialnosti/bakalavr/","https://spb.postupi.online/vuz/spbpu/specialnosti/bakalavr/","2026-07-07T00:34:00.161Z"
"Санкт-Петербургский политехнический университет Петра Великого","11.03.04","Электроника и наноэлектроника","bachelor","","true","75","10","2026","https://spb.postupi.online/vuz/spbpu/specialnosti/bakalavr/","https://spb.postupi.online/vuz/spbpu/specialnosti/bakalavr/","2026-07-07T00:34:00.161Z"
"Санкт-Петербургский политехнический университет Петра Великого","12.03.04","Биотехнические системы и технологии","bachelor","","true","55","25","2026","https://spb.postupi.online/vuz/spbpu/specialnosti/bakalavr/","https://spb.postupi.online/vuz/spbpu/specialnosti/bakalavr/","2026-07-07T00:34:00.161Z"
"Санкт-Петербургский политехнический университет Петра Великого","13.03.01","Теплоэнергетика и теплотехника","bachelor","","true","40","30","2026","https://spb.postupi.online/vuz/spbpu/specialnosti/bakalavr/","https://spb.postupi.online/vuz/spbpu/specialnosti/bakalavr/","2026-07-07T00:34:00.161Z"
"Санкт-Петербургский политехнический университет Петра Великого","13.03.02","Электроэнергетика и электротехника","bachelor","","true","150","140","2026","https://spb.postupi.online/vuz/spbpu/specialnosti/bakalavr/","https://spb.postupi.online/vuz/spbpu/specialnosti/bakalavr/","2026-07-07T00:34:00.161Z"
"Северо-Западный университет","07.03.01","Архитектура","bachelor","","","","20","2026","https://spb.postupi.online/vuz/spbrsi/specialnosti/bakalavr/","https://spb.postupi.online/vuz/spbrsi/specialnosti/bakalavr/","2026-07-07T00:34:00.161Z"
"Северо-Западный университет","07.03.02","Реконструкция и реставрация архитектурного наследия","bachelor","","","","40","2026","https://spb.postupi.online/vuz/spbrsi/specialnosti/bakalavr/","https://spb.postupi.online/vuz/spbrsi/specialnosti/bakalavr/","2026-07-07T00:34:00.161Z"
"Северо-Западный университет","07.03.04","Градостроительство","bachelor","","","","40","2026","https://spb.postupi.online/vuz/spbrsi/specialnosti/bakalavr/","https://spb.postupi.online/vuz/spbrsi/specialnosti/bakalavr/","2026-07-07T00:34:00.161Z"
"Северо-Западный университет","08.03.01","Строительство","bachelor","","","","40","2026","https://spb.postupi.online/vuz/spbrsi/specialnosti/bakalavr/","https://spb.postupi.online/vuz/spbrsi/specialnosti/bakalavr/","2026-07-07T00:34:00.161Z"
"Северо-Западный университет","37.03.01","Психология","bachelor","","","","40","2026","https://spb.postupi.online/vuz/spbrsi/specialnosti/bakalavr/","https://spb.postupi.online/vuz/spbrsi/specialnosti/bakalavr/","2026-07-07T00:34:00.161Z"
"Северо-Западный университет","38.03.02","Менеджмент","bachelor","","","","40","2026","https://spb.postupi.online/vuz/spbrsi/specialnosti/bakalavr/","https://spb.postupi.online/vuz/spbrsi/specialnosti/bakalavr/","2026-07-07T00:34:00.161Z"
"Северо-Западный университет","38.03.05","Бизнес-информатика","bachelor","","","","20","2026","https://spb.postupi.online/vuz/spbrsi/specialnosti/bakalavr/","https://spb.postupi.online/vuz/spbrsi/specialnosti/bakalavr/","2026-07-07T00:34:00.161Z"
"Северо-Западный университет","40.03.01","Юриспруденция","bachelor","","","","40","2026","https://spb.postupi.online/vuz/spbrsi/specialnosti/bakalavr/","https://spb.postupi.online/vuz/spbrsi/specialnosti/bakalavr/","2026-07-07T00:34:00.161Z"
"Северо-Западный университет","50.03.03","История искусств","bachelor","","","","50","2026","https://spb.postupi.online/vuz/spbrsi/specialnosti/bakalavr/","https://spb.postupi.online/vuz/spbrsi/specialnosti/bakalavr/","2026-07-07T00:34:00.161Z"
"Северо-Западный университет","51.03.01","Культурология","bachelor","","","","50","2026","https://spb.postupi.online/vuz/spbrsi/specialnosti/bakalavr/","https://spb.postupi.online/vuz/spbrsi/specialnosti/bakalavr/","2026-07-07T00:34:00.161Z"
"Северо-Западный университет","54.03.01","Дизайн","bachelor","","","","125","2026","https://spb.postupi.online/vuz/spbrsi/specialnosti/bakalavr/","https://spb.postupi.online/vuz/spbrsi/specialnosti/bakalavr/","2026-07-07T00:34:00.161Z"
"Северо-Западный университет","54.03.04","Реставрация","bachelor","","","","50","2026","https://spb.postupi.online/vuz/spbrsi/specialnosti/bakalavr/","https://spb.postupi.online/vuz/spbrsi/specialnosti/bakalavr/","2026-07-07T00:34:00.161Z"
"Санкт-Петербургский университет технологий управления и экономики","09.03.03","Прикладная информатика","bachelor","","","","240","2026","https://spb.postupi.online/vuz/spbutuie/specialnosti/bakalavr/","https://spb.postupi.online/vuz/spbutuie/specialnosti/bakalavr/","2026-07-07T00:34:00.161Z"
"Санкт-Петербургский университет технологий управления и экономики","37.03.01","Психология","bachelor","","","","30","2026","https://spb.postupi.online/vuz/spbutuie/specialnosti/bakalavr/","https://spb.postupi.online/vuz/spbutuie/specialnosti/bakalavr/","2026-07-07T00:34:00.161Z"
"Санкт-Петербургский университет технологий управления и экономики","38.03.01","Экономика","bachelor","","","","150","2026","https://spb.postupi.online/vuz/spbutuie/specialnosti/bakalavr/","https://spb.postupi.online/vuz/spbutuie/specialnosti/bakalavr/","2026-07-07T00:34:00.161Z"
"Санкт-Петербургский университет технологий управления и экономики","38.03.02","Менеджмент","bachelor","","","","175","2026","https://spb.postupi.online/vuz/spbutuie/specialnosti/bakalavr/","https://spb.postupi.online/vuz/spbutuie/specialnosti/bakalavr/","2026-07-07T00:34:00.161Z"
"Санкт-Петербургский университет технологий управления и экономики","38.03.03","Управление персоналом","bachelor","","","","30","2026","https://spb.postupi.online/vuz/spbutuie/specialnosti/bakalavr/","https://spb.postupi.online/vuz/spbutuie/specialnosti/bakalavr/","2026-07-07T00:34:00.161Z"
"Санкт-Петербургский университет технологий управления и экономики","38.03.04","Государственное и муниципальное управление","bachelor","","","","50","2026","https://spb.postupi.online/vuz/spbutuie/specialnosti/bakalavr/","https://spb.postupi.online/vuz/spbutuie/specialnosti/bakalavr/","2026-07-07T00:34:00.161Z"
"Санкт-Петербургский университет технологий управления и экономики","38.03.05","Бизнес-информатика","bachelor","","","","30","2026","https://spb.postupi.online/vuz/spbutuie/specialnosti/bakalavr/","https://spb.postupi.online/vuz/spbutuie/specialnosti/bakalavr/","2026-07-07T00:34:00.161Z"
"Санкт-Петербургский университет технологий управления и экономики","40.03.01","Юриспруденция","bachelor","","","","253","2026","https://spb.postupi.online/vuz/spbutuie/specialnosti/bakalavr/","https://spb.postupi.online/vuz/spbutuie/specialnosti/bakalavr/","2026-07-07T00:34:00.161Z"
"Санкт-Петербургский университет технологий управления и экономики","42.03.01","Реклама и связи с общественностью","bachelor","","","","214","2026","https://spb.postupi.online/vuz/spbutuie/specialnosti/bakalavr/","https://spb.postupi.online/vuz/spbutuie/specialnosti/bakalavr/","2026-07-07T00:34:00.161Z"
"Санкт-Петербургский университет технологий управления и экономики","42.03.03","Издательское дело","bachelor","","","","52","2026","https://spb.postupi.online/vuz/spbutuie/specialnosti/bakalavr/","https://spb.postupi.online/vuz/spbutuie/specialnosti/bakalavr/","2026-07-07T00:34:00.161Z"
"Санкт-Петербургский университет технологий управления и экономики","42.03.05","Медиакоммуникации","bachelor","","","","157","2026","https://spb.postupi.online/vuz/spbutuie/specialnosti/bakalavr/","https://spb.postupi.online/vuz/spbutuie/specialnosti/bakalavr/","2026-07-07T00:34:00.161Z"
"Санкт-Петербургский университет технологий управления и экономики","43.03.01","Сервис","bachelor","","","","12","2026","https://spb.postupi.online/vuz/spbutuie/specialnosti/bakalavr/","https://spb.postupi.online/vuz/spbutuie/specialnosti/bakalavr/","2026-07-07T00:34:00.161Z"
"Санкт-Петербургский университет технологий управления и экономики","43.03.02","Туризм","bachelor","","","","60","2026","https://spb.postupi.online/vuz/spbutuie/specialnosti/bakalavr/","https://spb.postupi.online/vuz/spbutuie/specialnosti/bakalavr/","2026-07-07T00:34:00.161Z"
"Санкт-Петербургский университет технологий управления и экономики","43.03.03","Гостиничное дело","bachelor","","","","65","2026","https://spb.postupi.online/vuz/spbutuie/specialnosti/bakalavr/","https://spb.postupi.online/vuz/spbutuie/specialnosti/bakalavr/","2026-07-07T00:34:00.161Z"
"Санкт-Петербургский университет технологий управления и экономики","44.03.01","Педагогическое образование","bachelor","","","","70","2026","https://spb.postupi.online/vuz/spbutuie/specialnosti/bakalavr/","https://spb.postupi.online/vuz/spbutuie/specialnosti/bakalavr/","2026-07-07T00:34:00.161Z"
"Санкт-Петербургский университет технологий управления и экономики","45.03.02","Лингвистика","bachelor","","","","102","2026","https://spb.postupi.online/vuz/spbutuie/specialnosti/bakalavr/","https://spb.postupi.online/vuz/spbutuie/specialnosti/bakalavr/","2026-07-07T00:34:00.161Z"
"Санкт-Петербургская государственная художественно-промышленная академия имени А.Л. Штиглица","50.03.01","Искусства и гуманитарные науки","bachelor","","","","20","2026","https://spb.postupi.online/vuz/spghpa-im-a-l-shtiglica/specialnosti/bakalavr/","https://spb.postupi.online/vuz/spghpa-im-a-l-shtiglica/specialnosti/bakalavr/","2026-07-07T00:34:00.161Z"
"Санкт-Петербургская государственная художественно-промышленная академия имени А.Л. Штиглица","50.03.04","Теория и история искусств","bachelor","","true","28","14","2026","https://spb.postupi.online/vuz/spghpa-im-a-l-shtiglica/specialnosti/bakalavr/","https://spb.postupi.online/vuz/spghpa-im-a-l-shtiglica/specialnosti/bakalavr/","2026-07-07T00:34:00.161Z"
"Санкт-Петербургская государственная художественно-промышленная академия имени А.Л. Штиглица","54.03.01","Дизайн","bachelor","","true","142","136","2026","https://spb.postupi.online/vuz/spghpa-im-a-l-shtiglica/specialnosti/bakalavr/","https://spb.postupi.online/vuz/spghpa-im-a-l-shtiglica/specialnosti/bakalavr/","2026-07-07T00:34:00.161Z"
"Санкт-Петербургская государственная художественно-промышленная академия имени А.Л. Штиглица","54.03.02","Декоративно-прикладное искусство и народные промыслы","bachelor","","true","20","20","2026","https://spb.postupi.online/vuz/spghpa-im-a-l-shtiglica/specialnosti/bakalavr/","https://spb.postupi.online/vuz/spghpa-im-a-l-shtiglica/specialnosti/bakalavr/","2026-07-07T00:34:00.161Z"
"Санкт-Петербургская государственная художественно-промышленная академия имени А.Л. Штиглица","54.03.04","Реставрация","bachelor","","true","32","32","2026","https://spb.postupi.online/vuz/spghpa-im-a-l-shtiglica/specialnosti/bakalavr/","https://spb.postupi.online/vuz/spghpa-im-a-l-shtiglica/specialnosti/bakalavr/","2026-07-07T00:34:00.161Z"
"Санкт-Петербургская юридическая академия","38.03.04","Государственное и муниципальное управление","bachelor","","","","40","2026","https://spb.postupi.online/vuz/syua/specialnosti/bakalavr/","https://spb.postupi.online/vuz/syua/specialnosti/bakalavr/","2026-07-07T00:34:00.161Z"
"Санкт-Петербургская юридическая академия","40.03.01","Юриспруденция","bachelor","","","","150","2026","https://spb.postupi.online/vuz/syua/specialnosti/bakalavr/","https://spb.postupi.online/vuz/syua/specialnosti/bakalavr/","2026-07-07T00:34:00.161Z"
"Северо-Западный государственный медицинский университет имени И.И. Мечникова","34.03.01","Сестринское дело","bachelor","","true","17","40","2026","https://spb.postupi.online/vuz/szgmu-im-mechnikova/specialnosti/bakalavr/","https://spb.postupi.online/vuz/szgmu-im-mechnikova/specialnosti/bakalavr/","2026-07-07T00:34:00.161Z"
"РАНХиГС Санкт-Петербург","37.03.01","Психология","bachelor","","true","20","74","2026","https://spb.postupi.online/vuz/sziu-ranhigs/specialnosti/bakalavr/","https://spb.postupi.online/vuz/sziu-ranhigs/specialnosti/bakalavr/","2026-07-07T00:34:00.161Z"
"РАНХиГС Санкт-Петербург","38.03.01","Экономика","bachelor","","true","20","139","2026","https://spb.postupi.online/vuz/sziu-ranhigs/specialnosti/bakalavr/","https://spb.postupi.online/vuz/sziu-ranhigs/specialnosti/bakalavr/","2026-07-07T00:34:00.161Z"
"РАНХиГС Санкт-Петербург","38.03.02","Менеджмент","bachelor","","true","20","196","2026","https://spb.postupi.online/vuz/sziu-ranhigs/specialnosti/bakalavr/","https://spb.postupi.online/vuz/sziu-ranhigs/specialnosti/bakalavr/","2026-07-07T00:34:00.161Z"
"РАНХиГС Санкт-Петербург","38.03.04","Государственное и муниципальное управление","bachelor","","true","45","232","2026","https://spb.postupi.online/vuz/sziu-ranhigs/specialnosti/bakalavr/","https://spb.postupi.online/vuz/sziu-ranhigs/specialnosti/bakalavr/","2026-07-07T00:34:00.161Z"
"РАНХиГС Санкт-Петербург","38.03.05","Бизнес-информатика","bachelor","","true","14","125","2026","https://spb.postupi.online/vuz/sziu-ranhigs/specialnosti/bakalavr/","https://spb.postupi.online/vuz/sziu-ranhigs/specialnosti/bakalavr/","2026-07-07T00:34:00.161Z"
"РАНХиГС Санкт-Петербург","39.03.01","Социология","bachelor","","true","7","105","2026","https://spb.postupi.online/vuz/sziu-ranhigs/specialnosti/bakalavr/","https://spb.postupi.online/vuz/sziu-ranhigs/specialnosti/bakalavr/","2026-07-07T00:34:00.161Z"
"РАНХиГС Санкт-Петербург","39.03.02","Социальная работа","bachelor","","true","6","50","2026","https://spb.postupi.online/vuz/sziu-ranhigs/specialnosti/bakalavr/","https://spb.postupi.online/vuz/sziu-ranhigs/specialnosti/bakalavr/","2026-07-07T00:34:00.161Z"
"РАНХиГС Санкт-Петербург","40.03.01","Юриспруденция","bachelor","","true","16","611","2026","https://spb.postupi.online/vuz/sziu-ranhigs/specialnosti/bakalavr/","https://spb.postupi.online/vuz/sziu-ranhigs/specialnosti/bakalavr/","2026-07-07T00:34:00.161Z"
"РАНХиГС Санкт-Петербург","41.03.04","Политология","bachelor","","true","15","100","2026","https://spb.postupi.online/vuz/sziu-ranhigs/specialnosti/bakalavr/","https://spb.postupi.online/vuz/sziu-ranhigs/specialnosti/bakalavr/","2026-07-07T00:34:00.161Z"
"РАНХиГС Санкт-Петербург","41.03.05","Международные отношения","bachelor","","true","20","120","2026","https://spb.postupi.online/vuz/sziu-ranhigs/specialnosti/bakalavr/","https://spb.postupi.online/vuz/sziu-ranhigs/specialnosti/bakalavr/","2026-07-07T00:34:00.161Z"
"РАНХиГС Санкт-Петербург","42.03.01","Реклама и связи с общественностью","bachelor","","","","185","2026","https://spb.postupi.online/vuz/sziu-ranhigs/specialnosti/bakalavr/","https://spb.postupi.online/vuz/sziu-ranhigs/specialnosti/bakalavr/","2026-07-07T00:34:00.161Z"
"РАНХиГС Санкт-Петербург","42.03.02","Журналистика","bachelor","","true","3","120","2026","https://spb.postupi.online/vuz/sziu-ranhigs/specialnosti/bakalavr/","https://spb.postupi.online/vuz/sziu-ranhigs/specialnosti/bakalavr/","2026-07-07T00:34:00.161Z"
"РАНХиГС Санкт-Петербург","42.03.05","Медиакоммуникации","bachelor","","","","100","2026","https://spb.postupi.online/vuz/sziu-ranhigs/specialnosti/bakalavr/","https://spb.postupi.online/vuz/sziu-ranhigs/specialnosti/bakalavr/","2026-07-07T00:34:00.161Z"
"РАНХиГС Санкт-Петербург","43.03.02","Туризм","bachelor","","","","135","2026","https://spb.postupi.online/vuz/sziu-ranhigs/specialnosti/bakalavr/","https://spb.postupi.online/vuz/sziu-ranhigs/specialnosti/bakalavr/","2026-07-07T00:34:00.161Z"
"РАНХиГС Санкт-Петербург","43.03.03","Гостиничное дело","bachelor","","","","135","2026","https://spb.postupi.online/vuz/sziu-ranhigs/specialnosti/bakalavr/","https://spb.postupi.online/vuz/sziu-ranhigs/specialnosti/bakalavr/","2026-07-07T00:34:00.161Z"
"РАНХиГС Санкт-Петербург","45.03.02","Лингвистика","bachelor","","","","150","2026","https://spb.postupi.online/vuz/sziu-ranhigs/specialnosti/bakalavr/","https://spb.postupi.online/vuz/sziu-ranhigs/specialnosti/bakalavr/","2026-07-07T00:34:00.161Z"
"Санкт-Петербургский университет Федеральной службы исполнения наказаний","40.03.01","Юриспруденция","bachelor","","true","50","","2026","https://spb.postupi.online/vuz/universitet-fsin-rossii/specialnosti/bakalavr/","https://spb.postupi.online/vuz/universitet-fsin-rossii/specialnosti/bakalavr/","2026-07-07T00:34:00.161Z"
"Национальный исследовательский университет ИТМО","01.03.02","Прикладная математика и информатика","bachelor","","true","180","140","2026","https://spb.postupi.online/vuz/universitet-itmo/specialnosti/bakalavr/","https://spb.postupi.online/vuz/universitet-itmo/specialnosti/bakalavr/","2026-07-07T00:34:00.161Z"
"Национальный исследовательский университет ИТМО","02.03.03","Математическое обеспечение и администрирование информационных систем","bachelor","","true","55","80","2026","https://spb.postupi.online/vuz/universitet-itmo/specialnosti/bakalavr/","https://spb.postupi.online/vuz/universitet-itmo/specialnosti/bakalavr/","2026-07-07T00:34:00.161Z"
"Национальный исследовательский университет ИТМО","03.03.02","Физика","bachelor","","true","30","13","2026","https://spb.postupi.online/vuz/universitet-itmo/specialnosti/bakalavr/","https://spb.postupi.online/vuz/universitet-itmo/specialnosti/bakalavr/","2026-07-07T00:34:00.161Z"
"Национальный исследовательский университет ИТМО","09.03.01","Информатика и вычислительная техника","bachelor","","true","30","30","2026","https://spb.postupi.online/vuz/universitet-itmo/specialnosti/bakalavr/","https://spb.postupi.online/vuz/universitet-itmo/specialnosti/bakalavr/","2026-07-07T00:34:00.161Z"
"Национальный исследовательский университет ИТМО","09.03.02","Информационные системы и технологии","bachelor","","true","175","480","2026","https://spb.postupi.online/vuz/universitet-itmo/specialnosti/bakalavr/","https://spb.postupi.online/vuz/universitet-itmo/specialnosti/bakalavr/","2026-07-07T00:34:00.161Z"
"Национальный исследовательский университет ИТМО","09.03.03","Прикладная информатика","bachelor","","true","30","55","2026","https://spb.postupi.online/vuz/universitet-itmo/specialnosti/bakalavr/","https://spb.postupi.online/vuz/universitet-itmo/specialnosti/bakalavr/","2026-07-07T00:34:00.161Z"
"Национальный исследовательский университет ИТМО","09.03.04","Программная инженерия","bachelor","","true","164","245","2026","https://spb.postupi.online/vuz/universitet-itmo/specialnosti/bakalavr/","https://spb.postupi.online/vuz/universitet-itmo/specialnosti/bakalavr/","2026-07-07T00:34:00.161Z"
"Национальный исследовательский университет ИТМО","10.03.01","Информационная безопасность","bachelor","","true","103","120","2026","https://spb.postupi.online/vuz/universitet-itmo/specialnosti/bakalavr/","https://spb.postupi.online/vuz/universitet-itmo/specialnosti/bakalavr/","2026-07-07T00:34:00.161Z"
"Национальный исследовательский университет ИТМО","11.03.02","Инфокоммуникационные технологии и системы связи","bachelor","","true","95","275","2026","https://spb.postupi.online/vuz/universitet-itmo/specialnosti/bakalavr/","https://spb.postupi.online/vuz/universitet-itmo/specialnosti/bakalavr/","2026-07-07T00:34:00.161Z"
"Национальный исследовательский университет ИТМО","12.03.01","Приборостроение","bachelor","","true","15","4","2026","https://spb.postupi.online/vuz/universitet-itmo/specialnosti/bakalavr/","https://spb.postupi.online/vuz/universitet-itmo/specialnosti/bakalavr/","2026-07-07T00:34:00.161Z"
"Национальный исследовательский университет ИТМО","12.03.03","Фотоника и оптоинформатика","bachelor","","true","56","14","2026","https://spb.postupi.online/vuz/universitet-itmo/specialnosti/bakalavr/","https://spb.postupi.online/vuz/universitet-itmo/specialnosti/bakalavr/","2026-07-07T00:34:00.161Z"
"Национальный исследовательский университет ИТМО","12.03.04","Биотехнические системы и технологии","bachelor","","true","25","40","2026","https://spb.postupi.online/vuz/universitet-itmo/specialnosti/bakalavr/","https://spb.postupi.online/vuz/universitet-itmo/specialnosti/bakalavr/","2026-07-07T00:34:00.161Z"
"Национальный исследовательский университет ИТМО","12.03.05","Лазерная техника и лазерные технологии","bachelor","","true","29","6","2026","https://spb.postupi.online/vuz/universitet-itmo/specialnosti/bakalavr/","https://spb.postupi.online/vuz/universitet-itmo/specialnosti/bakalavr/","2026-07-07T00:34:00.161Z"
"Национальный исследовательский университет ИТМО","13.03.02","Электроэнергетика и электротехника","bachelor","","true","15","4","2026","https://spb.postupi.online/vuz/universitet-itmo/specialnosti/bakalavr/","https://spb.postupi.online/vuz/universitet-itmo/specialnosti/bakalavr/","2026-07-07T00:34:00.161Z"
"Национальный исследовательский университет ИТМО","15.03.04","Автоматизация технологических процессов и производств","bachelor","","true","40","27","2026","https://spb.postupi.online/vuz/universitet-itmo/specialnosti/bakalavr/","https://spb.postupi.online/vuz/universitet-itmo/specialnosti/bakalavr/","2026-07-07T00:34:00.161Z"
"Национальный исследовательский университет ИТМО","15.03.06","Мехатроника и робототехника","bachelor","","true","40","28","2026","https://spb.postupi.online/vuz/universitet-itmo/specialnosti/bakalavr/","https://spb.postupi.online/vuz/universitet-itmo/specialnosti/bakalavr/","2026-07-07T00:34:00.161Z"
"Национальный исследовательский университет ИТМО","16.03.01","Техническая физика","bachelor","","true","75","25","2026","https://spb.postupi.online/vuz/universitet-itmo/specialnosti/bakalavr/","https://spb.postupi.online/vuz/universitet-itmo/specialnosti/bakalavr/","2026-07-07T00:34:00.161Z"
"Национальный исследовательский университет ИТМО","18.03.01","Химическая технология","bachelor","","true","33","22","2026","https://spb.postupi.online/vuz/universitet-itmo/specialnosti/bakalavr/","https://spb.postupi.online/vuz/universitet-itmo/specialnosti/bakalavr/","2026-07-07T00:34:00.161Z"
"Университет при Межпарламентской Ассамблее ЕврАзЭС","07.03.01","Архитектура","bachelor","","","","16","2026","https://spb.postupi.online/vuz/universitet-pri-mpa-evrazes/specialnosti/bakalavr/","https://spb.postupi.online/vuz/universitet-pri-mpa-evrazes/specialnosti/bakalavr/","2026-07-07T00:34:00.161Z"
"Университет при Межпарламентской Ассамблее ЕврАзЭС","09.03.02","Информационные системы и технологии","bachelor","","","","85","2026","https://spb.postupi.online/vuz/universitet-pri-mpa-evrazes/specialnosti/bakalavr/","https://spb.postupi.online/vuz/universitet-pri-mpa-evrazes/specialnosti/bakalavr/","2026-07-07T00:34:00.161Z"
"Университет при Межпарламентской Ассамблее ЕврАзЭС","09.03.03","Прикладная информатика","bachelor","","","","85","2026","https://spb.postupi.online/vuz/universitet-pri-mpa-evrazes/specialnosti/bakalavr/","https://spb.postupi.online/vuz/universitet-pri-mpa-evrazes/specialnosti/bakalavr/","2026-07-07T00:34:00.161Z"
"Университет при Межпарламентской Ассамблее ЕврАзЭС","09.03.04","Программная инженерия","bachelor","","","","85","2026","https://spb.postupi.online/vuz/universitet-pri-mpa-evrazes/specialnosti/bakalavr/","https://spb.postupi.online/vuz/universitet-pri-mpa-evrazes/specialnosti/bakalavr/","2026-07-07T00:34:00.161Z"
"Университет при Межпарламентской Ассамблее ЕврАзЭС","23.03.01","Технология транспортных процессов","bachelor","","","","300","2026","https://spb.postupi.online/vuz/universitet-pri-mpa-evrazes/specialnosti/bakalavr/","https://spb.postupi.online/vuz/universitet-pri-mpa-evrazes/specialnosti/bakalavr/","2026-07-07T00:34:00.161Z"
"Университет при Межпарламентской Ассамблее ЕврАзЭС","37.03.01","Психология","bachelor","","","","98","2026","https://spb.postupi.online/vuz/universitet-pri-mpa-evrazes/specialnosti/bakalavr/","https://spb.postupi.online/vuz/universitet-pri-mpa-evrazes/specialnosti/bakalavr/","2026-07-07T00:34:00.161Z"
"Университет при Межпарламентской Ассамблее ЕврАзЭС","38.03.01","Экономика","bachelor","","","","63","2026","https://spb.postupi.online/vuz/universitet-pri-mpa-evrazes/specialnosti/bakalavr/","https://spb.postupi.online/vuz/universitet-pri-mpa-evrazes/specialnosti/bakalavr/","2026-07-07T00:34:00.161Z"
"Университет при Межпарламентской Ассамблее ЕврАзЭС","38.03.02","Менеджмент","bachelor","","","","74","2026","https://spb.postupi.online/vuz/universitet-pri-mpa-evrazes/specialnosti/bakalavr/","https://spb.postupi.online/vuz/universitet-pri-mpa-evrazes/specialnosti/bakalavr/","2026-07-07T00:34:00.161Z"
"Университет при Межпарламентской Ассамблее ЕврАзЭС","38.03.04","Государственное и муниципальное управление","bachelor","","","","20","2026","https://spb.postupi.online/vuz/universitet-pri-mpa-evrazes/specialnosti/bakalavr/","https://spb.postupi.online/vuz/universitet-pri-mpa-evrazes/specialnosti/bakalavr/","2026-07-07T00:34:00.161Z"
"Университет при Межпарламентской Ассамблее ЕврАзЭС","38.03.05","Бизнес-информатика","bachelor","","","","50","2026","https://spb.postupi.online/vuz/universitet-pri-mpa-evrazes/specialnosti/bakalavr/","https://spb.postupi.online/vuz/universitet-pri-mpa-evrazes/specialnosti/bakalavr/","2026-07-07T00:34:00.161Z"
"Университет при Межпарламентской Ассамблее ЕврАзЭС","40.03.01","Юриспруденция","bachelor","","","","134","2026","https://spb.postupi.online/vuz/universitet-pri-mpa-evrazes/specialnosti/bakalavr/","https://spb.postupi.online/vuz/universitet-pri-mpa-evrazes/specialnosti/bakalavr/","2026-07-07T00:34:00.161Z"
"Университет при Межпарламентской Ассамблее ЕврАзЭС","42.03.01","Реклама и связи с общественностью","bachelor","","","","68","2026","https://spb.postupi.online/vuz/universitet-pri-mpa-evrazes/specialnosti/bakalavr/","https://spb.postupi.online/vuz/universitet-pri-mpa-evrazes/specialnosti/bakalavr/","2026-07-07T00:34:00.161Z"
"Университет при Межпарламентской Ассамблее ЕврАзЭС","43.03.01","Сервис","bachelor","","","","59","2026","https://spb.postupi.online/vuz/universitet-pri-mpa-evrazes/specialnosti/bakalavr/","https://spb.postupi.online/vuz/universitet-pri-mpa-evrazes/specialnosti/bakalavr/","2026-07-07T00:34:00.161Z"
"Университет при Межпарламентской Ассамблее ЕврАзЭС","43.03.02","Туризм","bachelor","","","","170","2026","https://spb.postupi.online/vuz/universitet-pri-mpa-evrazes/specialnosti/bakalavr/","https://spb.postupi.online/vuz/universitet-pri-mpa-evrazes/specialnosti/bakalavr/","2026-07-07T00:34:00.161Z"
"Университет при Межпарламентской Ассамблее ЕврАзЭС","43.03.03","Гостиничное дело","bachelor","","","","95","2026","https://spb.postupi.online/vuz/universitet-pri-mpa-evrazes/specialnosti/bakalavr/","https://spb.postupi.online/vuz/universitet-pri-mpa-evrazes/specialnosti/bakalavr/","2026-07-07T00:34:00.161Z"
"Университет при Межпарламентской Ассамблее ЕврАзЭС","44.03.02","Психолого-педагогическое образование","bachelor","","","","125","2026","https://spb.postupi.online/vuz/universitet-pri-mpa-evrazes/specialnosti/bakalavr/","https://spb.postupi.online/vuz/universitet-pri-mpa-evrazes/specialnosti/bakalavr/","2026-07-07T00:34:00.161Z"
"Университет при Межпарламентской Ассамблее ЕврАзЭС","54.03.01","Дизайн","bachelor","","","","320","2026","https://spb.postupi.online/vuz/universitet-pri-mpa-evrazes/specialnosti/bakalavr/","https://spb.postupi.online/vuz/universitet-pri-mpa-evrazes/specialnosti/bakalavr/","2026-07-07T00:34:00.161Z"
"Университет при Межпарламентской Ассамблее ЕврАзЭС","54.03.02","Декоративно-прикладное искусство и народные промыслы","bachelor","","","","50","2026","https://spb.postupi.online/vuz/universitet-pri-mpa-evrazes/specialnosti/bakalavr/","https://spb.postupi.online/vuz/universitet-pri-mpa-evrazes/specialnosti/bakalavr/","2026-07-07T00:34:00.161Z"
"Высшая школа менеджмента СПбГУ","38.03.02","Менеджмент","bachelor","","true","78","162","2026","https://spb.postupi.online/vuz/vshm-spbgu/specialnosti/bakalavr/","https://spb.postupi.online/vuz/vshm-spbgu/specialnosti/bakalavr/","2026-07-07T00:34:00.161Z"
"Высшая школа менеджмента СПбГУ","38.03.04","Государственное и муниципальное управление","bachelor","","true","18","45","2026","https://spb.postupi.online/vuz/vshm-spbgu/specialnosti/bakalavr/","https://spb.postupi.online/vuz/vshm-spbgu/specialnosti/bakalavr/","2026-07-07T00:34:00.161Z"
"Высший художественно-технический институт","09.03.03","Прикладная информатика","bachelor","","","","170","2026","https://spb.postupi.online/vuz/vxutein/specialnosti/bakalavr/","https://spb.postupi.online/vuz/vxutein/specialnosti/bakalavr/","2026-07-07T00:34:00.161Z"
"Высший художественно-технический институт","42.03.04","Телевидение","bachelor","","","","22","2026","https://spb.postupi.online/vuz/vxutein/specialnosti/bakalavr/","https://spb.postupi.online/vuz/vxutein/specialnosti/bakalavr/","2026-07-07T00:34:00.161Z"
"Высший художественно-технический институт","54.03.01","Дизайн","bachelor","","","","280","2026","https://spb.postupi.online/vuz/vxutein/specialnosti/bakalavr/","https://spb.postupi.online/vuz/vxutein/specialnosti/bakalavr/","2026-07-07T00:34:00.161Z"
"Российский университет традиционных художественных промыслов","50.03.04","Теория и история искусств","bachelor","","","","40","2026","https://spb.postupi.online/vuz/vysshaya-shkola-narodnyh-iskusstv-institut/specialnosti/bakalavr/","https://spb.postupi.online/vuz/vysshaya-shkola-narodnyh-iskusstv-institut/specialnosti/bakalavr/","2026-07-07T00:34:00.161Z"
"Российский университет традиционных художественных промыслов","54.03.02","Декоративно-прикладное искусство и народные промыслы","bachelor","","true","46","20","2026","https://spb.postupi.online/vuz/vysshaya-shkola-narodnyh-iskusstv-institut/specialnosti/bakalavr/","https://spb.postupi.online/vuz/vysshaya-shkola-narodnyh-iskusstv-institut/specialnosti/bakalavr/","2026-07-07T00:34:00.161Z"