institution_name,specialty_code,program_name,level,form,has_budget_places,budget_places_count,paid_places_count,admission_year,link,source_url,parsed_at
"Академия управления и производства","09.03.02","Информационные системы и технологии","bachelor","","","","530","2026","https://msk.postupi.online/vuz/akademiya-upravleniya-i-proizvodstva/specialnosti/bakalavr/","https://msk.postupi.online/vuz/akademiya-upravleniya-i-proizvodstva/specialnosti/bakalavr/","2026-07-08T20:19:37.483Z"
"Академия управления и производства","13.03.02","Электроэнергетика и электротехника","bachelor","","","","830","2026","https://msk.postupi.online/vuz/akademiya-upravleniya-i-proizvodstva/specialnosti/bakalavr/","https://msk.postupi.online/vuz/akademiya-upravleniya-i-proizvodstva/specialnosti/bakalavr/","2026-07-08T20:19:37.483Z"
"Академия управления и производства","37.03.01","Психология","bachelor","","","","357","2026","https://msk.postupi.online/vuz/akademiya-upravleniya-i-proizvodstva/specialnosti/bakalavr/","https://msk.postupi.online/vuz/akademiya-upravleniya-i-proizvodstva/specialnosti/bakalavr/","2026-07-08T20:19:37.483Z"
"Академия управления и производства","38.03.01","Экономика","bachelor","","","","202","2026","https://msk.postupi.online/vuz/akademiya-upravleniya-i-proizvodstva/specialnosti/bakalavr/","https://msk.postupi.online/vuz/akademiya-upravleniya-i-proizvodstva/specialnosti/bakalavr/","2026-07-08T20:19:37.483Z"
"Академия управления и производства","38.03.02","Менеджмент","bachelor","","","","429","2026","https://msk.postupi.online/vuz/akademiya-upravleniya-i-proizvodstva/specialnosti/bakalavr/","https://msk.postupi.online/vuz/akademiya-upravleniya-i-proizvodstva/specialnosti/bakalavr/","2026-07-08T20:19:37.483Z"
"Академия управления и производства","38.03.04","Государственное и муниципальное управление","bachelor","","","","378","2026","https://msk.postupi.online/vuz/akademiya-upravleniya-i-proizvodstva/specialnosti/bakalavr/","https://msk.postupi.online/vuz/akademiya-upravleniya-i-proizvodstva/specialnosti/bakalavr/","2026-07-08T20:19:37.483Z"
"Академия управления и производства","40.03.01","Юриспруденция","bachelor","","","","533","2026","https://msk.postupi.online/vuz/akademiya-upravleniya-i-proizvodstva/specialnosti/bakalavr/","https://msk.postupi.online/vuz/akademiya-upravleniya-i-proizvodstva/specialnosti/bakalavr/","2026-07-08T20:19:37.483Z"
"Академия управления и производства","44.03.01","Педагогическое образование","bachelor","","","","530","2026","https://msk.postupi.online/vuz/akademiya-upravleniya-i-proizvodstva/specialnosti/bakalavr/","https://msk.postupi.online/vuz/akademiya-upravleniya-i-proizvodstva/specialnosti/bakalavr/","2026-07-08T20:19:37.483Z"
"Академия труда и социальных отношений","20.03.01","Техносферная безопасность","bachelor","","","","40","2026","https://msk.postupi.online/vuz/atiso/specialnosti/bakalavr/","https://msk.postupi.online/vuz/atiso/specialnosti/bakalavr/","2026-07-08T20:19:37.483Z"
"Академия труда и социальных отношений","27.03.05","Инноватика","bachelor","","","","5","2026","https://msk.postupi.online/vuz/atiso/specialnosti/bakalavr/","https://msk.postupi.online/vuz/atiso/specialnosti/bakalavr/","2026-07-08T20:19:37.483Z"
"Академия труда и социальных отношений","37.03.01","Психология","bachelor","","","","10","2026","https://msk.postupi.online/vuz/atiso/specialnosti/bakalavr/","https://msk.postupi.online/vuz/atiso/specialnosti/bakalavr/","2026-07-08T20:19:37.483Z"
"Академия труда и социальных отношений","38.03.01","Экономика","bachelor","","","","14","2026","https://msk.postupi.online/vuz/atiso/specialnosti/bakalavr/","https://msk.postupi.online/vuz/atiso/specialnosti/bakalavr/","2026-07-08T20:19:37.483Z"
"Академия труда и социальных отношений","38.03.03","Управление персоналом","bachelor","","","","20","2026","https://msk.postupi.online/vuz/atiso/specialnosti/bakalavr/","https://msk.postupi.online/vuz/atiso/specialnosti/bakalavr/","2026-07-08T20:19:37.483Z"
"Академия труда и социальных отношений","39.03.02","Социальная работа","bachelor","","","","120","2026","https://msk.postupi.online/vuz/atiso/specialnosti/bakalavr/","https://msk.postupi.online/vuz/atiso/specialnosti/bakalavr/","2026-07-08T20:19:37.483Z"
"Академия труда и социальных отношений","41.03.04","Политология","bachelor","","","","130","2026","https://msk.postupi.online/vuz/atiso/specialnosti/bakalavr/","https://msk.postupi.online/vuz/atiso/specialnosti/bakalavr/","2026-07-08T20:19:37.483Z"
"Академия труда и социальных отношений","42.03.01","Реклама и связи с общественностью","bachelor","","","","25","2026","https://msk.postupi.online/vuz/atiso/specialnosti/bakalavr/","https://msk.postupi.online/vuz/atiso/specialnosti/bakalavr/","2026-07-08T20:19:37.483Z"
"Академия труда и социальных отношений","43.03.01","Сервис","bachelor","","","","40","2026","https://msk.postupi.online/vuz/atiso/specialnosti/bakalavr/","https://msk.postupi.online/vuz/atiso/specialnosti/bakalavr/","2026-07-08T20:19:37.483Z"
"Академия труда и социальных отношений","43.03.02","Туризм","bachelor","","","","150","2026","https://msk.postupi.online/vuz/atiso/specialnosti/bakalavr/","https://msk.postupi.online/vuz/atiso/specialnosti/bakalavr/","2026-07-08T20:19:37.483Z"
"Академия труда и социальных отношений","43.03.03","Гостиничное дело","bachelor","","","","150","2026","https://msk.postupi.online/vuz/atiso/specialnosti/bakalavr/","https://msk.postupi.online/vuz/atiso/specialnosti/bakalavr/","2026-07-08T20:19:37.483Z"
"Академия труда и социальных отношений","44.03.04","Профессиональное обучение (по отраслям)","bachelor","","","","5","2026","https://msk.postupi.online/vuz/atiso/specialnosti/bakalavr/","https://msk.postupi.online/vuz/atiso/specialnosti/bakalavr/","2026-07-08T20:19:37.483Z"
"Академия труда и социальных отношений","45.03.02","Лингвистика","bachelor","","","","20","2026","https://msk.postupi.online/vuz/atiso/specialnosti/bakalavr/","https://msk.postupi.online/vuz/atiso/specialnosti/bakalavr/","2026-07-08T20:19:37.483Z"
"Белорусско-Российский университет","01.03.04","Прикладная математика","bachelor","","true","20","","2026","https://msk.postupi.online/vuz/belorussko-rossiyskiy-universitet/specialnosti/bakalavr/","https://msk.postupi.online/vuz/belorussko-rossiyskiy-universitet/specialnosti/bakalavr/","2026-07-08T20:19:37.483Z"
"Белорусско-Российский университет","09.03.01","Информатика и вычислительная техника","bachelor","","true","15","","2026","https://msk.postupi.online/vuz/belorussko-rossiyskiy-universitet/specialnosti/bakalavr/","https://msk.postupi.online/vuz/belorussko-rossiyskiy-universitet/specialnosti/bakalavr/","2026-07-08T20:19:37.483Z"
"Белорусско-Российский университет","09.03.04","Программная инженерия","bachelor","","true","15","","2026","https://msk.postupi.online/vuz/belorussko-rossiyskiy-universitet/specialnosti/bakalavr/","https://msk.postupi.online/vuz/belorussko-rossiyskiy-universitet/specialnosti/bakalavr/","2026-07-08T20:19:37.483Z"
"Белорусско-Российский университет","15.03.01","Машиностроение","bachelor","","true","40","","2026","https://msk.postupi.online/vuz/belorussko-rossiyskiy-universitet/specialnosti/bakalavr/","https://msk.postupi.online/vuz/belorussko-rossiyskiy-universitet/specialnosti/bakalavr/","2026-07-08T20:19:37.483Z"
"Белорусско-Российский университет","15.03.03","Прикладная механика","bachelor","","true","40","","2026","https://msk.postupi.online/vuz/belorussko-rossiyskiy-universitet/specialnosti/bakalavr/","https://msk.postupi.online/vuz/belorussko-rossiyskiy-universitet/specialnosti/bakalavr/","2026-07-08T20:19:37.483Z"
"Белорусско-Российский университет","15.03.06","Мехатроника и робототехника","bachelor","","true","40","","2026","https://msk.postupi.online/vuz/belorussko-rossiyskiy-universitet/specialnosti/bakalavr/","https://msk.postupi.online/vuz/belorussko-rossiyskiy-universitet/specialnosti/bakalavr/","2026-07-08T20:19:37.483Z"
"Белорусско-Российский университет","21.03.01","Нефтегазовое дело","bachelor","","true","20","","2026","https://msk.postupi.online/vuz/belorussko-rossiyskiy-universitet/specialnosti/bakalavr/","https://msk.postupi.online/vuz/belorussko-rossiyskiy-universitet/specialnosti/bakalavr/","2026-07-08T20:19:37.483Z"
"Белорусско-Российский университет","38.03.02","Менеджмент","bachelor","","true","30","","2026","https://msk.postupi.online/vuz/belorussko-rossiyskiy-universitet/specialnosti/bakalavr/","https://msk.postupi.online/vuz/belorussko-rossiyskiy-universitet/specialnosti/bakalavr/","2026-07-08T20:19:37.483Z"
"Белорусско-Российский университет","41.03.01","Зарубежное регионоведение","bachelor","","true","20","","2026","https://msk.postupi.online/vuz/belorussko-rossiyskiy-universitet/specialnosti/bakalavr/","https://msk.postupi.online/vuz/belorussko-rossiyskiy-universitet/specialnosti/bakalavr/","2026-07-08T20:19:37.483Z"
"Еврейский университет","09.03.03","Прикладная информатика","bachelor","","","","60","2026","https://msk.postupi.online/vuz/evrejskij-universitet/specialnosti/bakalavr/","https://msk.postupi.online/vuz/evrejskij-universitet/specialnosti/bakalavr/","2026-07-08T20:19:37.483Z"
"Еврейский университет","38.03.01","Экономика","bachelor","","","","15","2026","https://msk.postupi.online/vuz/evrejskij-universitet/specialnosti/bakalavr/","https://msk.postupi.online/vuz/evrejskij-universitet/specialnosti/bakalavr/","2026-07-08T20:19:37.483Z"
"Еврейский университет","40.03.01","Юриспруденция","bachelor","","","","12","2026","https://msk.postupi.online/vuz/evrejskij-universitet/specialnosti/bakalavr/","https://msk.postupi.online/vuz/evrejskij-universitet/specialnosti/bakalavr/","2026-07-08T20:19:37.483Z"
"Еврейский университет","42.03.01","Реклама и связи с общественностью","bachelor","","","","22","2026","https://msk.postupi.online/vuz/evrejskij-universitet/specialnosti/bakalavr/","https://msk.postupi.online/vuz/evrejskij-universitet/specialnosti/bakalavr/","2026-07-08T20:19:37.483Z"
"Еврейский университет","48.03.01","Теология","bachelor","","true","15","55","2026","https://msk.postupi.online/vuz/evrejskij-universitet/specialnosti/bakalavr/","https://msk.postupi.online/vuz/evrejskij-universitet/specialnosti/bakalavr/","2026-07-08T20:19:37.483Z"
"Финансовый университет при Правительстве Российской Федерации","01.03.02","Прикладная математика и информатика","bachelor","","true","113","52","2026","https://msk.postupi.online/vuz/fu/specialnosti/bakalavr/","https://msk.postupi.online/vuz/fu/specialnosti/bakalavr/","2026-07-08T20:19:37.483Z"
"Финансовый университет при Правительстве Российской Федерации","02.03.01","Математика и компьютерные науки","bachelor","","true","8","80","2026","https://msk.postupi.online/vuz/fu/specialnosti/bakalavr/","https://msk.postupi.online/vuz/fu/specialnosti/bakalavr/","2026-07-08T20:19:37.483Z"
"Финансовый университет при Правительстве Российской Федерации","09.03.02","Информационные системы и технологии","bachelor","","","","25","2026","https://msk.postupi.online/vuz/fu/specialnosti/bakalavr/","https://msk.postupi.online/vuz/fu/specialnosti/bakalavr/","2026-07-08T20:19:37.483Z"
"Финансовый университет при Правительстве Российской Федерации","09.03.03","Прикладная информатика","bachelor","","true","142","121","2026","https://msk.postupi.online/vuz/fu/specialnosti/bakalavr/","https://msk.postupi.online/vuz/fu/specialnosti/bakalavr/","2026-07-08T20:19:37.483Z"
"Финансовый университет при Правительстве Российской Федерации","09.03.04","Программная инженерия","bachelor","","true","38","92","2026","https://msk.postupi.online/vuz/fu/specialnosti/bakalavr/","https://msk.postupi.online/vuz/fu/specialnosti/bakalavr/","2026-07-08T20:19:37.483Z"
"Финансовый университет при Правительстве Российской Федерации","10.03.01","Информационная безопасность","bachelor","","true","93","70","2026","https://msk.postupi.online/vuz/fu/specialnosti/bakalavr/","https://msk.postupi.online/vuz/fu/specialnosti/bakalavr/","2026-07-08T20:19:37.483Z"
"Финансовый университет при Правительстве Российской Федерации","27.03.05","Инноватика","bachelor","","true","21","35","2026","https://msk.postupi.online/vuz/fu/specialnosti/bakalavr/","https://msk.postupi.online/vuz/fu/specialnosti/bakalavr/","2026-07-08T20:19:37.483Z"
"Финансовый университет при Правительстве Российской Федерации","37.03.01","Психология","bachelor","","","","40","2026","https://msk.postupi.online/vuz/fu/specialnosti/bakalavr/","https://msk.postupi.online/vuz/fu/specialnosti/bakalavr/","2026-07-08T20:19:37.483Z"
"Финансовый университет при Правительстве Российской Федерации","38.03.01","Экономика","bachelor","","true","575","","2026","https://msk.postupi.online/vuz/fu/specialnosti/bakalavr/","https://msk.postupi.online/vuz/fu/specialnosti/bakalavr/","2026-07-08T20:19:37.483Z"
"Финансовый университет при Правительстве Российской Федерации","38.03.02","Менеджмент","bachelor","","true","125","642","2026","https://msk.postupi.online/vuz/fu/specialnosti/bakalavr/","https://msk.postupi.online/vuz/fu/specialnosti/bakalavr/","2026-07-08T20:19:37.483Z"
"Финансовый университет при Правительстве Российской Федерации","38.03.03","Управление персоналом","bachelor","","true","10","71","2026","https://msk.postupi.online/vuz/fu/specialnosti/bakalavr/","https://msk.postupi.online/vuz/fu/specialnosti/bakalavr/","2026-07-08T20:19:37.483Z"
"Финансовый университет при Правительстве Российской Федерации","38.03.04","Государственное и муниципальное управление","bachelor","","true","49","203","2026","https://msk.postupi.online/vuz/fu/specialnosti/bakalavr/","https://msk.postupi.online/vuz/fu/specialnosti/bakalavr/","2026-07-08T20:19:37.483Z"
"Финансовый университет при Правительстве Российской Федерации","38.03.05","Бизнес-информатика","bachelor","","true","22","184","2026","https://msk.postupi.online/vuz/fu/specialnosti/bakalavr/","https://msk.postupi.online/vuz/fu/specialnosti/bakalavr/","2026-07-08T20:19:37.483Z"
"Финансовый университет при Правительстве Российской Федерации","38.03.06","Торговое дело","bachelor","","true","5","35","2026","https://msk.postupi.online/vuz/fu/specialnosti/bakalavr/","https://msk.postupi.online/vuz/fu/specialnosti/bakalavr/","2026-07-08T20:19:37.483Z"
"Финансовый университет при Правительстве Российской Федерации","39.03.01","Социология","bachelor","","true","100","75","2026","https://msk.postupi.online/vuz/fu/specialnosti/bakalavr/","https://msk.postupi.online/vuz/fu/specialnosti/bakalavr/","2026-07-08T20:19:37.483Z"
"Финансовый университет при Правительстве Российской Федерации","40.03.01","Юриспруденция","bachelor","","true","212","119","2026","https://msk.postupi.online/vuz/fu/specialnosti/bakalavr/","https://msk.postupi.online/vuz/fu/specialnosti/bakalavr/","2026-07-08T20:19:37.483Z"
"Финансовый университет при Правительстве Российской Федерации","41.03.04","Политология","bachelor","","true","122","65","2026","https://msk.postupi.online/vuz/fu/specialnosti/bakalavr/","https://msk.postupi.online/vuz/fu/specialnosti/bakalavr/","2026-07-08T20:19:37.483Z"
"Финансовый университет при Правительстве Российской Федерации","41.03.05","Международные отношения","bachelor","","","","33","2026","https://msk.postupi.online/vuz/fu/specialnosti/bakalavr/","https://msk.postupi.online/vuz/fu/specialnosti/bakalavr/","2026-07-08T20:19:37.483Z"
"Финансовый университет при Правительстве Российской Федерации","42.03.01","Реклама и связи с общественностью","bachelor","","true","97","279","2026","https://msk.postupi.online/vuz/fu/specialnosti/bakalavr/","https://msk.postupi.online/vuz/fu/specialnosti/bakalavr/","2026-07-08T20:19:37.483Z"
"Финансовый университет при Правительстве Российской Федерации","43.03.02","Туризм","bachelor","","true","17","10","2026","https://msk.postupi.online/vuz/fu/specialnosti/bakalavr/","https://msk.postupi.online/vuz/fu/specialnosti/bakalavr/","2026-07-08T20:19:37.483Z"
"Государственный академический университет гуманитарных наук","37.03.01","Психология","bachelor","","true","1","42","2026","https://msk.postupi.online/vuz/gaugn/specialnosti/bakalavr/","https://msk.postupi.online/vuz/gaugn/specialnosti/bakalavr/","2026-07-08T20:19:37.483Z"
"Государственный академический университет гуманитарных наук","38.03.01","Экономика","bachelor","","true","1","198","2026","https://msk.postupi.online/vuz/gaugn/specialnosti/bakalavr/","https://msk.postupi.online/vuz/gaugn/specialnosti/bakalavr/","2026-07-08T20:19:37.483Z"
"Государственный академический университет гуманитарных наук","38.03.02","Менеджмент","bachelor","","","","47","2026","https://msk.postupi.online/vuz/gaugn/specialnosti/bakalavr/","https://msk.postupi.online/vuz/gaugn/specialnosti/bakalavr/","2026-07-08T20:19:37.483Z"
"Государственный академический университет гуманитарных наук","39.03.01","Социология","bachelor","","true","40","17","2026","https://msk.postupi.online/vuz/gaugn/specialnosti/bakalavr/","https://msk.postupi.online/vuz/gaugn/specialnosti/bakalavr/","2026-07-08T20:19:37.483Z"
"Государственный академический университет гуманитарных наук","40.03.01","Юриспруденция","bachelor","","","","65","2026","https://msk.postupi.online/vuz/gaugn/specialnosti/bakalavr/","https://msk.postupi.online/vuz/gaugn/specialnosti/bakalavr/","2026-07-08T20:19:37.483Z"
"Государственный академический университет гуманитарных наук","41.03.01","Зарубежное регионоведение","bachelor","","true","5","4","2026","https://msk.postupi.online/vuz/gaugn/specialnosti/bakalavr/","https://msk.postupi.online/vuz/gaugn/specialnosti/bakalavr/","2026-07-08T20:19:37.483Z"
"Государственный академический университет гуманитарных наук","41.03.04","Политология","bachelor","","true","2","28","2026","https://msk.postupi.online/vuz/gaugn/specialnosti/bakalavr/","https://msk.postupi.online/vuz/gaugn/specialnosti/bakalavr/","2026-07-08T20:19:37.483Z"
"Государственный академический университет гуманитарных наук","41.03.05","Международные отношения","bachelor","","","","25","2026","https://msk.postupi.online/vuz/gaugn/specialnosti/bakalavr/","https://msk.postupi.online/vuz/gaugn/specialnosti/bakalavr/","2026-07-08T20:19:37.483Z"
"Государственный академический университет гуманитарных наук","45.03.02","Лингвистика","bachelor","","","","59","2026","https://msk.postupi.online/vuz/gaugn/specialnosti/bakalavr/","https://msk.postupi.online/vuz/gaugn/specialnosti/bakalavr/","2026-07-08T20:19:37.483Z"
"Государственный академический университет гуманитарных наук","46.03.01","История","bachelor","","true","20","75","2026","https://msk.postupi.online/vuz/gaugn/specialnosti/bakalavr/","https://msk.postupi.online/vuz/gaugn/specialnosti/bakalavr/","2026-07-08T20:19:37.483Z"
"Государственный академический университет гуманитарных наук","47.03.01","Философия","bachelor","","true","9","21","2026","https://msk.postupi.online/vuz/gaugn/specialnosti/bakalavr/","https://msk.postupi.online/vuz/gaugn/specialnosti/bakalavr/","2026-07-08T20:19:37.483Z"
"Государственный академический университет гуманитарных наук","58.03.01","Востоковедение и африканистика","bachelor","","true","3","57","2026","https://msk.postupi.online/vuz/gaugn/specialnosti/bakalavr/","https://msk.postupi.online/vuz/gaugn/specialnosti/bakalavr/","2026-07-08T20:19:37.483Z"
"Государственный академический университет гуманитарных наук","51.03.01","Культурология","bachelor","","true","1","55","2026","https://msk.postupi.online/vuz/gaugn/specialnosti/bakalavr/","https://msk.postupi.online/vuz/gaugn/specialnosti/bakalavr/","2026-07-08T20:19:37.483Z"
"Российский институт театрального искусства – ГИТИС","52.03.01","Хореографическое искусство","bachelor","","true","25","21","2026","https://msk.postupi.online/vuz/gitis/specialnosti/bakalavr/","https://msk.postupi.online/vuz/gitis/specialnosti/bakalavr/","2026-07-08T20:19:37.483Z"
"Российский институт театрального искусства – ГИТИС","52.03.04","Технология художественного оформления спектакля","bachelor","","true","8","2","2026","https://msk.postupi.online/vuz/gitis/specialnosti/bakalavr/","https://msk.postupi.online/vuz/gitis/specialnosti/bakalavr/","2026-07-08T20:19:37.483Z"
"Российский институт театрального искусства – ГИТИС","52.03.05","Театроведение","bachelor","","true","17","10","2026","https://msk.postupi.online/vuz/gitis/specialnosti/bakalavr/","https://msk.postupi.online/vuz/gitis/specialnosti/bakalavr/","2026-07-08T20:19:37.483Z"
"Российский институт театрального искусства – ГИТИС","52.03.06","Драматургия","bachelor","","true","7","5","2026","https://msk.postupi.online/vuz/gitis/specialnosti/bakalavr/","https://msk.postupi.online/vuz/gitis/specialnosti/bakalavr/","2026-07-08T20:19:37.483Z"
"Институт кино и телевидения (ГИТР)","42.03.02","Журналистика","bachelor","","","","47","2026","https://msk.postupi.online/vuz/gitr/specialnosti/bakalavr/","https://msk.postupi.online/vuz/gitr/specialnosti/bakalavr/","2026-07-08T20:19:37.483Z"
"Институт кино и телевидения (ГИТР)","42.03.04","Телевидение","bachelor","","","","12","2026","https://msk.postupi.online/vuz/gitr/specialnosti/bakalavr/","https://msk.postupi.online/vuz/gitr/specialnosti/bakalavr/","2026-07-08T20:19:37.483Z"
"Институт кино и телевидения (ГИТР)","42.03.05","Медиакоммуникации","bachelor","","","","25","2026","https://msk.postupi.online/vuz/gitr/specialnosti/bakalavr/","https://msk.postupi.online/vuz/gitr/specialnosti/bakalavr/","2026-07-08T20:19:37.483Z"
"Институт кино и телевидения (ГИТР)","52.03.06","Драматургия","bachelor","","true","2","58","2026","https://msk.postupi.online/vuz/gitr/specialnosti/bakalavr/","https://msk.postupi.online/vuz/gitr/specialnosti/bakalavr/","2026-07-08T20:19:37.483Z"
"Государственный музыкально-педагогический институт имени М.М. Ипполитова-Иванова","53.03.01","Музыкальное искусство эстрады","bachelor","","","","10","2026","https://msk.postupi.online/vuz/gmpi-im-m-m-ippolitova-ivanova/specialnosti/bakalavr/","https://msk.postupi.online/vuz/gmpi-im-m-m-ippolitova-ivanova/specialnosti/bakalavr/","2026-07-08T20:19:37.483Z"
"Государственный музыкально-педагогический институт имени М.М. Ипполитова-Иванова","53.03.04","Искусство народного пения","bachelor","","true","4","1","2026","https://msk.postupi.online/vuz/gmpi-im-m-m-ippolitova-ivanova/specialnosti/bakalavr/","https://msk.postupi.online/vuz/gmpi-im-m-m-ippolitova-ivanova/specialnosti/bakalavr/","2026-07-08T20:19:37.483Z"
"Государственный институт русского языка им. А.С. Пушкина","45.03.01","Филология","bachelor","","true","175","10","2026","https://msk.postupi.online/vuz/gos-irya-im-a-s-pushkina/specialnosti/bakalavr/","https://msk.postupi.online/vuz/gos-irya-im-a-s-pushkina/specialnosti/bakalavr/","2026-07-08T20:19:37.483Z"
"Государственный университет управления","01.03.05","Статистика","bachelor","","","","25","2026","https://msk.postupi.online/vuz/guu/specialnosti/bakalavr/","https://msk.postupi.online/vuz/guu/specialnosti/bakalavr/","2026-07-08T20:19:37.483Z"
"Государственный университет управления","09.03.03","Прикладная информатика","bachelor","","true","14","60","2026","https://msk.postupi.online/vuz/guu/specialnosti/bakalavr/","https://msk.postupi.online/vuz/guu/specialnosti/bakalavr/","2026-07-08T20:19:37.483Z"
"Государственный университет управления","27.03.05","Инноватика","bachelor","","true","17","50","2026","https://msk.postupi.online/vuz/guu/specialnosti/bakalavr/","https://msk.postupi.online/vuz/guu/specialnosti/bakalavr/","2026-07-08T20:19:37.483Z"
"Государственный университет управления","37.03.01","Психология","bachelor","","","","13","2026","https://msk.postupi.online/vuz/guu/specialnosti/bakalavr/","https://msk.postupi.online/vuz/guu/specialnosti/bakalavr/","2026-07-08T20:19:37.483Z"
"Государственный университет управления","38.03.01","Экономика","bachelor","","true","10","303","2026","https://msk.postupi.online/vuz/guu/specialnosti/bakalavr/","https://msk.postupi.online/vuz/guu/specialnosti/bakalavr/","2026-07-08T20:19:37.483Z"
"Государственный университет управления","38.03.02","Менеджмент","bachelor","","true","30","562","2026","https://msk.postupi.online/vuz/guu/specialnosti/bakalavr/","https://msk.postupi.online/vuz/guu/specialnosti/bakalavr/","2026-07-08T20:19:37.483Z"
"Государственный университет управления","38.03.03","Управление персоналом","bachelor","","","","75","2026","https://msk.postupi.online/vuz/guu/specialnosti/bakalavr/","https://msk.postupi.online/vuz/guu/specialnosti/bakalavr/","2026-07-08T20:19:37.483Z"
"Государственный университет управления","38.03.04","Государственное и муниципальное управление","bachelor","","true","10","129","2026","https://msk.postupi.online/vuz/guu/specialnosti/bakalavr/","https://msk.postupi.online/vuz/guu/specialnosti/bakalavr/","2026-07-08T20:19:37.483Z"
"Государственный университет управления","38.03.05","Бизнес-информатика","bachelor","","true","5","84","2026","https://msk.postupi.online/vuz/guu/specialnosti/bakalavr/","https://msk.postupi.online/vuz/guu/specialnosti/bakalavr/","2026-07-08T20:19:37.483Z"
"Государственный университет управления","39.03.01","Социология","bachelor","","","","25","2026","https://msk.postupi.online/vuz/guu/specialnosti/bakalavr/","https://msk.postupi.online/vuz/guu/specialnosti/bakalavr/","2026-07-08T20:19:37.483Z"
"Государственный университет управления","39.03.03","Организация работы с молодежью","bachelor","","true","22","10","2026","https://msk.postupi.online/vuz/guu/specialnosti/bakalavr/","https://msk.postupi.online/vuz/guu/specialnosti/bakalavr/","2026-07-08T20:19:37.483Z"
"Государственный университет управления","40.03.01","Юриспруденция","bachelor","","","","120","2026","https://msk.postupi.online/vuz/guu/specialnosti/bakalavr/","https://msk.postupi.online/vuz/guu/specialnosti/bakalavr/","2026-07-08T20:19:37.483Z"
"Государственный университет управления","41.03.04","Политология","bachelor","","","","80","2026","https://msk.postupi.online/vuz/guu/specialnosti/bakalavr/","https://msk.postupi.online/vuz/guu/specialnosti/bakalavr/","2026-07-08T20:19:37.483Z"
"Государственный университет управления","42.03.01","Реклама и связи с общественностью","bachelor","","","","198","2026","https://msk.postupi.online/vuz/guu/specialnosti/bakalavr/","https://msk.postupi.online/vuz/guu/specialnosti/bakalavr/","2026-07-08T20:19:37.483Z"
"Государственный университет управления","43.03.03","Гостиничное дело","bachelor","","true","17","50","2026","https://msk.postupi.online/vuz/guu/specialnosti/bakalavr/","https://msk.postupi.online/vuz/guu/specialnosti/bakalavr/","2026-07-08T20:19:37.483Z"
"Государственный университет по землеустройству","07.03.01","Архитектура","bachelor","","true","50","200","2026","https://msk.postupi.online/vuz/guz/specialnosti/bakalavr/","https://msk.postupi.online/vuz/guz/specialnosti/bakalavr/","2026-07-08T20:19:37.483Z"
"Государственный университет по землеустройству","20.03.01","Техносферная безопасность","bachelor","","true","17","10","2026","https://msk.postupi.online/vuz/guz/specialnosti/bakalavr/","https://msk.postupi.online/vuz/guz/specialnosti/bakalavr/","2026-07-08T20:19:37.483Z"
"Государственный университет по землеустройству","21.03.02","Землеустройство и кадастры","bachelor","","true","275","184","2026","https://msk.postupi.online/vuz/guz/specialnosti/bakalavr/","https://msk.postupi.online/vuz/guz/specialnosti/bakalavr/","2026-07-08T20:19:37.483Z"
"Государственный университет по землеустройству","21.03.03","Геодезия и дистанционное зондирование","bachelor","","true","48","35","2026","https://msk.postupi.online/vuz/guz/specialnosti/bakalavr/","https://msk.postupi.online/vuz/guz/specialnosti/bakalavr/","2026-07-08T20:19:37.483Z"
"Государственный университет по землеустройству","35.03.10","Ландшафтная архитектура","bachelor","","true","130","25","2026","https://msk.postupi.online/vuz/guz/specialnosti/bakalavr/","https://msk.postupi.online/vuz/guz/specialnosti/bakalavr/","2026-07-08T20:19:37.483Z"
"Государственный университет по землеустройству","38.03.02","Менеджмент","bachelor","","","","85","2026","https://msk.postupi.online/vuz/guz/specialnosti/bakalavr/","https://msk.postupi.online/vuz/guz/specialnosti/bakalavr/","2026-07-08T20:19:37.483Z"
"Государственный университет по землеустройству","40.03.01","Юриспруденция","bachelor","","","","75","2026","https://msk.postupi.online/vuz/guz/specialnosti/bakalavr/","https://msk.postupi.online/vuz/guz/specialnosti/bakalavr/","2026-07-08T20:19:37.483Z"
"Государственный университет по землеустройству","54.03.01","Дизайн","bachelor","","","","30","2026","https://msk.postupi.online/vuz/guz/specialnosti/bakalavr/","https://msk.postupi.online/vuz/guz/specialnosti/bakalavr/","2026-07-08T20:19:37.483Z"
"Институт деловой карьеры","09.03.03","Прикладная информатика","bachelor","","","","700","2026","https://msk.postupi.online/vuz/ideka/specialnosti/bakalavr/","https://msk.postupi.online/vuz/ideka/specialnosti/bakalavr/","2026-07-08T20:19:37.483Z"
"Институт деловой карьеры","38.03.01","Экономика","bachelor","","","","315","2026","https://msk.postupi.online/vuz/ideka/specialnosti/bakalavr/","https://msk.postupi.online/vuz/ideka/specialnosti/bakalavr/","2026-07-08T20:19:37.483Z"
"Институт деловой карьеры","38.03.02","Менеджмент","bachelor","","","","512","2026","https://msk.postupi.online/vuz/ideka/specialnosti/bakalavr/","https://msk.postupi.online/vuz/ideka/specialnosti/bakalavr/","2026-07-08T20:19:37.483Z"
"Институт деловой карьеры","38.03.03","Управление персоналом","bachelor","","","","771","2026","https://msk.postupi.online/vuz/ideka/specialnosti/bakalavr/","https://msk.postupi.online/vuz/ideka/specialnosti/bakalavr/","2026-07-08T20:19:37.483Z"
"Институт деловой карьеры","38.03.04","Государственное и муниципальное управление","bachelor","","","","637","2026","https://msk.postupi.online/vuz/ideka/specialnosti/bakalavr/","https://msk.postupi.online/vuz/ideka/specialnosti/bakalavr/","2026-07-08T20:19:37.483Z"
"Институт деловой карьеры","38.03.05","Бизнес-информатика","bachelor","","","","12","2026","https://msk.postupi.online/vuz/ideka/specialnosti/bakalavr/","https://msk.postupi.online/vuz/ideka/specialnosti/bakalavr/","2026-07-08T20:19:37.483Z"
"Институт деловой карьеры","40.03.01","Юриспруденция","bachelor","","","","","","https://msk.postupi.online/vuz/ideka/specialnosti/bakalavr/","https://msk.postupi.online/vuz/ideka/specialnosti/bakalavr/","2026-07-08T20:19:37.483Z"
"Институт деловой карьеры","42.03.01","Реклама и связи с общественностью","bachelor","","","","141","2026","https://msk.postupi.online/vuz/ideka/specialnosti/bakalavr/","https://msk.postupi.online/vuz/ideka/specialnosti/bakalavr/","2026-07-08T20:19:37.483Z"
"Институт деловой карьеры","43.03.01","Сервис","bachelor","","","","19","2026","https://msk.postupi.online/vuz/ideka/specialnosti/bakalavr/","https://msk.postupi.online/vuz/ideka/specialnosti/bakalavr/","2026-07-08T20:19:37.483Z"
"Институт деловой карьеры","43.03.02","Туризм","bachelor","","","","400","2026","https://msk.postupi.online/vuz/ideka/specialnosti/bakalavr/","https://msk.postupi.online/vuz/ideka/specialnosti/bakalavr/","2026-07-08T20:19:37.483Z"
"Институт деловой карьеры","43.03.03","Гостиничное дело","bachelor","","","","250","2026","https://msk.postupi.online/vuz/ideka/specialnosti/bakalavr/","https://msk.postupi.online/vuz/ideka/specialnosti/bakalavr/","2026-07-08T20:19:37.483Z"
"Институт деловой карьеры","44.03.02","Психолого-педагогическое образование","bachelor","","","","175","2026","https://msk.postupi.online/vuz/ideka/specialnosti/bakalavr/","https://msk.postupi.online/vuz/ideka/specialnosti/bakalavr/","2026-07-08T20:19:37.483Z"
"Институт деловой карьеры","44.03.03","Специальное (дефектологическое) образование","bachelor","","","","175","2026","https://msk.postupi.online/vuz/ideka/specialnosti/bakalavr/","https://msk.postupi.online/vuz/ideka/specialnosti/bakalavr/","2026-07-08T20:19:37.483Z"
"Институт деловой карьеры","45.03.02","Лингвистика","bachelor","","","","19","2026","https://msk.postupi.online/vuz/ideka/specialnosti/bakalavr/","https://msk.postupi.online/vuz/ideka/specialnosti/bakalavr/","2026-07-08T20:19:37.483Z"
"Институт современного образования и информационных технологий","37.03.01","Психология","bachelor","","","","20","2026","https://msk.postupi.online/vuz/ieik/specialnosti/bakalavr/","https://msk.postupi.online/vuz/ieik/specialnosti/bakalavr/","2026-07-08T20:19:37.483Z"
"Институт современного образования и информационных технологий","38.03.01","Экономика","bachelor","","","","20","2026","https://msk.postupi.online/vuz/ieik/specialnosti/bakalavr/","https://msk.postupi.online/vuz/ieik/specialnosti/bakalavr/","2026-07-08T20:19:37.483Z"
"Институт современного образования и информационных технологий","38.03.02","Менеджмент","bachelor","","","","50","2026","https://msk.postupi.online/vuz/ieik/specialnosti/bakalavr/","https://msk.postupi.online/vuz/ieik/specialnosti/bakalavr/","2026-07-08T20:19:37.483Z"
"Институт современного образования и информационных технологий","40.03.01","Юриспруденция","bachelor","","","","60","2026","https://msk.postupi.online/vuz/ieik/specialnosti/bakalavr/","https://msk.postupi.online/vuz/ieik/specialnosti/bakalavr/","2026-07-08T20:19:37.483Z"
"Институт современного образования и информационных технологий","42.03.01","Реклама и связи с общественностью","bachelor","","","","55","2026","https://msk.postupi.online/vuz/ieik/specialnosti/bakalavr/","https://msk.postupi.online/vuz/ieik/specialnosti/bakalavr/","2026-07-08T20:19:37.483Z"
"Институт современного образования и информационных технологий","43.03.01","Сервис","bachelor","","","","10","2026","https://msk.postupi.online/vuz/ieik/specialnosti/bakalavr/","https://msk.postupi.online/vuz/ieik/specialnosti/bakalavr/","2026-07-08T20:19:37.483Z"
"Институт современного образования и информационных технологий","43.03.02","Туризм","bachelor","","","","209","2026","https://msk.postupi.online/vuz/ieik/specialnosti/bakalavr/","https://msk.postupi.online/vuz/ieik/specialnosti/bakalavr/","2026-07-08T20:19:37.483Z"
"Институт современного образования и информационных технологий","54.03.01","Дизайн","bachelor","","","","170","2026","https://msk.postupi.online/vuz/ieik/specialnosti/bakalavr/","https://msk.postupi.online/vuz/ieik/specialnosti/bakalavr/","2026-07-08T20:19:37.483Z"
"Институт государственного администрирования","09.03.01","Информатика и вычислительная техника","bachelor","","","","75","2026","https://msk.postupi.online/vuz/iga/specialnosti/bakalavr/","https://msk.postupi.online/vuz/iga/specialnosti/bakalavr/","2026-07-08T20:19:37.483Z"
"Институт государственного администрирования","38.03.01","Экономика","bachelor","","","","10","2026","https://msk.postupi.online/vuz/iga/specialnosti/bakalavr/","https://msk.postupi.online/vuz/iga/specialnosti/bakalavr/","2026-07-08T20:19:37.483Z"
"Институт государственного администрирования","38.03.02","Менеджмент","bachelor","","","","20","2026","https://msk.postupi.online/vuz/iga/specialnosti/bakalavr/","https://msk.postupi.online/vuz/iga/specialnosti/bakalavr/","2026-07-08T20:19:37.483Z"
"Институт государственного администрирования","38.03.04","Государственное и муниципальное управление","bachelor","","","","10","2026","https://msk.postupi.online/vuz/iga/specialnosti/bakalavr/","https://msk.postupi.online/vuz/iga/specialnosti/bakalavr/","2026-07-08T20:19:37.483Z"
"Институт государственного администрирования","38.03.05","Бизнес-информатика","bachelor","","","","20","2026","https://msk.postupi.online/vuz/iga/specialnosti/bakalavr/","https://msk.postupi.online/vuz/iga/specialnosti/bakalavr/","2026-07-08T20:19:37.483Z"
"Институт государственного администрирования","44.03.01","Педагогическое образование","bachelor","","","","75","2026","https://msk.postupi.online/vuz/iga/specialnosti/bakalavr/","https://msk.postupi.online/vuz/iga/specialnosti/bakalavr/","2026-07-08T20:19:37.483Z"
"Институт государственного администрирования","44.03.02","Психолого-педагогическое образование","bachelor","","","","80","2026","https://msk.postupi.online/vuz/iga/specialnosti/bakalavr/","https://msk.postupi.online/vuz/iga/specialnosti/bakalavr/","2026-07-08T20:19:37.483Z"
"Институт государственного администрирования","44.03.03","Специальное (дефектологическое) образование","bachelor","","","","75","2026","https://msk.postupi.online/vuz/iga/specialnosti/bakalavr/","https://msk.postupi.online/vuz/iga/specialnosti/bakalavr/","2026-07-08T20:19:37.483Z"
"Институт гуманитарного образования и информационных технологий","54.03.01","Дизайн","bachelor","","","","140","2026","https://msk.postupi.online/vuz/igumo/specialnosti/bakalavr/","https://msk.postupi.online/vuz/igumo/specialnosti/bakalavr/","2026-07-08T20:19:37.483Z"
"Университет мировых цивилизаций имени В.В. Жириновского","37.03.01","Психология","bachelor","","","","29","2026","https://msk.postupi.online/vuz/imc/specialnosti/bakalavr/","https://msk.postupi.online/vuz/imc/specialnosti/bakalavr/","2026-07-08T20:19:37.483Z"
"Университет мировых цивилизаций имени В.В. Жириновского","38.03.01","Экономика","bachelor","","true","3","29","2026","https://msk.postupi.online/vuz/imc/specialnosti/bakalavr/","https://msk.postupi.online/vuz/imc/specialnosti/bakalavr/","2026-07-08T20:19:37.483Z"
"Университет мировых цивилизаций имени В.В. Жириновского","38.03.02","Менеджмент","bachelor","","","","14","2026","https://msk.postupi.online/vuz/imc/specialnosti/bakalavr/","https://msk.postupi.online/vuz/imc/specialnosti/bakalavr/","2026-07-08T20:19:37.483Z"
"Университет мировых цивилизаций имени В.В. Жириновского","38.03.04","Государственное и муниципальное управление","bachelor","","","","50","2026","https://msk.postupi.online/vuz/imc/specialnosti/bakalavr/","https://msk.postupi.online/vuz/imc/specialnosti/bakalavr/","2026-07-08T20:19:37.483Z"
"Университет мировых цивилизаций имени В.В. Жириновского","38.03.05","Бизнес-информатика","bachelor","","true","3","18","2026","https://msk.postupi.online/vuz/imc/specialnosti/bakalavr/","https://msk.postupi.online/vuz/imc/specialnosti/bakalavr/","2026-07-08T20:19:37.483Z"
"Университет мировых цивилизаций имени В.В. Жириновского","40.03.01","Юриспруденция","bachelor","","","","87","2026","https://msk.postupi.online/vuz/imc/specialnosti/bakalavr/","https://msk.postupi.online/vuz/imc/specialnosti/bakalavr/","2026-07-08T20:19:37.483Z"
"Университет мировых цивилизаций имени В.В. Жириновского","41.03.01","Зарубежное регионоведение","bachelor","","","","28","2026","https://msk.postupi.online/vuz/imc/specialnosti/bakalavr/","https://msk.postupi.online/vuz/imc/specialnosti/bakalavr/","2026-07-08T20:19:37.483Z"
"Университет мировых цивилизаций имени В.В. Жириновского","41.03.04","Политология","bachelor","","","","95","2026","https://msk.postupi.online/vuz/imc/specialnosti/bakalavr/","https://msk.postupi.online/vuz/imc/specialnosti/bakalavr/","2026-07-08T20:19:37.483Z"
"Университет мировых цивилизаций имени В.В. Жириновского","41.03.05","Международные отношения","bachelor","","","","33","2026","https://msk.postupi.online/vuz/imc/specialnosti/bakalavr/","https://msk.postupi.online/vuz/imc/specialnosti/bakalavr/","2026-07-08T20:19:37.483Z"
"Университет мировых цивилизаций имени В.В. Жириновского","42.03.01","Реклама и связи с общественностью","bachelor","","true","5","82","2026","https://msk.postupi.online/vuz/imc/specialnosti/bakalavr/","https://msk.postupi.online/vuz/imc/specialnosti/bakalavr/","2026-07-08T20:19:37.483Z"
"Университет мировых цивилизаций имени В.В. Жириновского","42.03.02","Журналистика","bachelor","","","","80","2026","https://msk.postupi.online/vuz/imc/specialnosti/bakalavr/","https://msk.postupi.online/vuz/imc/specialnosti/bakalavr/","2026-07-08T20:19:37.483Z"
"Университет мировых цивилизаций имени В.В. Жириновского","45.03.02","Лингвистика","bachelor","","true","1","53","2026","https://msk.postupi.online/vuz/imc/specialnosti/bakalavr/","https://msk.postupi.online/vuz/imc/specialnosti/bakalavr/","2026-07-08T20:19:37.483Z"
"Университет мировых цивилизаций имени В.В. Жириновского","54.03.01","Дизайн","bachelor","","","","105","2026","https://msk.postupi.online/vuz/imc/specialnosti/bakalavr/","https://msk.postupi.online/vuz/imc/specialnosti/bakalavr/","2026-07-08T20:19:37.483Z"
"Институт международных экономических связей","09.03.02","Информационные системы и технологии","bachelor","","","","400","2026","https://msk.postupi.online/vuz/imes/specialnosti/bakalavr/","https://msk.postupi.online/vuz/imes/specialnosti/bakalavr/","2026-07-08T20:19:37.483Z"
"Институт международных экономических связей","27.03.05","Инноватика","bachelor","","","","400","2026","https://msk.postupi.online/vuz/imes/specialnosti/bakalavr/","https://msk.postupi.online/vuz/imes/specialnosti/bakalavr/","2026-07-08T20:19:37.483Z"
"Институт международных экономических связей","37.03.01","Психология","bachelor","","","","327","2026","https://msk.postupi.online/vuz/imes/specialnosti/bakalavr/","https://msk.postupi.online/vuz/imes/specialnosti/bakalavr/","2026-07-08T20:19:37.483Z"
"Институт международных экономических связей","38.03.01","Экономика","bachelor","","","","157","2026","https://msk.postupi.online/vuz/imes/specialnosti/bakalavr/","https://msk.postupi.online/vuz/imes/specialnosti/bakalavr/","2026-07-08T20:19:37.483Z"
"Институт международных экономических связей","38.03.02","Менеджмент","bachelor","","","","330","2026","https://msk.postupi.online/vuz/imes/specialnosti/bakalavr/","https://msk.postupi.online/vuz/imes/specialnosti/bakalavr/","2026-07-08T20:19:37.483Z"
"Институт международных экономических связей","38.03.04","Государственное и муниципальное управление","bachelor","","","","80","2026","https://msk.postupi.online/vuz/imes/specialnosti/bakalavr/","https://msk.postupi.online/vuz/imes/specialnosti/bakalavr/","2026-07-08T20:19:37.483Z"
"Институт международных экономических связей","38.03.05","Бизнес-информатика","bachelor","","","","217","2026","https://msk.postupi.online/vuz/imes/specialnosti/bakalavr/","https://msk.postupi.online/vuz/imes/specialnosti/bakalavr/","2026-07-08T20:19:37.483Z"
"Институт международных экономических связей","38.03.06","Торговое дело","bachelor","","","","40","2026","https://msk.postupi.online/vuz/imes/specialnosti/bakalavr/","https://msk.postupi.online/vuz/imes/specialnosti/bakalavr/","2026-07-08T20:19:37.483Z"
"Институт международных экономических связей","40.03.01","Юриспруденция","bachelor","","","","230","2026","https://msk.postupi.online/vuz/imes/specialnosti/bakalavr/","https://msk.postupi.online/vuz/imes/specialnosti/bakalavr/","2026-07-08T20:19:37.483Z"
"Институт международных экономических связей","42.03.01","Реклама и связи с общественностью","bachelor","","","","168","2026","https://msk.postupi.online/vuz/imes/specialnosti/bakalavr/","https://msk.postupi.online/vuz/imes/specialnosti/bakalavr/","2026-07-08T20:19:37.483Z"
"Институт международных экономических связей","43.03.01","Сервис","bachelor","","","","40","2026","https://msk.postupi.online/vuz/imes/specialnosti/bakalavr/","https://msk.postupi.online/vuz/imes/specialnosti/bakalavr/","2026-07-08T20:19:37.483Z"
"Институт международных экономических связей","44.03.01","Педагогическое образование","bachelor","","","","400","2026","https://msk.postupi.online/vuz/imes/specialnosti/bakalavr/","https://msk.postupi.online/vuz/imes/specialnosti/bakalavr/","2026-07-08T20:19:37.483Z"
"Институт международных экономических связей","44.03.02","Психолого-педагогическое образование","bachelor","","","","350","2026","https://msk.postupi.online/vuz/imes/specialnosti/bakalavr/","https://msk.postupi.online/vuz/imes/specialnosti/bakalavr/","2026-07-08T20:19:37.483Z"
"Институт международных экономических связей","54.03.01","Дизайн","bachelor","","","","350","2026","https://msk.postupi.online/vuz/imes/specialnosti/bakalavr/","https://msk.postupi.online/vuz/imes/specialnosti/bakalavr/","2026-07-08T20:19:37.483Z"
"Московский университет имени А.С. Грибоедова","07.03.01","Архитектура","bachelor","","","","15","2026","https://msk.postupi.online/vuz/impe-griboedova/specialnosti/bakalavr/","https://msk.postupi.online/vuz/impe-griboedova/specialnosti/bakalavr/","2026-07-08T20:19:37.483Z"
"Московский университет имени А.С. Грибоедова","09.03.03","Прикладная информатика","bachelor","","","","60","2026","https://msk.postupi.online/vuz/impe-griboedova/specialnosti/bakalavr/","https://msk.postupi.online/vuz/impe-griboedova/specialnosti/bakalavr/","2026-07-08T20:19:37.483Z"
"Московский университет имени А.С. Грибоедова","13.03.02","Электроэнергетика и электротехника","bachelor","","","","15","2026","https://msk.postupi.online/vuz/impe-griboedova/specialnosti/bakalavr/","https://msk.postupi.online/vuz/impe-griboedova/specialnosti/bakalavr/","2026-07-08T20:19:37.483Z"
"Московский университет имени А.С. Грибоедова","15.03.06","Мехатроника и робототехника","bachelor","","","","15","2026","https://msk.postupi.online/vuz/impe-griboedova/specialnosti/bakalavr/","https://msk.postupi.online/vuz/impe-griboedova/specialnosti/bakalavr/","2026-07-08T20:19:37.483Z"
"Московский университет имени А.С. Грибоедова","24.03.02","Системы управления движением и навигация","bachelor","","","","15","2026","https://msk.postupi.online/vuz/impe-griboedova/specialnosti/bakalavr/","https://msk.postupi.online/vuz/impe-griboedova/specialnosti/bakalavr/","2026-07-08T20:19:37.483Z"
"Московский университет имени А.С. Грибоедова","37.03.01","Психология","bachelor","","","","25","2026","https://msk.postupi.online/vuz/impe-griboedova/specialnosti/bakalavr/","https://msk.postupi.online/vuz/impe-griboedova/specialnosti/bakalavr/","2026-07-08T20:19:37.483Z"
"Московский университет имени А.С. Грибоедова","38.03.01","Экономика","bachelor","","","","71","2026","https://msk.postupi.online/vuz/impe-griboedova/specialnosti/bakalavr/","https://msk.postupi.online/vuz/impe-griboedova/specialnosti/bakalavr/","2026-07-08T20:19:37.483Z"
"Московский университет имени А.С. Грибоедова","38.03.02","Менеджмент","bachelor","","","","32","2026","https://msk.postupi.online/vuz/impe-griboedova/specialnosti/bakalavr/","https://msk.postupi.online/vuz/impe-griboedova/specialnosti/bakalavr/","2026-07-08T20:19:37.483Z"
"Московский университет имени А.С. Грибоедова","38.03.04","Государственное и муниципальное управление","bachelor","","","","56","2026","https://msk.postupi.online/vuz/impe-griboedova/specialnosti/bakalavr/","https://msk.postupi.online/vuz/impe-griboedova/specialnosti/bakalavr/","2026-07-08T20:19:37.483Z"
"Московский университет имени А.С. Грибоедова","38.03.05","Бизнес-информатика","bachelor","","","","31","2026","https://msk.postupi.online/vuz/impe-griboedova/specialnosti/bakalavr/","https://msk.postupi.online/vuz/impe-griboedova/specialnosti/bakalavr/","2026-07-08T20:19:37.483Z"
"Московский университет имени А.С. Грибоедова","40.03.01","Юриспруденция","bachelor","","","","93","2026","https://msk.postupi.online/vuz/impe-griboedova/specialnosti/bakalavr/","https://msk.postupi.online/vuz/impe-griboedova/specialnosti/bakalavr/","2026-07-08T20:19:37.483Z"
"Московский университет имени А.С. Грибоедова","42.03.01","Реклама и связи с общественностью","bachelor","","","","31","2026","https://msk.postupi.online/vuz/impe-griboedova/specialnosti/bakalavr/","https://msk.postupi.online/vuz/impe-griboedova/specialnosti/bakalavr/","2026-07-08T20:19:37.483Z"
"Московский университет имени А.С. Грибоедова","42.03.02","Журналистика","bachelor","","","","80","2026","https://msk.postupi.online/vuz/impe-griboedova/specialnosti/bakalavr/","https://msk.postupi.online/vuz/impe-griboedova/specialnosti/bakalavr/","2026-07-08T20:19:37.483Z"
"Московский университет имени А.С. Грибоедова","43.03.02","Туризм","bachelor","","","","15","2026","https://msk.postupi.online/vuz/impe-griboedova/specialnosti/bakalavr/","https://msk.postupi.online/vuz/impe-griboedova/specialnosti/bakalavr/","2026-07-08T20:19:37.483Z"
"Московский университет имени А.С. Грибоедова","43.03.03","Гостиничное дело","bachelor","","","","15","2026","https://msk.postupi.online/vuz/impe-griboedova/specialnosti/bakalavr/","https://msk.postupi.online/vuz/impe-griboedova/specialnosti/bakalavr/","2026-07-08T20:19:37.483Z"
"Московский университет имени А.С. Грибоедова","44.03.03","Специальное (дефектологическое) образование","bachelor","","","","15","2026","https://msk.postupi.online/vuz/impe-griboedova/specialnosti/bakalavr/","https://msk.postupi.online/vuz/impe-griboedova/specialnosti/bakalavr/","2026-07-08T20:19:37.483Z"
"Московский университет имени А.С. Грибоедова","45.03.02","Лингвистика","bachelor","","","","88","2026","https://msk.postupi.online/vuz/impe-griboedova/specialnosti/bakalavr/","https://msk.postupi.online/vuz/impe-griboedova/specialnosti/bakalavr/","2026-07-08T20:19:37.483Z"
"Московский университет имени А.С. Грибоедова","58.03.01","Востоковедение и африканистика","bachelor","","","","15","2026","https://msk.postupi.online/vuz/impe-griboedova/specialnosti/bakalavr/","https://msk.postupi.online/vuz/impe-griboedova/specialnosti/bakalavr/","2026-07-08T20:19:37.483Z"
"Московский университет имени А.С. Грибоедова","50.03.01","Искусства и гуманитарные науки","bachelor","","","","15","2026","https://msk.postupi.online/vuz/impe-griboedova/specialnosti/bakalavr/","https://msk.postupi.online/vuz/impe-griboedova/specialnosti/bakalavr/","2026-07-08T20:19:37.483Z"
"Московский университет имени А.С. Грибоедова","54.03.01","Дизайн","bachelor","","","","15","2026","https://msk.postupi.online/vuz/impe-griboedova/specialnosti/bakalavr/","https://msk.postupi.online/vuz/impe-griboedova/specialnosti/bakalavr/","2026-07-08T20:19:37.483Z"
"Институт стран Востока","38.03.01","Экономика","bachelor","","","","50","2026","https://msk.postupi.online/vuz/institut-stran-vostoka/specialnosti/bakalavr/","https://msk.postupi.online/vuz/institut-stran-vostoka/specialnosti/bakalavr/","2026-07-08T20:19:37.483Z"
"Институт стран Востока","41.03.01","Зарубежное регионоведение","bachelor","","","","25","2026","https://msk.postupi.online/vuz/institut-stran-vostoka/specialnosti/bakalavr/","https://msk.postupi.online/vuz/institut-stran-vostoka/specialnosti/bakalavr/","2026-07-08T20:19:37.483Z"
"Институт стран Востока","41.03.05","Международные отношения","bachelor","","","","50","2026","https://msk.postupi.online/vuz/institut-stran-vostoka/specialnosti/bakalavr/","https://msk.postupi.online/vuz/institut-stran-vostoka/specialnosti/bakalavr/","2026-07-08T20:19:37.483Z"
"Институт стран Востока","45.03.02","Лингвистика","bachelor","","","","25","2026","https://msk.postupi.online/vuz/institut-stran-vostoka/specialnosti/bakalavr/","https://msk.postupi.online/vuz/institut-stran-vostoka/specialnosti/bakalavr/","2026-07-08T20:19:37.483Z"
"Инженерно-экономический институт Национального исследовательского университета МЭИ","09.03.03","Прикладная информатика","bachelor","","true","30","195","2026","https://msk.postupi.online/vuz/inzhenerno-ekonomicheskiy-institut-mei/specialnosti/bakalavr/","https://msk.postupi.online/vuz/inzhenerno-ekonomicheskiy-institut-mei/specialnosti/bakalavr/","2026-07-08T20:19:37.483Z"
"Инженерно-экономический институт Национального исследовательского университета МЭИ","10.03.01","Информационная безопасность","bachelor","","true","53","350","2026","https://msk.postupi.online/vuz/inzhenerno-ekonomicheskiy-institut-mei/specialnosti/bakalavr/","https://msk.postupi.online/vuz/inzhenerno-ekonomicheskiy-institut-mei/specialnosti/bakalavr/","2026-07-08T20:19:37.483Z"
"Инженерно-экономический институт Национального исследовательского университета МЭИ","27.03.02","Управление качеством","bachelor","","true","20","230","2026","https://msk.postupi.online/vuz/inzhenerno-ekonomicheskiy-institut-mei/specialnosti/bakalavr/","https://msk.postupi.online/vuz/inzhenerno-ekonomicheskiy-institut-mei/specialnosti/bakalavr/","2026-07-08T20:19:37.483Z"
"Инженерно-экономический институт Национального исследовательского университета МЭИ","38.03.01","Экономика","bachelor","","true","40","190","2026","https://msk.postupi.online/vuz/inzhenerno-ekonomicheskiy-institut-mei/specialnosti/bakalavr/","https://msk.postupi.online/vuz/inzhenerno-ekonomicheskiy-institut-mei/specialnosti/bakalavr/","2026-07-08T20:19:37.483Z"
"Инженерно-экономический институт Национального исследовательского университета МЭИ","38.03.02","Менеджмент","bachelor","","true","20","65","2026","https://msk.postupi.online/vuz/inzhenerno-ekonomicheskiy-institut-mei/specialnosti/bakalavr/","https://msk.postupi.online/vuz/inzhenerno-ekonomicheskiy-institut-mei/specialnosti/bakalavr/","2026-07-08T20:19:37.483Z"
"Инженерно-экономический институт Национального исследовательского университета МЭИ","38.03.05","Бизнес-информатика","bachelor","","true","10","129","2026","https://msk.postupi.online/vuz/inzhenerno-ekonomicheskiy-institut-mei/specialnosti/bakalavr/","https://msk.postupi.online/vuz/inzhenerno-ekonomicheskiy-institut-mei/specialnosti/bakalavr/","2026-07-08T20:19:37.483Z"
"Инженерно-экономический институт Национального исследовательского университета МЭИ","40.03.01","Юриспруденция","bachelor","","","","20","2026","https://msk.postupi.online/vuz/inzhenerno-ekonomicheskiy-institut-mei/specialnosti/bakalavr/","https://msk.postupi.online/vuz/inzhenerno-ekonomicheskiy-institut-mei/specialnosti/bakalavr/","2026-07-08T20:19:37.483Z"
"Инженерно-экономический институт Национального исследовательского университета МЭИ","41.03.05","Международные отношения","bachelor","","","","11","2026","https://msk.postupi.online/vuz/inzhenerno-ekonomicheskiy-institut-mei/specialnosti/bakalavr/","https://msk.postupi.online/vuz/inzhenerno-ekonomicheskiy-institut-mei/specialnosti/bakalavr/","2026-07-08T20:19:37.483Z"
"Институт современного искусства","42.03.02","Журналистика","bachelor","","true","5","18","2026","https://msk.postupi.online/vuz/isi/specialnosti/bakalavr/","https://msk.postupi.online/vuz/isi/specialnosti/bakalavr/","2026-07-08T20:19:37.483Z"
"Институт современного искусства","51.03.01","Культурология","bachelor","","","","20","2026","https://msk.postupi.online/vuz/isi/specialnosti/bakalavr/","https://msk.postupi.online/vuz/isi/specialnosti/bakalavr/","2026-07-08T20:19:37.483Z"
"Институт современного искусства","51.03.05","Режиссура театрализованных представлений и праздников","bachelor","","true","4","30","2026","https://msk.postupi.online/vuz/isi/specialnosti/bakalavr/","https://msk.postupi.online/vuz/isi/specialnosti/bakalavr/","2026-07-08T20:19:37.483Z"
"Институт современного искусства","52.03.01","Хореографическое искусство","bachelor","","true","3","80","2026","https://msk.postupi.online/vuz/isi/specialnosti/bakalavr/","https://msk.postupi.online/vuz/isi/specialnosti/bakalavr/","2026-07-08T20:19:37.483Z"
"Институт современного искусства","53.03.01","Музыкальное искусство эстрады","bachelor","","","","172","2026","https://msk.postupi.online/vuz/isi/specialnosti/bakalavr/","https://msk.postupi.online/vuz/isi/specialnosti/bakalavr/","2026-07-08T20:19:37.483Z"
"Институт современного искусства","53.03.02","Музыкально-инструментальное искусство","bachelor","","true","2","20","2026","https://msk.postupi.online/vuz/isi/specialnosti/bakalavr/","https://msk.postupi.online/vuz/isi/specialnosti/bakalavr/","2026-07-08T20:19:37.483Z"
"Институт современного искусства","53.03.03","Вокальное искусство","bachelor","","","","24","2026","https://msk.postupi.online/vuz/isi/specialnosti/bakalavr/","https://msk.postupi.online/vuz/isi/specialnosti/bakalavr/","2026-07-08T20:19:37.483Z"
"Институт современного искусства","54.03.01","Дизайн","bachelor","","","","110","2026","https://msk.postupi.online/vuz/isi/specialnosti/bakalavr/","https://msk.postupi.online/vuz/isi/specialnosti/bakalavr/","2026-07-08T20:19:37.483Z"
"Институт традиционного прикладного искусства - Московский филиал Российского университета традиционных художественных промыслов","54.03.02","Декоративно-прикладное искусство и народные промыслы","bachelor","","true","24","20","2026","https://msk.postupi.online/vuz/itpi-vshni/specialnosti/bakalavr/","https://msk.postupi.online/vuz/itpi-vshni/specialnosti/bakalavr/","2026-07-08T20:19:37.483Z"
"Институт бизнеса и дизайна","38.03.01","Экономика","bachelor","","","","20","2026","https://msk.postupi.online/vuz/litinstitut-biznesa-i-dizajna/specialnosti/bakalavr/","https://msk.postupi.online/vuz/litinstitut-biznesa-i-dizajna/specialnosti/bakalavr/","2026-07-08T20:19:37.483Z"
"Институт бизнеса и дизайна","38.03.02","Менеджмент","bachelor","","","","30","2026","https://msk.postupi.online/vuz/litinstitut-biznesa-i-dizajna/specialnosti/bakalavr/","https://msk.postupi.online/vuz/litinstitut-biznesa-i-dizajna/specialnosti/bakalavr/","2026-07-08T20:19:37.483Z"
"Институт бизнеса и дизайна","38.03.05","Бизнес-информатика","bachelor","","","","15","2026","https://msk.postupi.online/vuz/litinstitut-biznesa-i-dizajna/specialnosti/bakalavr/","https://msk.postupi.online/vuz/litinstitut-biznesa-i-dizajna/specialnosti/bakalavr/","2026-07-08T20:19:37.483Z"
"Институт бизнеса и дизайна","42.03.01","Реклама и связи с общественностью","bachelor","","","","37","2026","https://msk.postupi.online/vuz/litinstitut-biznesa-i-dizajna/specialnosti/bakalavr/","https://msk.postupi.online/vuz/litinstitut-biznesa-i-dizajna/specialnosti/bakalavr/","2026-07-08T20:19:37.483Z"
"Институт бизнеса и дизайна","42.03.05","Медиакоммуникации","bachelor","","","","35","2026","https://msk.postupi.online/vuz/litinstitut-biznesa-i-dizajna/specialnosti/bakalavr/","https://msk.postupi.online/vuz/litinstitut-biznesa-i-dizajna/specialnosti/bakalavr/","2026-07-08T20:19:37.483Z"
"Институт бизнеса и дизайна","54.03.01","Дизайн","bachelor","","","","280","2026","https://msk.postupi.online/vuz/litinstitut-biznesa-i-dizajna/specialnosti/bakalavr/","https://msk.postupi.online/vuz/litinstitut-biznesa-i-dizajna/specialnosti/bakalavr/","2026-07-08T20:19:37.483Z"
"Московский автомобильно-дорожный государственный технический университет (МАДИ)","01.03.04","Прикладная математика","bachelor","","true","10","15","2026","https://msk.postupi.online/vuz/madi-gtu/specialnosti/bakalavr/","https://msk.postupi.online/vuz/madi-gtu/specialnosti/bakalavr/","2026-07-08T20:19:37.483Z"
"Московский автомобильно-дорожный государственный технический университет (МАДИ)","08.03.01","Строительство","bachelor","","true","236","64","2026","https://msk.postupi.online/vuz/madi-gtu/specialnosti/bakalavr/","https://msk.postupi.online/vuz/madi-gtu/specialnosti/bakalavr/","2026-07-08T20:19:37.483Z"
"Московский автомобильно-дорожный государственный технический университет (МАДИ)","09.03.01","Информатика и вычислительная техника","bachelor","","true","67","134","2026","https://msk.postupi.online/vuz/madi-gtu/specialnosti/bakalavr/","https://msk.postupi.online/vuz/madi-gtu/specialnosti/bakalavr/","2026-07-08T20:19:37.483Z"
"Московский автомобильно-дорожный государственный технический университет (МАДИ)","09.03.02","Информационные системы и технологии","bachelor","","true","30","50","2026","https://msk.postupi.online/vuz/madi-gtu/specialnosti/bakalavr/","https://msk.postupi.online/vuz/madi-gtu/specialnosti/bakalavr/","2026-07-08T20:19:37.483Z"
"Московский автомобильно-дорожный государственный технический университет (МАДИ)","13.03.02","Электроэнергетика и электротехника","bachelor","","true","67","31","2026","https://msk.postupi.online/vuz/madi-gtu/specialnosti/bakalavr/","https://msk.postupi.online/vuz/madi-gtu/specialnosti/bakalavr/","2026-07-08T20:19:37.483Z"
"Московский автомобильно-дорожный государственный технический университет (МАДИ)","13.03.03","Энергетическое машиностроение","bachelor","","true","43","15","2026","https://msk.postupi.online/vuz/madi-gtu/specialnosti/bakalavr/","https://msk.postupi.online/vuz/madi-gtu/specialnosti/bakalavr/","2026-07-08T20:19:37.483Z"
"Московский автомобильно-дорожный государственный технический университет (МАДИ)","15.03.01","Машиностроение","bachelor","","","","25","2026","https://msk.postupi.online/vuz/madi-gtu/specialnosti/bakalavr/","https://msk.postupi.online/vuz/madi-gtu/specialnosti/bakalavr/","2026-07-08T20:19:37.483Z"
"Московский автомобильно-дорожный государственный технический университет (МАДИ)","15.03.04","Автоматизация технологических процессов и производств","bachelor","","true","10","15","2026","https://msk.postupi.online/vuz/madi-gtu/specialnosti/bakalavr/","https://msk.postupi.online/vuz/madi-gtu/specialnosti/bakalavr/","2026-07-08T20:19:37.483Z"
"Московский автомобильно-дорожный государственный технический университет (МАДИ)","20.03.01","Техносферная безопасность","bachelor","","true","25","5","2026","https://msk.postupi.online/vuz/madi-gtu/specialnosti/bakalavr/","https://msk.postupi.online/vuz/madi-gtu/specialnosti/bakalavr/","2026-07-08T20:19:37.483Z"
"Московский автомобильно-дорожный государственный технический университет (МАДИ)","23.03.01","Технология транспортных процессов","bachelor","","true","161","116","2026","https://msk.postupi.online/vuz/madi-gtu/specialnosti/bakalavr/","https://msk.postupi.online/vuz/madi-gtu/specialnosti/bakalavr/","2026-07-08T20:19:37.483Z"
"Московский автомобильно-дорожный государственный технический университет (МАДИ)","23.03.02","Наземные транспортно-технологические комплексы","bachelor","","true","24","25","2026","https://msk.postupi.online/vuz/madi-gtu/specialnosti/bakalavr/","https://msk.postupi.online/vuz/madi-gtu/specialnosti/bakalavr/","2026-07-08T20:19:37.483Z"
"Московский автомобильно-дорожный государственный технический университет (МАДИ)","23.03.03","Эксплуатация транспортно-технологических машин и комплексов","bachelor","","true","129","124","2026","https://msk.postupi.online/vuz/madi-gtu/specialnosti/bakalavr/","https://msk.postupi.online/vuz/madi-gtu/specialnosti/bakalavr/","2026-07-08T20:19:37.483Z"
"Московский автомобильно-дорожный государственный технический университет (МАДИ)","27.03.05","Инноватика","bachelor","","","","21","2026","https://msk.postupi.online/vuz/madi-gtu/specialnosti/bakalavr/","https://msk.postupi.online/vuz/madi-gtu/specialnosti/bakalavr/","2026-07-08T20:19:37.483Z"
"Московский автомобильно-дорожный государственный технический университет (МАДИ)","38.03.01","Экономика","bachelor","","","","39","2026","https://msk.postupi.online/vuz/madi-gtu/specialnosti/bakalavr/","https://msk.postupi.online/vuz/madi-gtu/specialnosti/bakalavr/","2026-07-08T20:19:37.483Z"
"Московский автомобильно-дорожный государственный технический университет (МАДИ)","38.03.02","Менеджмент","bachelor","","","","60","2026","https://msk.postupi.online/vuz/madi-gtu/specialnosti/bakalavr/","https://msk.postupi.online/vuz/madi-gtu/specialnosti/bakalavr/","2026-07-08T20:19:37.483Z"
"Московский автомобильно-дорожный государственный технический университет (МАДИ)","38.03.10","Жилищное хозяйство и коммунальная инфраструктура","bachelor","","","","11","2026","https://msk.postupi.online/vuz/madi-gtu/specialnosti/bakalavr/","https://msk.postupi.online/vuz/madi-gtu/specialnosti/bakalavr/","2026-07-08T20:19:37.483Z"
"Московский авиационный институт (национальный исследовательский университет) (МАИ)","01.03.02","Прикладная математика и информатика","bachelor","","true","125","55","2026","https://msk.postupi.online/vuz/mai-niu/specialnosti/bakalavr/","https://msk.postupi.online/vuz/mai-niu/specialnosti/bakalavr/","2026-07-08T20:19:37.483Z"
"Московский авиационный институт (национальный исследовательский университет) (МАИ)","01.03.04","Прикладная математика","bachelor","","true","30","20","2026","https://msk.postupi.online/vuz/mai-niu/specialnosti/bakalavr/","https://msk.postupi.online/vuz/mai-niu/specialnosti/bakalavr/","2026-07-08T20:19:37.483Z"
"Московский авиационный институт (национальный исследовательский университет) (МАИ)","02.03.02","Фундаментальная информатика и информационные технологии","bachelor","","true","100","150","2026","https://msk.postupi.online/vuz/mai-niu/specialnosti/bakalavr/","https://msk.postupi.online/vuz/mai-niu/specialnosti/bakalavr/","2026-07-08T20:19:37.483Z"
"Московский авиационный институт (национальный исследовательский университет) (МАИ)","09.03.01","Информатика и вычислительная техника","bachelor","","true","205","45","2026","https://msk.postupi.online/vuz/mai-niu/specialnosti/bakalavr/","https://msk.postupi.online/vuz/mai-niu/specialnosti/bakalavr/","2026-07-08T20:19:37.483Z"
"Московский авиационный институт (национальный исследовательский университет) (МАИ)","09.03.02","Информационные системы и технологии","bachelor","","true","45","45","2026","https://msk.postupi.online/vuz/mai-niu/specialnosti/bakalavr/","https://msk.postupi.online/vuz/mai-niu/specialnosti/bakalavr/","2026-07-08T20:19:37.483Z"
"Московский авиационный институт (национальный исследовательский университет) (МАИ)","09.03.03","Прикладная информатика","bachelor","","true","30","20","2026","https://msk.postupi.online/vuz/mai-niu/specialnosti/bakalavr/","https://msk.postupi.online/vuz/mai-niu/specialnosti/bakalavr/","2026-07-08T20:19:37.483Z"
"Московский авиационный институт (национальный исследовательский университет) (МАИ)","09.03.04","Программная инженерия","bachelor","","true","25","35","2026","https://msk.postupi.online/vuz/mai-niu/specialnosti/bakalavr/","https://msk.postupi.online/vuz/mai-niu/specialnosti/bakalavr/","2026-07-08T20:19:37.483Z"
"Московский авиационный институт (национальный исследовательский университет) (МАИ)","10.03.01","Информационная безопасность","bachelor","","","","90","2026","https://msk.postupi.online/vuz/mai-niu/specialnosti/bakalavr/","https://msk.postupi.online/vuz/mai-niu/specialnosti/bakalavr/","2026-07-08T20:19:37.483Z"
"Московский авиационный институт (национальный исследовательский университет) (МАИ)","12.03.04","Биотехнические системы и технологии","bachelor","","true","50","25","2026","https://msk.postupi.online/vuz/mai-niu/specialnosti/bakalavr/","https://msk.postupi.online/vuz/mai-niu/specialnosti/bakalavr/","2026-07-08T20:19:37.483Z"
"Московский авиационный институт (национальный исследовательский университет) (МАИ)","13.03.01","Теплоэнергетика и теплотехника","bachelor","","true","25","5","2026","https://msk.postupi.online/vuz/mai-niu/specialnosti/bakalavr/","https://msk.postupi.online/vuz/mai-niu/specialnosti/bakalavr/","2026-07-08T20:19:37.483Z"
"Московский авиационный институт (национальный исследовательский университет) (МАИ)","13.03.02","Электроэнергетика и электротехника","bachelor","","true","25","5","2026","https://msk.postupi.online/vuz/mai-niu/specialnosti/bakalavr/","https://msk.postupi.online/vuz/mai-niu/specialnosti/bakalavr/","2026-07-08T20:19:37.483Z"
"Московский авиационный институт (национальный исследовательский университет) (МАИ)","15.03.03","Прикладная механика","bachelor","","true","25","2","2026","https://msk.postupi.online/vuz/mai-niu/specialnosti/bakalavr/","https://msk.postupi.online/vuz/mai-niu/specialnosti/bakalavr/","2026-07-08T20:19:37.483Z"
"Московский авиационный институт (национальный исследовательский университет) (МАИ)","22.03.01","Материаловедение и технологии материалов","bachelor","","true","30","5","2026","https://msk.postupi.online/vuz/mai-niu/specialnosti/bakalavr/","https://msk.postupi.online/vuz/mai-niu/specialnosti/bakalavr/","2026-07-08T20:19:37.483Z"
"Московский авиационный институт (национальный исследовательский университет) (МАИ)","22.03.02","Металлургия","bachelor","","true","30","5","2026","https://msk.postupi.online/vuz/mai-niu/specialnosti/bakalavr/","https://msk.postupi.online/vuz/mai-niu/specialnosti/bakalavr/","2026-07-08T20:19:37.483Z"
"Московский авиационный институт (национальный исследовательский университет) (МАИ)","24.03.04","Авиастроение","bachelor","","true","75","15","2026","https://msk.postupi.online/vuz/mai-niu/specialnosti/bakalavr/","https://msk.postupi.online/vuz/mai-niu/specialnosti/bakalavr/","2026-07-08T20:19:37.483Z"
"Московский авиационный институт (национальный исследовательский университет) (МАИ)","25.03.01","Техническая эксплуатация летательных аппаратов и двигателей","bachelor","","true","50","40","2026","https://msk.postupi.online/vuz/mai-niu/specialnosti/bakalavr/","https://msk.postupi.online/vuz/mai-niu/specialnosti/bakalavr/","2026-07-08T20:19:37.483Z"
"Московский авиационный институт (национальный исследовательский университет) (МАИ)","27.03.03","Системный анализ и управление","bachelor","","true","100","5","2026","https://msk.postupi.online/vuz/mai-niu/specialnosti/bakalavr/","https://msk.postupi.online/vuz/mai-niu/specialnosti/bakalavr/","2026-07-08T20:19:37.483Z"
"Московский авиационный институт (национальный исследовательский университет) (МАИ)","27.03.04","Управление в технических системах","bachelor","","true","50","5","2026","https://msk.postupi.online/vuz/mai-niu/specialnosti/bakalavr/","https://msk.postupi.online/vuz/mai-niu/specialnosti/bakalavr/","2026-07-08T20:19:37.483Z"
"Московский авиационный институт (национальный исследовательский университет) (МАИ)","27.03.05","Инноватика","bachelor","","true","70","5","2026","https://msk.postupi.online/vuz/mai-niu/specialnosti/bakalavr/","https://msk.postupi.online/vuz/mai-niu/specialnosti/bakalavr/","2026-07-08T20:19:37.483Z"
"Московский экономический институт","38.03.01","Экономика","bachelor","","","","135","2026","https://msk.postupi.online/vuz/mai/specialnosti/bakalavr/","https://msk.postupi.online/vuz/mai/specialnosti/bakalavr/","2026-07-08T20:19:37.483Z"
"Московский экономический институт","38.03.02","Менеджмент","bachelor","","","","160","2026","https://msk.postupi.online/vuz/mai/specialnosti/bakalavr/","https://msk.postupi.online/vuz/mai/specialnosti/bakalavr/","2026-07-08T20:19:37.483Z"
"Московский экономический институт","38.03.03","Управление персоналом","bachelor","","","","123","2026","https://msk.postupi.online/vuz/mai/specialnosti/bakalavr/","https://msk.postupi.online/vuz/mai/specialnosti/bakalavr/","2026-07-08T20:19:37.483Z"
"Московский экономический институт","38.03.04","Государственное и муниципальное управление","bachelor","","","","145","2026","https://msk.postupi.online/vuz/mai/specialnosti/bakalavr/","https://msk.postupi.online/vuz/mai/specialnosti/bakalavr/","2026-07-08T20:19:37.483Z"
"Московский экономический институт","38.03.05","Бизнес-информатика","bachelor","","","","145","2026","https://msk.postupi.online/vuz/mai/specialnosti/bakalavr/","https://msk.postupi.online/vuz/mai/specialnosti/bakalavr/","2026-07-08T20:19:37.483Z"
"Московский экономический институт","38.03.10","Жилищное хозяйство и коммунальная инфраструктура","bachelor","","","","32","2026","https://msk.postupi.online/vuz/mai/specialnosti/bakalavr/","https://msk.postupi.online/vuz/mai/specialnosti/bakalavr/","2026-07-08T20:19:37.483Z"
"Московский экономический институт","40.03.01","Юриспруденция","bachelor","","","","168","2026","https://msk.postupi.online/vuz/mai/specialnosti/bakalavr/","https://msk.postupi.online/vuz/mai/specialnosti/bakalavr/","2026-07-08T20:19:37.483Z"
"Московский экономический институт","44.03.05","Педагогическое образование (с двумя профилями подготовки)","bachelor","","true","5","20","2026","https://msk.postupi.online/vuz/mai/specialnosti/bakalavr/","https://msk.postupi.online/vuz/mai/specialnosti/bakalavr/","2026-07-08T20:19:37.483Z"
"Московский экономический институт","54.03.01","Дизайн","bachelor","","","","171","2026","https://msk.postupi.online/vuz/mai/specialnosti/bakalavr/","https://msk.postupi.online/vuz/mai/specialnosti/bakalavr/","2026-07-08T20:19:37.483Z"
"Московский архитектурный институт (государственная академия)","07.03.01","Архитектура","bachelor","","true","163","310","2026","https://msk.postupi.online/vuz/marhi/specialnosti/bakalavr/","https://msk.postupi.online/vuz/marhi/specialnosti/bakalavr/","2026-07-08T20:19:37.483Z"
"Московский архитектурный институт (государственная академия)","07.03.03","Дизайн архитектурной среды","bachelor","","true","12","12","2026","https://msk.postupi.online/vuz/marhi/specialnosti/bakalavr/","https://msk.postupi.online/vuz/marhi/specialnosti/bakalavr/","2026-07-08T20:19:37.483Z"
"Национальный исследовательский университет МЭИ","01.03.02","Прикладная математика и информатика","bachelor","","true","85","35","2026","https://msk.postupi.online/vuz/mei/specialnosti/bakalavr/","https://msk.postupi.online/vuz/mei/specialnosti/bakalavr/","2026-07-08T20:19:37.483Z"
"Национальный исследовательский университет МЭИ","01.03.03","Механика и математическое моделирование","bachelor","","true","15","20","2026","https://msk.postupi.online/vuz/mei/specialnosti/bakalavr/","https://msk.postupi.online/vuz/mei/specialnosti/bakalavr/","2026-07-08T20:19:37.483Z"
"Национальный исследовательский университет МЭИ","02.03.02","Фундаментальная информатика и информационные технологии","bachelor","","true","20","230","2026","https://msk.postupi.online/vuz/mei/specialnosti/bakalavr/","https://msk.postupi.online/vuz/mei/specialnosti/bakalavr/","2026-07-08T20:19:37.483Z"
"Национальный исследовательский университет МЭИ","08.03.01","Строительство","bachelor","","true","49","130","2026","https://msk.postupi.online/vuz/mei/specialnosti/bakalavr/","https://msk.postupi.online/vuz/mei/specialnosti/bakalavr/","2026-07-08T20:19:37.483Z"
"Национальный исследовательский университет МЭИ","09.03.01","Информатика и вычислительная техника","bachelor","","true","255","284","2026","https://msk.postupi.online/vuz/mei/specialnosti/bakalavr/","https://msk.postupi.online/vuz/mei/specialnosti/bakalavr/","2026-07-08T20:19:37.483Z"
"Национальный исследовательский университет МЭИ","09.03.03","Прикладная информатика","bachelor","","true","30","295","2026","https://msk.postupi.online/vuz/mei/specialnosti/bakalavr/","https://msk.postupi.online/vuz/mei/specialnosti/bakalavr/","2026-07-08T20:19:37.483Z"
"Национальный исследовательский университет МЭИ","10.03.01","Информационная безопасность","bachelor","","true","53","350","2026","https://msk.postupi.online/vuz/mei/specialnosti/bakalavr/","https://msk.postupi.online/vuz/mei/specialnosti/bakalavr/","2026-07-08T20:19:37.483Z"
"Национальный исследовательский университет МЭИ","11.03.01","Радиотехника","bachelor","","true","57","120","2026","https://msk.postupi.online/vuz/mei/specialnosti/bakalavr/","https://msk.postupi.online/vuz/mei/specialnosti/bakalavr/","2026-07-08T20:19:37.483Z"
"Национальный исследовательский университет МЭИ","11.03.04","Электроника и наноэлектроника","bachelor","","true","175","55","2026","https://msk.postupi.online/vuz/mei/specialnosti/bakalavr/","https://msk.postupi.online/vuz/mei/specialnosti/bakalavr/","2026-07-08T20:19:37.483Z"
"Национальный исследовательский университет МЭИ","12.03.01","Приборостроение","bachelor","","","","100","2026","https://msk.postupi.online/vuz/mei/specialnosti/bakalavr/","https://msk.postupi.online/vuz/mei/specialnosti/bakalavr/","2026-07-08T20:19:37.483Z"
"Национальный исследовательский университет МЭИ","12.03.04","Биотехнические системы и технологии","bachelor","","true","75","15","2026","https://msk.postupi.online/vuz/mei/specialnosti/bakalavr/","https://msk.postupi.online/vuz/mei/specialnosti/bakalavr/","2026-07-08T20:19:37.483Z"
"Национальный исследовательский университет МЭИ","13.03.01","Теплоэнергетика и теплотехника","bachelor","","true","280","210","2026","https://msk.postupi.online/vuz/mei/specialnosti/bakalavr/","https://msk.postupi.online/vuz/mei/specialnosti/bakalavr/","2026-07-08T20:19:37.483Z"
"Национальный исследовательский университет МЭИ","13.03.02","Электроэнергетика и электротехника","bachelor","","true","435","445","2026","https://msk.postupi.online/vuz/mei/specialnosti/bakalavr/","https://msk.postupi.online/vuz/mei/specialnosti/bakalavr/","2026-07-08T20:19:37.483Z"
"Национальный исследовательский университет МЭИ","13.03.03","Энергетическое машиностроение","bachelor","","true","65","20","2026","https://msk.postupi.online/vuz/mei/specialnosti/bakalavr/","https://msk.postupi.online/vuz/mei/specialnosti/bakalavr/","2026-07-08T20:19:37.483Z"
"Национальный исследовательский университет МЭИ","14.03.01","Ядерная энергетика и теплофизика","bachelor","","true","179","55","2026","https://msk.postupi.online/vuz/mei/specialnosti/bakalavr/","https://msk.postupi.online/vuz/mei/specialnosti/bakalavr/","2026-07-08T20:19:37.483Z"
"Национальный исследовательский университет МЭИ","15.03.01","Машиностроение","bachelor","","true","30","10","2026","https://msk.postupi.online/vuz/mei/specialnosti/bakalavr/","https://msk.postupi.online/vuz/mei/specialnosti/bakalavr/","2026-07-08T20:19:37.483Z"
"Национальный исследовательский университет МЭИ","15.03.03","Прикладная механика","bachelor","","true","20","10","2026","https://msk.postupi.online/vuz/mei/specialnosti/bakalavr/","https://msk.postupi.online/vuz/mei/specialnosti/bakalavr/","2026-07-08T20:19:37.483Z"
"Национальный исследовательский университет МЭИ","15.03.04","Автоматизация технологических процессов и производств","bachelor","","true","15","10","2026","https://msk.postupi.online/vuz/mei/specialnosti/bakalavr/","https://msk.postupi.online/vuz/mei/specialnosti/bakalavr/","2026-07-08T20:19:37.483Z"
"Национальный исследовательский университет МЭИ","15.03.06","Мехатроника и робототехника","bachelor","","true","50","165","2026","https://msk.postupi.online/vuz/mei/specialnosti/bakalavr/","https://msk.postupi.online/vuz/mei/specialnosti/bakalavr/","2026-07-08T20:19:37.483Z"
"Национальный исследовательский университет МЭИ","27.03.02","Управление качеством","bachelor","","true","20","330","2026","https://msk.postupi.online/vuz/mei/specialnosti/bakalavr/","https://msk.postupi.online/vuz/mei/specialnosti/bakalavr/","2026-07-08T20:19:37.483Z"
"Московская государственная академия хореографии","52.03.01","Хореографическое искусство","bachelor","","true","18","8","2026","https://msk.postupi.online/vuz/mgah/specialnosti/bakalavr/","https://msk.postupi.online/vuz/mgah/specialnosti/bakalavr/","2026-07-08T20:19:37.483Z"
"Московская государственная академия хореографии","52.03.02","Хореографическое исполнительство","bachelor","","true","9","","2026","https://msk.postupi.online/vuz/mgah/specialnosti/bakalavr/","https://msk.postupi.online/vuz/mgah/specialnosti/bakalavr/","2026-07-08T20:19:37.483Z"
"Московская государственная академия хореографии","53.03.02","Музыкально-инструментальное искусство","bachelor","","true","5","","2026","https://msk.postupi.online/vuz/mgah/specialnosti/bakalavr/","https://msk.postupi.online/vuz/mgah/specialnosti/bakalavr/","2026-07-08T20:19:37.483Z"
"Московский государственный академический художественный институт имени В.И. Сурикова при Российской академии художеств","07.03.01","Архитектура","bachelor","","","","12","2026","https://msk.postupi.online/vuz/mgahi-im-v-i-surikova/specialnosti/bakalavr/","https://msk.postupi.online/vuz/mgahi-im-v-i-surikova/specialnosti/bakalavr/","2026-07-08T20:19:37.483Z"
"Московский государственный академический художественный институт имени В.И. Сурикова при Российской академии художеств","50.03.04","Теория и история искусств","bachelor","","true","25","10","2026","https://msk.postupi.online/vuz/mgahi-im-v-i-surikova/specialnosti/bakalavr/","https://msk.postupi.online/vuz/mgahi-im-v-i-surikova/specialnosti/bakalavr/","2026-07-08T20:19:37.483Z"
"Московская государственная академия ветеринарной медицины и биотехнологии – МВА имени К.И. Скрябина","19.03.01","Биотехнология","bachelor","","true","15","25","2026","https://msk.postupi.online/vuz/mgavmib-im-k-i-skryabina/specialnosti/bakalavr/","https://msk.postupi.online/vuz/mgavmib-im-k-i-skryabina/specialnosti/bakalavr/","2026-07-08T20:19:37.483Z"
"Московская государственная академия ветеринарной медицины и биотехнологии – МВА имени К.И. Скрябина","19.03.03","Продукты питания животного происхождения","bachelor","","true","10","25","2026","https://msk.postupi.online/vuz/mgavmib-im-k-i-skryabina/specialnosti/bakalavr/","https://msk.postupi.online/vuz/mgavmib-im-k-i-skryabina/specialnosti/bakalavr/","2026-07-08T20:19:37.483Z"
"Московская государственная академия ветеринарной медицины и биотехнологии – МВА имени К.И. Скрябина","35.03.07","Технология производства и переработки сельскохозяйственной продукции","bachelor","","true","55","50","2026","https://msk.postupi.online/vuz/mgavmib-im-k-i-skryabina/specialnosti/bakalavr/","https://msk.postupi.online/vuz/mgavmib-im-k-i-skryabina/specialnosti/bakalavr/","2026-07-08T20:19:37.483Z"
"Московская государственная академия ветеринарной медицины и биотехнологии – МВА имени К.И. Скрябина","35.03.08","Водные биоресурсы и аквакультура","bachelor","","","","25","2026","https://msk.postupi.online/vuz/mgavmib-im-k-i-skryabina/specialnosti/bakalavr/","https://msk.postupi.online/vuz/mgavmib-im-k-i-skryabina/specialnosti/bakalavr/","2026-07-08T20:19:37.483Z"
"Московская государственная академия ветеринарной медицины и биотехнологии – МВА имени К.И. Скрябина","36.03.01","Ветеринарно-санитарная экспертиза","bachelor","","true","40","35","2026","https://msk.postupi.online/vuz/mgavmib-im-k-i-skryabina/specialnosti/bakalavr/","https://msk.postupi.online/vuz/mgavmib-im-k-i-skryabina/specialnosti/bakalavr/","2026-07-08T20:19:37.483Z"
"Московская государственная академия ветеринарной медицины и биотехнологии – МВА имени К.И. Скрябина","36.03.02","Зоотехния","bachelor","","true","85","110","2026","https://msk.postupi.online/vuz/mgavmib-im-k-i-skryabina/specialnosti/bakalavr/","https://msk.postupi.online/vuz/mgavmib-im-k-i-skryabina/specialnosti/bakalavr/","2026-07-08T20:19:37.483Z"
"Московская государственная академия ветеринарной медицины и биотехнологии – МВА имени К.И. Скрябина","38.03.02","Менеджмент","bachelor","","","","20","2026","https://msk.postupi.online/vuz/mgavmib-im-k-i-skryabina/specialnosti/bakalavr/","https://msk.postupi.online/vuz/mgavmib-im-k-i-skryabina/specialnosti/bakalavr/","2026-07-08T20:19:37.483Z"
"Московская государственная академия ветеринарной медицины и биотехнологии – МВА имени К.И. Скрябина","38.03.07","Товароведение","bachelor","","","","25","2026","https://msk.postupi.online/vuz/mgavmib-im-k-i-skryabina/specialnosti/bakalavr/","https://msk.postupi.online/vuz/mgavmib-im-k-i-skryabina/specialnosti/bakalavr/","2026-07-08T20:19:37.483Z"
"Московский гуманитарно-экономический университет","09.03.03","Прикладная информатика","bachelor","","","","30","2026","https://msk.postupi.online/vuz/mgeu/specialnosti/bakalavr/","https://msk.postupi.online/vuz/mgeu/specialnosti/bakalavr/","2026-07-08T20:19:37.483Z"
"Московский гуманитарно-экономический университет","37.03.01","Психология","bachelor","","","","42","2026","https://msk.postupi.online/vuz/mgeu/specialnosti/bakalavr/","https://msk.postupi.online/vuz/mgeu/specialnosti/bakalavr/","2026-07-08T20:19:37.483Z"
"Московский гуманитарно-экономический университет","38.03.01","Экономика","bachelor","","","","55","2026","https://msk.postupi.online/vuz/mgeu/specialnosti/bakalavr/","https://msk.postupi.online/vuz/mgeu/specialnosti/bakalavr/","2026-07-08T20:19:37.483Z"
"Московский гуманитарно-экономический университет","38.03.02","Менеджмент","bachelor","","","","45","2026","https://msk.postupi.online/vuz/mgeu/specialnosti/bakalavr/","https://msk.postupi.online/vuz/mgeu/specialnosti/bakalavr/","2026-07-08T20:19:37.483Z"
"Московский гуманитарно-экономический университет","38.03.04","Государственное и муниципальное управление","bachelor","","","","13","2026","https://msk.postupi.online/vuz/mgeu/specialnosti/bakalavr/","https://msk.postupi.online/vuz/mgeu/specialnosti/bakalavr/","2026-07-08T20:19:37.483Z"
"Московский гуманитарно-экономический университет","38.03.05","Бизнес-информатика","bachelor","","","","10","2026","https://msk.postupi.online/vuz/mgeu/specialnosti/bakalavr/","https://msk.postupi.online/vuz/mgeu/specialnosti/bakalavr/","2026-07-08T20:19:37.483Z"
"Московский гуманитарно-экономический университет","40.03.01","Юриспруденция","bachelor","","","","99","2026","https://msk.postupi.online/vuz/mgeu/specialnosti/bakalavr/","https://msk.postupi.online/vuz/mgeu/specialnosti/bakalavr/","2026-07-08T20:19:37.483Z"
"Московский гуманитарно-экономический университет","41.03.05","Международные отношения","bachelor","","","","12","2026","https://msk.postupi.online/vuz/mgeu/specialnosti/bakalavr/","https://msk.postupi.online/vuz/mgeu/specialnosti/bakalavr/","2026-07-08T20:19:37.483Z"
"Московский гуманитарно-экономический университет","42.03.01","Реклама и связи с общественностью","bachelor","","","","49","2026","https://msk.postupi.online/vuz/mgeu/specialnosti/bakalavr/","https://msk.postupi.online/vuz/mgeu/specialnosti/bakalavr/","2026-07-08T20:19:37.483Z"
"Московский гуманитарно-экономический университет","42.03.02","Журналистика","bachelor","","","","57","2026","https://msk.postupi.online/vuz/mgeu/specialnosti/bakalavr/","https://msk.postupi.online/vuz/mgeu/specialnosti/bakalavr/","2026-07-08T20:19:37.483Z"
"Московский гуманитарно-экономический университет","44.03.05","Педагогическое образование (с двумя профилями подготовки)","bachelor","","","","40","2026","https://msk.postupi.online/vuz/mgeu/specialnosti/bakalavr/","https://msk.postupi.online/vuz/mgeu/specialnosti/bakalavr/","2026-07-08T20:19:37.483Z"
"Московский гуманитарно-экономический университет","54.03.01","Дизайн","bachelor","","","","30","2026","https://msk.postupi.online/vuz/mgeu/specialnosti/bakalavr/","https://msk.postupi.online/vuz/mgeu/specialnosti/bakalavr/","2026-07-08T20:19:37.483Z"
"Российский государственный университет социальных технологий","09.03.03","Прикладная информатика","bachelor","","true","15","20","2026","https://msk.postupi.online/vuz/mggeu/specialnosti/bakalavr/","https://msk.postupi.online/vuz/mggeu/specialnosti/bakalavr/","2026-07-08T20:19:37.483Z"
"Российский государственный университет социальных технологий","37.03.01","Психология","bachelor","","true","15","2","2026","https://msk.postupi.online/vuz/mggeu/specialnosti/bakalavr/","https://msk.postupi.online/vuz/mggeu/specialnosti/bakalavr/","2026-07-08T20:19:37.483Z"
"Российский государственный университет социальных технологий","38.03.02","Менеджмент","bachelor","","true","9","3","2026","https://msk.postupi.online/vuz/mggeu/specialnosti/bakalavr/","https://msk.postupi.online/vuz/mggeu/specialnosti/bakalavr/","2026-07-08T20:19:37.483Z"
"Российский государственный университет социальных технологий","39.03.01","Социология","bachelor","","true","39","16","2026","https://msk.postupi.online/vuz/mggeu/specialnosti/bakalavr/","https://msk.postupi.online/vuz/mggeu/specialnosti/bakalavr/","2026-07-08T20:19:37.483Z"
"Российский государственный университет социальных технологий","40.03.01","Юриспруденция","bachelor","","true","14","2","2026","https://msk.postupi.online/vuz/mggeu/specialnosti/bakalavr/","https://msk.postupi.online/vuz/mggeu/specialnosti/bakalavr/","2026-07-08T20:19:37.483Z"
"Российский государственный университет социальных технологий","42.03.02","Журналистика","bachelor","","true","50","4","2026","https://msk.postupi.online/vuz/mggeu/specialnosti/bakalavr/","https://msk.postupi.online/vuz/mggeu/specialnosti/bakalavr/","2026-07-08T20:19:37.483Z"
"Российский государственный университет социальных технологий","43.03.02","Туризм","bachelor","","","","20","2026","https://msk.postupi.online/vuz/mggeu/specialnosti/bakalavr/","https://msk.postupi.online/vuz/mggeu/specialnosti/bakalavr/","2026-07-08T20:19:37.483Z"
"Российский государственный университет социальных технологий","44.03.01","Педагогическое образование","bachelor","","true","70","12","2026","https://msk.postupi.online/vuz/mggeu/specialnosti/bakalavr/","https://msk.postupi.online/vuz/mggeu/specialnosti/bakalavr/","2026-07-08T20:19:37.483Z"
"Российский государственный университет социальных технологий","44.03.02","Психолого-педагогическое образование","bachelor","","true","45","4","2026","https://msk.postupi.online/vuz/mggeu/specialnosti/bakalavr/","https://msk.postupi.online/vuz/mggeu/specialnosti/bakalavr/","2026-07-08T20:19:37.483Z"
"МГИИТ - Московский государственный университет спорта и туризма","37.03.01","Психология","bachelor","","true","25","17","2026","https://msk.postupi.online/vuz/mgifksit-im-yu-a-senkevicha/specialnosti/bakalavr/","https://msk.postupi.online/vuz/mgifksit-im-yu-a-senkevicha/specialnosti/bakalavr/","2026-07-08T20:19:37.483Z"
"МГИИТ - Московский государственный университет спорта и туризма","38.03.02","Менеджмент","bachelor","","true","25","25","2026","https://msk.postupi.online/vuz/mgifksit-im-yu-a-senkevicha/specialnosti/bakalavr/","https://msk.postupi.online/vuz/mgifksit-im-yu-a-senkevicha/specialnosti/bakalavr/","2026-07-08T20:19:37.483Z"
"МГИИТ - Московский государственный университет спорта и туризма","41.03.05","Международные отношения","bachelor","","true","20","23","2026","https://msk.postupi.online/vuz/mgifksit-im-yu-a-senkevicha/specialnosti/bakalavr/","https://msk.postupi.online/vuz/mgifksit-im-yu-a-senkevicha/specialnosti/bakalavr/","2026-07-08T20:19:37.483Z"
"МГИИТ - Московский государственный университет спорта и туризма","42.03.01","Реклама и связи с общественностью","bachelor","","true","25","37","2026","https://msk.postupi.online/vuz/mgifksit-im-yu-a-senkevicha/specialnosti/bakalavr/","https://msk.postupi.online/vuz/mgifksit-im-yu-a-senkevicha/specialnosti/bakalavr/","2026-07-08T20:19:37.483Z"
"МГИИТ - Московский государственный университет спорта и туризма","42.03.02","Журналистика","bachelor","","true","20","","2026","https://msk.postupi.online/vuz/mgifksit-im-yu-a-senkevicha/specialnosti/bakalavr/","https://msk.postupi.online/vuz/mgifksit-im-yu-a-senkevicha/specialnosti/bakalavr/","2026-07-08T20:19:37.483Z"
"МГИИТ - Московский государственный университет спорта и туризма","43.03.02","Туризм","bachelor","","true","20","160","2026","https://msk.postupi.online/vuz/mgifksit-im-yu-a-senkevicha/specialnosti/bakalavr/","https://msk.postupi.online/vuz/mgifksit-im-yu-a-senkevicha/specialnosti/bakalavr/","2026-07-08T20:19:37.483Z"
"МГИИТ - Московский государственный университет спорта и туризма","43.03.03","Гостиничное дело","bachelor","","true","20","160","2026","https://msk.postupi.online/vuz/mgifksit-im-yu-a-senkevicha/specialnosti/bakalavr/","https://msk.postupi.online/vuz/mgifksit-im-yu-a-senkevicha/specialnosti/bakalavr/","2026-07-08T20:19:37.483Z"
"МГИИТ - Московский государственный университет спорта и туризма","44.03.01","Педагогическое образование","bachelor","","true","30","120","2026","https://msk.postupi.online/vuz/mgifksit-im-yu-a-senkevicha/specialnosti/bakalavr/","https://msk.postupi.online/vuz/mgifksit-im-yu-a-senkevicha/specialnosti/bakalavr/","2026-07-08T20:19:37.483Z"
"МГИИТ - Московский государственный университет спорта и туризма","49.03.01","Физическая культура","bachelor","","true","45","135","2026","https://msk.postupi.online/vuz/mgifksit-im-yu-a-senkevicha/specialnosti/bakalavr/","https://msk.postupi.online/vuz/mgifksit-im-yu-a-senkevicha/specialnosti/bakalavr/","2026-07-08T20:19:37.483Z"
"МГИИТ - Московский государственный университет спорта и туризма","49.03.02","Физическая культура для лиц с отклонениями в состоянии здоровья (адаптивная физическая культура)","bachelor","","true","25","175","2026","https://msk.postupi.online/vuz/mgifksit-im-yu-a-senkevicha/specialnosti/bakalavr/","https://msk.postupi.online/vuz/mgifksit-im-yu-a-senkevicha/specialnosti/bakalavr/","2026-07-08T20:19:37.483Z"
"МГИИТ - Московский государственный университет спорта и туризма","49.03.03","Рекреация и спортивно-оздоровительный туризм","bachelor","","true","25","175","2026","https://msk.postupi.online/vuz/mgifksit-im-yu-a-senkevicha/specialnosti/bakalavr/","https://msk.postupi.online/vuz/mgifksit-im-yu-a-senkevicha/specialnosti/bakalavr/","2026-07-08T20:19:37.483Z"
"МГИИТ - Московский государственный университет спорта и туризма","49.03.04","Спорт","bachelor","","true","105","285","2026","https://msk.postupi.online/vuz/mgifksit-im-yu-a-senkevicha/specialnosti/bakalavr/","https://msk.postupi.online/vuz/mgifksit-im-yu-a-senkevicha/specialnosti/bakalavr/","2026-07-08T20:19:37.483Z"
"Московский государственный институт музыки имени А.Г. Шнитке","53.03.04","Искусство народного пения","bachelor","","","","15","2026","https://msk.postupi.online/vuz/mgim-im-a-g-shnitke/specialnosti/bakalavr/","https://msk.postupi.online/vuz/mgim-im-a-g-shnitke/specialnosti/bakalavr/","2026-07-08T20:19:37.483Z"
"Московский государственный институт музыки имени А.Г. Шнитке","53.03.06","Музыкознание и музыкально-прикладное искусство","bachelor","","","","7","2026","https://msk.postupi.online/vuz/mgim-im-a-g-shnitke/specialnosti/bakalavr/","https://msk.postupi.online/vuz/mgim-im-a-g-shnitke/specialnosti/bakalavr/","2026-07-08T20:19:37.483Z"
"МГИМО - Московский государственный институт международных отношений (Университет) МИД России","38.03.01","Экономика","bachelor","","true","73","205","2026","https://msk.postupi.online/vuz/mgimo/specialnosti/bakalavr/","https://msk.postupi.online/vuz/mgimo/specialnosti/bakalavr/","2026-07-08T20:19:37.483Z"
"МГИМО - Московский государственный институт международных отношений (Университет) МИД России","38.03.02","Менеджмент","bachelor","","","","113","2026","https://msk.postupi.online/vuz/mgimo/specialnosti/bakalavr/","https://msk.postupi.online/vuz/mgimo/specialnosti/bakalavr/","2026-07-08T20:19:37.483Z"
"МГИМО - Московский государственный институт международных отношений (Университет) МИД России","38.03.04","Государственное и муниципальное управление","bachelor","","true","4","95","2026","https://msk.postupi.online/vuz/mgimo/specialnosti/bakalavr/","https://msk.postupi.online/vuz/mgimo/specialnosti/bakalavr/","2026-07-08T20:19:37.483Z"
"МГИМО - Московский государственный институт международных отношений (Университет) МИД России","38.03.06","Торговое дело","bachelor","","true","10","83","2026","https://msk.postupi.online/vuz/mgimo/specialnosti/bakalavr/","https://msk.postupi.online/vuz/mgimo/specialnosti/bakalavr/","2026-07-08T20:19:37.483Z"
"МГИМО - Московский государственный институт международных отношений (Университет) МИД России","39.03.01","Социология","bachelor","","true","5","45","2026","https://msk.postupi.online/vuz/mgimo/specialnosti/bakalavr/","https://msk.postupi.online/vuz/mgimo/specialnosti/bakalavr/","2026-07-08T20:19:37.483Z"
"МГИМО - Московский государственный институт международных отношений (Университет) МИД России","40.03.01","Юриспруденция","bachelor","","true","86","192","2026","https://msk.postupi.online/vuz/mgimo/specialnosti/bakalavr/","https://msk.postupi.online/vuz/mgimo/specialnosti/bakalavr/","2026-07-08T20:19:37.483Z"
"МГИМО - Московский государственный институт международных отношений (Университет) МИД России","41.03.01","Зарубежное регионоведение","bachelor","","true","87","40","2026","https://msk.postupi.online/vuz/mgimo/specialnosti/bakalavr/","https://msk.postupi.online/vuz/mgimo/specialnosti/bakalavr/","2026-07-08T20:19:37.483Z"
"МГИМО - Московский государственный институт международных отношений (Университет) МИД России","41.03.04","Политология","bachelor","","true","10","40","2026","https://msk.postupi.online/vuz/mgimo/specialnosti/bakalavr/","https://msk.postupi.online/vuz/mgimo/specialnosti/bakalavr/","2026-07-08T20:19:37.483Z"
"МГИМО - Московский государственный институт международных отношений (Университет) МИД России","41.03.05","Международные отношения","bachelor","","true","59","129","2026","https://msk.postupi.online/vuz/mgimo/specialnosti/bakalavr/","https://msk.postupi.online/vuz/mgimo/specialnosti/bakalavr/","2026-07-08T20:19:37.483Z"
"МГИМО - Московский государственный институт международных отношений (Университет) МИД России","42.03.01","Реклама и связи с общественностью","bachelor","","true","23","69","2026","https://msk.postupi.online/vuz/mgimo/specialnosti/bakalavr/","https://msk.postupi.online/vuz/mgimo/specialnosti/bakalavr/","2026-07-08T20:19:37.483Z"
"МГИМО - Московский государственный институт международных отношений (Университет) МИД России","42.03.02","Журналистика","bachelor","","true","30","39","2026","https://msk.postupi.online/vuz/mgimo/specialnosti/bakalavr/","https://msk.postupi.online/vuz/mgimo/specialnosti/bakalavr/","2026-07-08T20:19:37.483Z"
"МГИМО - Московский государственный институт международных отношений (Университет) МИД России","58.03.01","Востоковедение и африканистика","bachelor","","","","20","2026","https://msk.postupi.online/vuz/mgimo/specialnosti/bakalavr/","https://msk.postupi.online/vuz/mgimo/specialnosti/bakalavr/","2026-07-08T20:19:37.483Z"
"Московский государственный лингвистический университет","10.03.01","Информационная безопасность","bachelor","","true","10","5","2026","https://msk.postupi.online/vuz/mglu/specialnosti/bakalavr/","https://msk.postupi.online/vuz/mglu/specialnosti/bakalavr/","2026-07-08T20:19:37.483Z"
"Московский государственный лингвистический университет","39.03.01","Социология","bachelor","","true","30","6","2026","https://msk.postupi.online/vuz/mglu/specialnosti/bakalavr/","https://msk.postupi.online/vuz/mglu/specialnosti/bakalavr/","2026-07-08T20:19:37.483Z"
"Московский государственный лингвистический университет","40.03.01","Юриспруденция","bachelor","","","","15","2026","https://msk.postupi.online/vuz/mglu/specialnosti/bakalavr/","https://msk.postupi.online/vuz/mglu/specialnosti/bakalavr/","2026-07-08T20:19:37.483Z"
"Московский государственный лингвистический университет","41.03.01","Зарубежное регионоведение","bachelor","","true","45","20","2026","https://msk.postupi.online/vuz/mglu/specialnosti/bakalavr/","https://msk.postupi.online/vuz/mglu/specialnosti/bakalavr/","2026-07-08T20:19:37.483Z"
"Московский государственный лингвистический университет","41.03.04","Политология","bachelor","","true","12","3","2026","https://msk.postupi.online/vuz/mglu/specialnosti/bakalavr/","https://msk.postupi.online/vuz/mglu/specialnosti/bakalavr/","2026-07-08T20:19:37.483Z"
"Московский государственный лингвистический университет","41.03.05","Международные отношения","bachelor","","true","39","28","2026","https://msk.postupi.online/vuz/mglu/specialnosti/bakalavr/","https://msk.postupi.online/vuz/mglu/specialnosti/bakalavr/","2026-07-08T20:19:37.483Z"
"Московский государственный лингвистический университет","42.03.01","Реклама и связи с общественностью","bachelor","","true","5","28","2026","https://msk.postupi.online/vuz/mglu/specialnosti/bakalavr/","https://msk.postupi.online/vuz/mglu/specialnosti/bakalavr/","2026-07-08T20:19:37.483Z"
"Московский государственный лингвистический университет","42.03.02","Журналистика","bachelor","","true","5","10","2026","https://msk.postupi.online/vuz/mglu/specialnosti/bakalavr/","https://msk.postupi.online/vuz/mglu/specialnosti/bakalavr/","2026-07-08T20:19:37.483Z"
"Московский государственный лингвистический университет","43.03.03","Гостиничное дело","bachelor","","","","25","2026","https://msk.postupi.online/vuz/mglu/specialnosti/bakalavr/","https://msk.postupi.online/vuz/mglu/specialnosti/bakalavr/","2026-07-08T20:19:37.483Z"
"Московский государственный лингвистический университет","45.03.02","Лингвистика","bachelor","","true","452","303","2026","https://msk.postupi.online/vuz/mglu/specialnosti/bakalavr/","https://msk.postupi.online/vuz/mglu/specialnosti/bakalavr/","2026-07-08T20:19:37.483Z"
"Московский государственный лингвистический университет","45.03.03","Фундаментальная и прикладная лингвистика","bachelor","","true","20","20","2026","https://msk.postupi.online/vuz/mglu/specialnosti/bakalavr/","https://msk.postupi.online/vuz/mglu/specialnosti/bakalavr/","2026-07-08T20:19:37.483Z"
"Московский государственный лингвистический университет","48.03.01","Теология","bachelor","","true","10","2","2026","https://msk.postupi.online/vuz/mglu/specialnosti/bakalavr/","https://msk.postupi.online/vuz/mglu/specialnosti/bakalavr/","2026-07-08T20:19:37.483Z"
"Московский государственный лингвистический университет","51.03.01","Культурология","bachelor","","","","15","2026","https://msk.postupi.online/vuz/mglu/specialnosti/bakalavr/","https://msk.postupi.online/vuz/mglu/specialnosti/bakalavr/","2026-07-08T20:19:37.483Z"
"Российский университет медицины Министерства здравоохранения Российской Федерации","38.03.01","Экономика","bachelor","","true","8","5","2026","https://msk.postupi.online/vuz/mgmsu-im-a-i-evdokimova/specialnosti/bakalavr/","https://msk.postupi.online/vuz/mgmsu-im-a-i-evdokimova/specialnosti/bakalavr/","2026-07-08T20:19:37.483Z"
"Российский университет медицины Министерства здравоохранения Российской Федерации","38.03.02","Менеджмент","bachelor","","true","8","5","2026","https://msk.postupi.online/vuz/mgmsu-im-a-i-evdokimova/specialnosti/bakalavr/","https://msk.postupi.online/vuz/mgmsu-im-a-i-evdokimova/specialnosti/bakalavr/","2026-07-08T20:19:37.483Z"
"Российский университет медицины Министерства здравоохранения Российской Федерации","39.03.02","Социальная работа","bachelor","","true","18","18","2026","https://msk.postupi.online/vuz/mgmsu-im-a-i-evdokimova/specialnosti/bakalavr/","https://msk.postupi.online/vuz/mgmsu-im-a-i-evdokimova/specialnosti/bakalavr/","2026-07-08T20:19:37.483Z"
"Государственный университет просвещения","02.03.02","Фундаментальная информатика и информационные технологии","bachelor","","","","38","2026","https://msk.postupi.online/vuz/mgou/specialnosti/bakalavr/","https://msk.postupi.online/vuz/mgou/specialnosti/bakalavr/","2026-07-08T20:19:37.483Z"
"Государственный университет просвещения","03.03.02","Физика","bachelor","","true","25","13","2026","https://msk.postupi.online/vuz/mgou/specialnosti/bakalavr/","https://msk.postupi.online/vuz/mgou/specialnosti/bakalavr/","2026-07-08T20:19:37.483Z"
"Государственный университет просвещения","09.03.02","Информационные системы и технологии","bachelor","","","","75","2026","https://msk.postupi.online/vuz/mgou/specialnosti/bakalavr/","https://msk.postupi.online/vuz/mgou/specialnosti/bakalavr/","2026-07-08T20:19:37.483Z"
"Государственный университет просвещения","38.03.01","Экономика","bachelor","","","","25","2026","https://msk.postupi.online/vuz/mgou/specialnosti/bakalavr/","https://msk.postupi.online/vuz/mgou/specialnosti/bakalavr/","2026-07-08T20:19:37.483Z"
"Государственный университет просвещения","38.03.02","Менеджмент","bachelor","","","","23","2026","https://msk.postupi.online/vuz/mgou/specialnosti/bakalavr/","https://msk.postupi.online/vuz/mgou/specialnosti/bakalavr/","2026-07-08T20:19:37.483Z"
"Государственный университет просвещения","38.03.04","Государственное и муниципальное управление","bachelor","","","","11","2026","https://msk.postupi.online/vuz/mgou/specialnosti/bakalavr/","https://msk.postupi.online/vuz/mgou/specialnosti/bakalavr/","2026-07-08T20:19:37.483Z"
"Государственный университет просвещения","39.03.02","Социальная работа","bachelor","","","","74","2026","https://msk.postupi.online/vuz/mgou/specialnosti/bakalavr/","https://msk.postupi.online/vuz/mgou/specialnosti/bakalavr/","2026-07-08T20:19:37.483Z"
"Государственный университет просвещения","39.03.03","Организация работы с молодежью","bachelor","","","","39","2026","https://msk.postupi.online/vuz/mgou/specialnosti/bakalavr/","https://msk.postupi.online/vuz/mgou/specialnosti/bakalavr/","2026-07-08T20:19:37.483Z"
"Государственный университет просвещения","40.03.01","Юриспруденция","bachelor","","","","30","2026","https://msk.postupi.online/vuz/mgou/specialnosti/bakalavr/","https://msk.postupi.online/vuz/mgou/specialnosti/bakalavr/","2026-07-08T20:19:37.483Z"
"Государственный университет просвещения","41.03.04","Политология","bachelor","","","","24","2026","https://msk.postupi.online/vuz/mgou/specialnosti/bakalavr/","https://msk.postupi.online/vuz/mgou/specialnosti/bakalavr/","2026-07-08T20:19:37.483Z"
"Государственный университет просвещения","44.03.01","Педагогическое образование","bachelor","","true","165","219","2026","https://msk.postupi.online/vuz/mgou/specialnosti/bakalavr/","https://msk.postupi.online/vuz/mgou/specialnosti/bakalavr/","2026-07-08T20:19:37.483Z"
"Государственный университет просвещения","44.03.02","Психолого-педагогическое образование","bachelor","","true","55","98","2026","https://msk.postupi.online/vuz/mgou/specialnosti/bakalavr/","https://msk.postupi.online/vuz/mgou/specialnosti/bakalavr/","2026-07-08T20:19:37.483Z"
"Государственный университет просвещения","44.03.03","Специальное (дефектологическое) образование","bachelor","","true","70","90","2026","https://msk.postupi.online/vuz/mgou/specialnosti/bakalavr/","https://msk.postupi.online/vuz/mgou/specialnosti/bakalavr/","2026-07-08T20:19:37.483Z"
"Государственный университет просвещения","44.03.04","Профессиональное обучение (по отраслям)","bachelor","","true","65","41","2026","https://msk.postupi.online/vuz/mgou/specialnosti/bakalavr/","https://msk.postupi.online/vuz/mgou/specialnosti/bakalavr/","2026-07-08T20:19:37.483Z"
"Государственный университет просвещения","44.03.05","Педагогическое образование (с двумя профилями подготовки)","bachelor","","true","363","553","2026","https://msk.postupi.online/vuz/mgou/specialnosti/bakalavr/","https://msk.postupi.online/vuz/mgou/specialnosti/bakalavr/","2026-07-08T20:19:37.483Z"
"Государственный университет просвещения","45.03.02","Лингвистика","bachelor","","","","66","2026","https://msk.postupi.online/vuz/mgou/specialnosti/bakalavr/","https://msk.postupi.online/vuz/mgou/specialnosti/bakalavr/","2026-07-08T20:19:37.483Z"
"Государственный университет просвещения","46.03.01","История","bachelor","","","","38","2026","https://msk.postupi.online/vuz/mgou/specialnosti/bakalavr/","https://msk.postupi.online/vuz/mgou/specialnosti/bakalavr/","2026-07-08T20:19:37.483Z"
"Государственный университет просвещения","49.03.01","Физическая культура","bachelor","","true","75","27","2026","https://msk.postupi.online/vuz/mgou/specialnosti/bakalavr/","https://msk.postupi.online/vuz/mgou/specialnosti/bakalavr/","2026-07-08T20:19:37.483Z"
"Московский государственный психолого-педагогический университет","02.03.03","Математическое обеспечение и администрирование информационных систем","bachelor","","true","15","5","2026","https://msk.postupi.online/vuz/mgppu/specialnosti/bakalavr/","https://msk.postupi.online/vuz/mgppu/specialnosti/bakalavr/","2026-07-08T20:19:37.483Z"
"Московский государственный психолого-педагогический университет","09.03.03","Прикладная информатика","bachelor","","true","15","5","2026","https://msk.postupi.online/vuz/mgppu/specialnosti/bakalavr/","https://msk.postupi.online/vuz/mgppu/specialnosti/bakalavr/","2026-07-08T20:19:37.483Z"
"Московский государственный психолого-педагогический университет","37.03.01","Психология","bachelor","","true","116","115","2026","https://msk.postupi.online/vuz/mgppu/specialnosti/bakalavr/","https://msk.postupi.online/vuz/mgppu/specialnosti/bakalavr/","2026-07-08T20:19:37.483Z"
"Московский государственный психолого-педагогический университет","39.03.02","Социальная работа","bachelor","","true","26","9","2026","https://msk.postupi.online/vuz/mgppu/specialnosti/bakalavr/","https://msk.postupi.online/vuz/mgppu/specialnosti/bakalavr/","2026-07-08T20:19:37.483Z"
"Московский государственный психолого-педагогический университет","39.03.03","Организация работы с молодежью","bachelor","","true","26","9","2026","https://msk.postupi.online/vuz/mgppu/specialnosti/bakalavr/","https://msk.postupi.online/vuz/mgppu/specialnosti/bakalavr/","2026-07-08T20:19:37.483Z"
"Московский государственный психолого-педагогический университет","44.03.02","Психолого-педагогическое образование","bachelor","","true","151","125","2026","https://msk.postupi.online/vuz/mgppu/specialnosti/bakalavr/","https://msk.postupi.online/vuz/mgppu/specialnosti/bakalavr/","2026-07-08T20:19:37.483Z"
"Московский государственный психолого-педагогический университет","44.03.03","Специальное (дефектологическое) образование","bachelor","","true","67","23","2026","https://msk.postupi.online/vuz/mgppu/specialnosti/bakalavr/","https://msk.postupi.online/vuz/mgppu/specialnosti/bakalavr/","2026-07-08T20:19:37.483Z"
"Московский городской педагогический университет","44.03.01","Педагогическое образование","bachelor","","true","875","","2026","https://msk.postupi.online/vuz/mgpu/specialnosti/bakalavr/","https://msk.postupi.online/vuz/mgpu/specialnosti/bakalavr/","2026-07-08T20:19:37.483Z"
"Московский городской педагогический университет","44.03.02","Психолого-педагогическое образование","bachelor","","true","25","80","2026","https://msk.postupi.online/vuz/mgpu/specialnosti/bakalavr/","https://msk.postupi.online/vuz/mgpu/specialnosti/bakalavr/","2026-07-08T20:19:37.483Z"
"Московский городской педагогический университет","44.03.03","Специальное (дефектологическое) образование","bachelor","","true","50","110","2026","https://msk.postupi.online/vuz/mgpu/specialnosti/bakalavr/","https://msk.postupi.online/vuz/mgpu/specialnosti/bakalavr/","2026-07-08T20:19:37.483Z"
"Московский городской педагогический университет","44.03.04","Профессиональное обучение (по отраслям)","bachelor","","true","25","25","2026","https://msk.postupi.online/vuz/mgpu/specialnosti/bakalavr/","https://msk.postupi.online/vuz/mgpu/specialnosti/bakalavr/","2026-07-08T20:19:37.483Z"
"Московский городской педагогический университет","44.03.05","Педагогическое образование (с двумя профилями подготовки)","bachelor","","true","175","130","2026","https://msk.postupi.online/vuz/mgpu/specialnosti/bakalavr/","https://msk.postupi.online/vuz/mgpu/specialnosti/bakalavr/","2026-07-08T20:19:37.483Z"
"Российский государственный геологоразведочный университет имени Серго Орджоникидзе (МГРИ)","01.03.05","Статистика","bachelor","","","","20","2026","https://msk.postupi.online/vuz/mgri-rggru-im-s-ordzhonikidze/specialnosti/bakalavr/","https://msk.postupi.online/vuz/mgri-rggru-im-s-ordzhonikidze/specialnosti/bakalavr/","2026-07-08T20:19:37.483Z"
"Российский государственный геологоразведочный университет имени Серго Орджоникидзе (МГРИ)","08.03.01","Строительство","bachelor","","true","10","11","2026","https://msk.postupi.online/vuz/mgri-rggru-im-s-ordzhonikidze/specialnosti/bakalavr/","https://msk.postupi.online/vuz/mgri-rggru-im-s-ordzhonikidze/specialnosti/bakalavr/","2026-07-08T20:19:37.483Z"
"Российский государственный геологоразведочный университет имени Серго Орджоникидзе (МГРИ)","09.03.02","Информационные системы и технологии","bachelor","","true","6","15","2026","https://msk.postupi.online/vuz/mgri-rggru-im-s-ordzhonikidze/specialnosti/bakalavr/","https://msk.postupi.online/vuz/mgri-rggru-im-s-ordzhonikidze/specialnosti/bakalavr/","2026-07-08T20:19:37.483Z"
"Российский государственный геологоразведочный университет имени Серго Орджоникидзе (МГРИ)","20.03.01","Техносферная безопасность","bachelor","","true","45","7","2026","https://msk.postupi.online/vuz/mgri-rggru-im-s-ordzhonikidze/specialnosti/bakalavr/","https://msk.postupi.online/vuz/mgri-rggru-im-s-ordzhonikidze/specialnosti/bakalavr/","2026-07-08T20:19:37.483Z"
"Российский государственный геологоразведочный университет имени Серго Орджоникидзе (МГРИ)","20.03.02","Природообустройство и водопользование","bachelor","","true","20","3","2026","https://msk.postupi.online/vuz/mgri-rggru-im-s-ordzhonikidze/specialnosti/bakalavr/","https://msk.postupi.online/vuz/mgri-rggru-im-s-ordzhonikidze/specialnosti/bakalavr/","2026-07-08T20:19:37.483Z"
"Российский государственный геологоразведочный университет имени Серго Орджоникидзе (МГРИ)","21.03.01","Нефтегазовое дело","bachelor","","true","68","47","2026","https://msk.postupi.online/vuz/mgri-rggru-im-s-ordzhonikidze/specialnosti/bakalavr/","https://msk.postupi.online/vuz/mgri-rggru-im-s-ordzhonikidze/specialnosti/bakalavr/","2026-07-08T20:19:37.483Z"
"Российский государственный геологоразведочный университет имени Серго Орджоникидзе (МГРИ)","21.03.02","Землеустройство и кадастры","bachelor","","true","15","15","2026","https://msk.postupi.online/vuz/mgri-rggru-im-s-ordzhonikidze/specialnosti/bakalavr/","https://msk.postupi.online/vuz/mgri-rggru-im-s-ordzhonikidze/specialnosti/bakalavr/","2026-07-08T20:19:37.483Z"
"Российский государственный геологоразведочный университет имени Серго Орджоникидзе (МГРИ)","27.03.05","Инноватика","bachelor","","","","10","2026","https://msk.postupi.online/vuz/mgri-rggru-im-s-ordzhonikidze/specialnosti/bakalavr/","https://msk.postupi.online/vuz/mgri-rggru-im-s-ordzhonikidze/specialnosti/bakalavr/","2026-07-08T20:19:37.483Z"
"Российский государственный геологоразведочный университет имени Серго Орджоникидзе (МГРИ)","29.03.04","Технология художественной обработки материалов","bachelor","","true","30","35","2026","https://msk.postupi.online/vuz/mgri-rggru-im-s-ordzhonikidze/specialnosti/bakalavr/","https://msk.postupi.online/vuz/mgri-rggru-im-s-ordzhonikidze/specialnosti/bakalavr/","2026-07-08T20:19:37.483Z"
"Российский государственный геологоразведочный университет имени Серго Орджоникидзе (МГРИ)","38.03.01","Экономика","bachelor","","","","25","2026","https://msk.postupi.online/vuz/mgri-rggru-im-s-ordzhonikidze/specialnosti/bakalavr/","https://msk.postupi.online/vuz/mgri-rggru-im-s-ordzhonikidze/specialnosti/bakalavr/","2026-07-08T20:19:37.483Z"
"Российский государственный геологоразведочный университет имени Серго Орджоникидзе (МГРИ)","38.03.02","Менеджмент","bachelor","","","","25","2026","https://msk.postupi.online/vuz/mgri-rggru-im-s-ordzhonikidze/specialnosti/bakalavr/","https://msk.postupi.online/vuz/mgri-rggru-im-s-ordzhonikidze/specialnosti/bakalavr/","2026-07-08T20:19:37.483Z"
"Московский государственный технический университет гражданской авиации","20.03.01","Техносферная безопасность","bachelor","","true","20","7","2026","https://msk.postupi.online/vuz/mgtu-ga/specialnosti/bakalavr/","https://msk.postupi.online/vuz/mgtu-ga/specialnosti/bakalavr/","2026-07-08T20:19:37.483Z"
"Московский государственный технический университет гражданской авиации","23.03.01","Технология транспортных процессов","bachelor","","true","30","64","2026","https://msk.postupi.online/vuz/mgtu-ga/specialnosti/bakalavr/","https://msk.postupi.online/vuz/mgtu-ga/specialnosti/bakalavr/","2026-07-08T20:19:37.483Z"
"Московский государственный технический университет гражданской авиации","25.03.01","Техническая эксплуатация летательных аппаратов и двигателей","bachelor","","true","127","260","2026","https://msk.postupi.online/vuz/mgtu-ga/specialnosti/bakalavr/","https://msk.postupi.online/vuz/mgtu-ga/specialnosti/bakalavr/","2026-07-08T20:19:37.483Z"
"Московский государственный технический университет гражданской авиации","25.03.02","Техническая эксплуатация авиационных электросистем и пилотажно-навигационных комплексов","bachelor","","true","28","100","2026","https://msk.postupi.online/vuz/mgtu-ga/specialnosti/bakalavr/","https://msk.postupi.online/vuz/mgtu-ga/specialnosti/bakalavr/","2026-07-08T20:19:37.483Z"
"Московский государственный технический университет гражданской авиации","25.03.03","Аэронавигация","bachelor","","true","125","25","2026","https://msk.postupi.online/vuz/mgtu-ga/specialnosti/bakalavr/","https://msk.postupi.online/vuz/mgtu-ga/specialnosti/bakalavr/","2026-07-08T20:19:37.483Z"
"Московский государственный технический университет имени Н.Э. Баумана (национальный исследовательский университет)","01.03.02","Прикладная математика и информатика","bachelor","","true","34","18","2026","https://msk.postupi.online/vuz/mgtu-im-n-e-baumana/specialnosti/bakalavr/","https://msk.postupi.online/vuz/mgtu-im-n-e-baumana/specialnosti/bakalavr/","2026-07-08T20:19:37.483Z"
"Московский государственный технический университет имени Н.Э. Баумана (национальный исследовательский университет)","01.03.03","Механика и математическое моделирование","bachelor","","true","58","55","2026","https://msk.postupi.online/vuz/mgtu-im-n-e-baumana/specialnosti/bakalavr/","https://msk.postupi.online/vuz/mgtu-im-n-e-baumana/specialnosti/bakalavr/","2026-07-08T20:19:37.483Z"
"Московский государственный технический университет имени Н.Э. Баумана (национальный исследовательский университет)","01.03.04","Прикладная математика","bachelor","","true","116","56","2026","https://msk.postupi.online/vuz/mgtu-im-n-e-baumana/specialnosti/bakalavr/","https://msk.postupi.online/vuz/mgtu-im-n-e-baumana/specialnosti/bakalavr/","2026-07-08T20:19:37.483Z"
"Московский государственный технический университет имени Н.Э. Баумана (национальный исследовательский университет)","02.03.01","Математика и компьютерные науки","bachelor","","true","63","22","2026","https://msk.postupi.online/vuz/mgtu-im-n-e-baumana/specialnosti/bakalavr/","https://msk.postupi.online/vuz/mgtu-im-n-e-baumana/specialnosti/bakalavr/","2026-07-08T20:19:37.483Z"
"Московский государственный технический университет имени Н.Э. Баумана (национальный исследовательский университет)","09.03.01","Информатика и вычислительная техника","bachelor","","true","308","287","2026","https://msk.postupi.online/vuz/mgtu-im-n-e-baumana/specialnosti/bakalavr/","https://msk.postupi.online/vuz/mgtu-im-n-e-baumana/specialnosti/bakalavr/","2026-07-08T20:19:37.483Z"
"Московский государственный технический университет имени Н.Э. Баумана (национальный исследовательский университет)","09.03.02","Информационные системы и технологии","bachelor","","true","54","49","2026","https://msk.postupi.online/vuz/mgtu-im-n-e-baumana/specialnosti/bakalavr/","https://msk.postupi.online/vuz/mgtu-im-n-e-baumana/specialnosti/bakalavr/","2026-07-08T20:19:37.483Z"
"Московский государственный технический университет имени Н.Э. Баумана (национальный исследовательский университет)","09.03.03","Прикладная информатика","bachelor","","true","74","80","2026","https://msk.postupi.online/vuz/mgtu-im-n-e-baumana/specialnosti/bakalavr/","https://msk.postupi.online/vuz/mgtu-im-n-e-baumana/specialnosti/bakalavr/","2026-07-08T20:19:37.483Z"
"Московский государственный технический университет имени Н.Э. Баумана (национальный исследовательский университет)","09.03.04","Программная инженерия","bachelor","","true","84","110","2026","https://msk.postupi.online/vuz/mgtu-im-n-e-baumana/specialnosti/bakalavr/","https://msk.postupi.online/vuz/mgtu-im-n-e-baumana/specialnosti/bakalavr/","2026-07-08T20:19:37.483Z"
"Московский государственный технический университет имени Н.Э. Баумана (национальный исследовательский университет)","11.03.03","Конструирование и технология электронных средств","bachelor","","true","117","50","2026","https://msk.postupi.online/vuz/mgtu-im-n-e-baumana/specialnosti/bakalavr/","https://msk.postupi.online/vuz/mgtu-im-n-e-baumana/specialnosti/bakalavr/","2026-07-08T20:19:37.483Z"
"Московский государственный технический университет имени Н.Э. Баумана (национальный исследовательский университет)","11.03.04","Электроника и наноэлектроника","bachelor","","true","18","10","2026","https://msk.postupi.online/vuz/mgtu-im-n-e-baumana/specialnosti/bakalavr/","https://msk.postupi.online/vuz/mgtu-im-n-e-baumana/specialnosti/bakalavr/","2026-07-08T20:19:37.483Z"
"Московский государственный технический университет имени Н.Э. Баумана (национальный исследовательский университет)","12.03.04","Биотехнические системы и технологии","bachelor","","true","80","62","2026","https://msk.postupi.online/vuz/mgtu-im-n-e-baumana/specialnosti/bakalavr/","https://msk.postupi.online/vuz/mgtu-im-n-e-baumana/specialnosti/bakalavr/","2026-07-08T20:19:37.483Z"
"Московский государственный технический университет имени Н.Э. Баумана (национальный исследовательский университет)","12.03.05","Лазерная техника и лазерные технологии","bachelor","","true","40","15","2026","https://msk.postupi.online/vuz/mgtu-im-n-e-baumana/specialnosti/bakalavr/","https://msk.postupi.online/vuz/mgtu-im-n-e-baumana/specialnosti/bakalavr/","2026-07-08T20:19:37.483Z"
"Московский государственный технический университет имени Н.Э. Баумана (национальный исследовательский университет)","13.03.02","Электроэнергетика и электротехника","bachelor","","true","89","24","2026","https://msk.postupi.online/vuz/mgtu-im-n-e-baumana/specialnosti/bakalavr/","https://msk.postupi.online/vuz/mgtu-im-n-e-baumana/specialnosti/bakalavr/","2026-07-08T20:19:37.483Z"
"Московский государственный технический университет имени Н.Э. Баумана (национальный исследовательский университет)","13.03.03","Энергетическое машиностроение","bachelor","","true","68","20","2026","https://msk.postupi.online/vuz/mgtu-im-n-e-baumana/specialnosti/bakalavr/","https://msk.postupi.online/vuz/mgtu-im-n-e-baumana/specialnosti/bakalavr/","2026-07-08T20:19:37.483Z"
"Московский государственный технический университет имени Н.Э. Баумана (национальный исследовательский университет)","15.03.02","Технологические машины и оборудование","bachelor","","true","16","5","2026","https://msk.postupi.online/vuz/mgtu-im-n-e-baumana/specialnosti/bakalavr/","https://msk.postupi.online/vuz/mgtu-im-n-e-baumana/specialnosti/bakalavr/","2026-07-08T20:19:37.483Z"
"Московский государственный технический университет имени Н.Э. Баумана (национальный исследовательский университет)","15.03.03","Прикладная механика","bachelor","","true","40","18","2026","https://msk.postupi.online/vuz/mgtu-im-n-e-baumana/specialnosti/bakalavr/","https://msk.postupi.online/vuz/mgtu-im-n-e-baumana/specialnosti/bakalavr/","2026-07-08T20:19:37.483Z"
"Московский государственный технический университет имени Н.Э. Баумана (национальный исследовательский университет)","15.03.04","Автоматизация технологических процессов и производств","bachelor","","true","63","54","2026","https://msk.postupi.online/vuz/mgtu-im-n-e-baumana/specialnosti/bakalavr/","https://msk.postupi.online/vuz/mgtu-im-n-e-baumana/specialnosti/bakalavr/","2026-07-08T20:19:37.483Z"
"Московский государственный технический университет имени Н.Э. Баумана (национальный исследовательский университет)","15.03.06","Мехатроника и робототехника","bachelor","","true","134","83","2026","https://msk.postupi.online/vuz/mgtu-im-n-e-baumana/specialnosti/bakalavr/","https://msk.postupi.online/vuz/mgtu-im-n-e-baumana/specialnosti/bakalavr/","2026-07-08T20:19:37.483Z"
"Московский государственный технический университет имени Н.Э. Баумана (национальный исследовательский университет)","16.03.01","Техническая физика","bachelor","","true","42","15","2026","https://msk.postupi.online/vuz/mgtu-im-n-e-baumana/specialnosti/bakalavr/","https://msk.postupi.online/vuz/mgtu-im-n-e-baumana/specialnosti/bakalavr/","2026-07-08T20:19:37.483Z"
"Московский государственный технический университет имени Н.Э. Баумана (национальный исследовательский университет)","16.03.02","Высокотехнологические плазменные и энергетические установки","bachelor","","true","50","8","2026","https://msk.postupi.online/vuz/mgtu-im-n-e-baumana/specialnosti/bakalavr/","https://msk.postupi.online/vuz/mgtu-im-n-e-baumana/specialnosti/bakalavr/","2026-07-08T20:19:37.483Z"
"МГУ - Московский государственный университет имени М.В. Ломоносова","01.03.01","Математика","bachelor","","","","20","2026","https://msk.postupi.online/vuz/mgu/specialnosti/bakalavr/","https://msk.postupi.online/vuz/mgu/specialnosti/bakalavr/","2026-07-08T20:19:37.483Z"
"МГУ - Московский государственный университет имени М.В. Ломоносова","01.03.02","Прикладная математика и информатика","bachelor","","true","332","136","2026","https://msk.postupi.online/vuz/mgu/specialnosti/bakalavr/","https://msk.postupi.online/vuz/mgu/specialnosti/bakalavr/","2026-07-08T20:19:37.483Z"
"МГУ - Московский государственный университет имени М.В. Ломоносова","02.03.02","Фундаментальная информатика и информационные технологии","bachelor","","true","19","3","2026","https://msk.postupi.online/vuz/mgu/specialnosti/bakalavr/","https://msk.postupi.online/vuz/mgu/specialnosti/bakalavr/","2026-07-08T20:19:37.483Z"
"МГУ - Московский государственный университет имени М.В. Ломоносова","03.03.01","Прикладные математика и физика","bachelor","","true","19","7","2026","https://msk.postupi.online/vuz/mgu/specialnosti/bakalavr/","https://msk.postupi.online/vuz/mgu/specialnosti/bakalavr/","2026-07-08T20:19:37.483Z"
"МГУ - Московский государственный университет имени М.В. Ломоносова","19.03.01","Биотехнология","bachelor","","true","25","15","2026","https://msk.postupi.online/vuz/mgu/specialnosti/bakalavr/","https://msk.postupi.online/vuz/mgu/specialnosti/bakalavr/","2026-07-08T20:19:37.483Z"
"МГУ - Московский государственный университет имени М.В. Ломоносова","27.03.05","Инноватика","bachelor","","","","35","2026","https://msk.postupi.online/vuz/mgu/specialnosti/bakalavr/","https://msk.postupi.online/vuz/mgu/specialnosti/bakalavr/","2026-07-08T20:19:37.483Z"
"МГУ - Московский государственный университет имени М.В. Ломоносова","37.03.02","Конфликтология","bachelor","","true","12","10","2026","https://msk.postupi.online/vuz/mgu/specialnosti/bakalavr/","https://msk.postupi.online/vuz/mgu/specialnosti/bakalavr/","2026-07-08T20:19:37.483Z"
"МГУ - Московский государственный университет имени М.В. Ломоносова","38.03.01","Экономика","bachelor","","true","175","338","2026","https://msk.postupi.online/vuz/mgu/specialnosti/bakalavr/","https://msk.postupi.online/vuz/mgu/specialnosti/bakalavr/","2026-07-08T20:19:37.483Z"
"МГУ - Московский государственный университет имени М.В. Ломоносова","38.03.02","Менеджмент","bachelor","","true","26","486","2026","https://msk.postupi.online/vuz/mgu/specialnosti/bakalavr/","https://msk.postupi.online/vuz/mgu/specialnosti/bakalavr/","2026-07-08T20:19:37.483Z"
"МГУ - Московский государственный университет имени М.В. Ломоносова","38.03.03","Управление персоналом","bachelor","","true","10","35","2026","https://msk.postupi.online/vuz/mgu/specialnosti/bakalavr/","https://msk.postupi.online/vuz/mgu/specialnosti/bakalavr/","2026-07-08T20:19:37.483Z"
"МГУ - Московский государственный университет имени М.В. Ломоносова","38.03.04","Государственное и муниципальное управление","bachelor","","true","33","88","2026","https://msk.postupi.online/vuz/mgu/specialnosti/bakalavr/","https://msk.postupi.online/vuz/mgu/specialnosti/bakalavr/","2026-07-08T20:19:37.483Z"
"МГУ - Московский государственный университет имени М.В. Ломоносова","38.03.05","Бизнес-информатика","bachelor","","","","50","2026","https://msk.postupi.online/vuz/mgu/specialnosti/bakalavr/","https://msk.postupi.online/vuz/mgu/specialnosti/bakalavr/","2026-07-08T20:19:37.483Z"
"МГУ - Московский государственный университет имени М.В. Ломоносова","39.03.01","Социология","bachelor","","true","120","54","2026","https://msk.postupi.online/vuz/mgu/specialnosti/bakalavr/","https://msk.postupi.online/vuz/mgu/specialnosti/bakalavr/","2026-07-08T20:19:37.483Z"
"Российский государственный университет им. А.Н. Косыгина (Технологии. Дизайн. Искусство)","01.03.02","Прикладная математика и информатика","bachelor","","true","5","23","2026","https://msk.postupi.online/vuz/mgudt/specialnosti/bakalavr/","https://msk.postupi.online/vuz/mgudt/specialnosti/bakalavr/","2026-07-08T20:19:37.483Z"
"Российский государственный университет им. А.Н. Косыгина (Технологии. Дизайн. Искусство)","09.03.01","Информатика и вычислительная техника","bachelor","","true","11","30","2026","https://msk.postupi.online/vuz/mgudt/specialnosti/bakalavr/","https://msk.postupi.online/vuz/mgudt/specialnosti/bakalavr/","2026-07-08T20:19:37.483Z"
"Российский государственный университет им. А.Н. Косыгина (Технологии. Дизайн. Искусство)","09.03.02","Информационные системы и технологии","bachelor","","true","60","93","2026","https://msk.postupi.online/vuz/mgudt/specialnosti/bakalavr/","https://msk.postupi.online/vuz/mgudt/specialnosti/bakalavr/","2026-07-08T20:19:37.483Z"
"Российский государственный университет им. А.Н. Косыгина (Технологии. Дизайн. Искусство)","13.03.01","Теплоэнергетика и теплотехника","bachelor","","true","50","24","2026","https://msk.postupi.online/vuz/mgudt/specialnosti/bakalavr/","https://msk.postupi.online/vuz/mgudt/specialnosti/bakalavr/","2026-07-08T20:19:37.483Z"
"Российский государственный университет им. А.Н. Косыгина (Технологии. Дизайн. Искусство)","15.03.06","Мехатроника и робототехника","bachelor","","true","11","28","2026","https://msk.postupi.online/vuz/mgudt/specialnosti/bakalavr/","https://msk.postupi.online/vuz/mgudt/specialnosti/bakalavr/","2026-07-08T20:19:37.483Z"
"Российский государственный университет им. А.Н. Косыгина (Технологии. Дизайн. Искусство)","18.03.01","Химическая технология","bachelor","","true","45","17","2026","https://msk.postupi.online/vuz/mgudt/specialnosti/bakalavr/","https://msk.postupi.online/vuz/mgudt/specialnosti/bakalavr/","2026-07-08T20:19:37.483Z"
"Российский государственный университет им. А.Н. Косыгина (Технологии. Дизайн. Искусство)","20.03.01","Техносферная безопасность","bachelor","","true","30","10","2026","https://msk.postupi.online/vuz/mgudt/specialnosti/bakalavr/","https://msk.postupi.online/vuz/mgudt/specialnosti/bakalavr/","2026-07-08T20:19:37.483Z"
"Российский государственный университет им. А.Н. Косыгина (Технологии. Дизайн. Искусство)","27.03.01","Стандартизация и метрология","bachelor","","true","10","25","2026","https://msk.postupi.online/vuz/mgudt/specialnosti/bakalavr/","https://msk.postupi.online/vuz/mgudt/specialnosti/bakalavr/","2026-07-08T20:19:37.483Z"
"Российский государственный университет им. А.Н. Косыгина (Технологии. Дизайн. Искусство)","29.03.01","Технология изделий легкой промышленности","bachelor","","true","67","37","2026","https://msk.postupi.online/vuz/mgudt/specialnosti/bakalavr/","https://msk.postupi.online/vuz/mgudt/specialnosti/bakalavr/","2026-07-08T20:19:37.483Z"
"Российский государственный университет им. А.Н. Косыгина (Технологии. Дизайн. Искусство)","29.03.02","Технологии и проектирование текстильных изделий","bachelor","","true","62","27","2026","https://msk.postupi.online/vuz/mgudt/specialnosti/bakalavr/","https://msk.postupi.online/vuz/mgudt/specialnosti/bakalavr/","2026-07-08T20:19:37.483Z"
"Российский государственный университет им. А.Н. Косыгина (Технологии. Дизайн. Искусство)","29.03.03","Технология полиграфического и упаковочного производства","bachelor","","true","20","5","2026","https://msk.postupi.online/vuz/mgudt/specialnosti/bakalavr/","https://msk.postupi.online/vuz/mgudt/specialnosti/bakalavr/","2026-07-08T20:19:37.483Z"
"Российский государственный университет им. А.Н. Косыгина (Технологии. Дизайн. Искусство)","29.03.04","Технология художественной обработки материалов","bachelor","","true","74","35","2026","https://msk.postupi.online/vuz/mgudt/specialnosti/bakalavr/","https://msk.postupi.online/vuz/mgudt/specialnosti/bakalavr/","2026-07-08T20:19:37.483Z"
"Российский государственный университет им. А.Н. Косыгина (Технологии. Дизайн. Искусство)","29.03.05","Конструирование изделий легкой промышленности","bachelor","","true","90","42","2026","https://msk.postupi.online/vuz/mgudt/specialnosti/bakalavr/","https://msk.postupi.online/vuz/mgudt/specialnosti/bakalavr/","2026-07-08T20:19:37.483Z"
"Российский государственный университет им. А.Н. Косыгина (Технологии. Дизайн. Искусство)","37.03.01","Психология","bachelor","","true","25","30","2026","https://msk.postupi.online/vuz/mgudt/specialnosti/bakalavr/","https://msk.postupi.online/vuz/mgudt/specialnosti/bakalavr/","2026-07-08T20:19:37.483Z"
"Российский государственный университет им. А.Н. Косыгина (Технологии. Дизайн. Искусство)","38.03.01","Экономика","bachelor","","true","3","58","2026","https://msk.postupi.online/vuz/mgudt/specialnosti/bakalavr/","https://msk.postupi.online/vuz/mgudt/specialnosti/bakalavr/","2026-07-08T20:19:37.483Z"
"Российский государственный университет им. А.Н. Косыгина (Технологии. Дизайн. Искусство)","38.03.02","Менеджмент","bachelor","","true","5","78","2026","https://msk.postupi.online/vuz/mgudt/specialnosti/bakalavr/","https://msk.postupi.online/vuz/mgudt/specialnosti/bakalavr/","2026-07-08T20:19:37.483Z"
"Российский государственный университет им. А.Н. Косыгина (Технологии. Дизайн. Искусство)","38.03.04","Государственное и муниципальное управление","bachelor","","","","23","2026","https://msk.postupi.online/vuz/mgudt/specialnosti/bakalavr/","https://msk.postupi.online/vuz/mgudt/specialnosti/bakalavr/","2026-07-08T20:19:37.483Z"
"Российский государственный университет им. А.Н. Косыгина (Технологии. Дизайн. Искусство)","39.03.01","Социология","bachelor","","true","58","15","2026","https://msk.postupi.online/vuz/mgudt/specialnosti/bakalavr/","https://msk.postupi.online/vuz/mgudt/specialnosti/bakalavr/","2026-07-08T20:19:37.483Z"
"Российский государственный университет им. А.Н. Косыгина (Технологии. Дизайн. Искусство)","40.03.01","Юриспруденция","bachelor","","","","27","2026","https://msk.postupi.online/vuz/mgudt/specialnosti/bakalavr/","https://msk.postupi.online/vuz/mgudt/specialnosti/bakalavr/","2026-07-08T20:19:37.483Z"
"Российский государственный университет им. А.Н. Косыгина (Технологии. Дизайн. Искусство)","42.03.01","Реклама и связи с общественностью","bachelor","","true","28","142","2026","https://msk.postupi.online/vuz/mgudt/specialnosti/bakalavr/","https://msk.postupi.online/vuz/mgudt/specialnosti/bakalavr/","2026-07-08T20:19:37.483Z"
"Российский биотехнологический университет","09.03.01","Информатика и вычислительная техника","bachelor","","true","173","27","2026","https://msk.postupi.online/vuz/mgupp/specialnosti/bakalavr/","https://msk.postupi.online/vuz/mgupp/specialnosti/bakalavr/","2026-07-08T20:19:37.483Z"
"Российский биотехнологический университет","09.03.03","Прикладная информатика","bachelor","","true","75","20","2026","https://msk.postupi.online/vuz/mgupp/specialnosti/bakalavr/","https://msk.postupi.online/vuz/mgupp/specialnosti/bakalavr/","2026-07-08T20:19:37.483Z"
"Российский биотехнологический университет","15.03.02","Технологические машины и оборудование","bachelor","","true","46","19","2026","https://msk.postupi.online/vuz/mgupp/specialnosti/bakalavr/","https://msk.postupi.online/vuz/mgupp/specialnosti/bakalavr/","2026-07-08T20:19:37.483Z"
"Российский биотехнологический университет","15.03.04","Автоматизация технологических процессов и производств","bachelor","","true","25","10","2026","https://msk.postupi.online/vuz/mgupp/specialnosti/bakalavr/","https://msk.postupi.online/vuz/mgupp/specialnosti/bakalavr/","2026-07-08T20:19:37.483Z"
"Российский биотехнологический университет","16.03.03","Холодильная, криогенная техника и системы жизнеобеспечения","bachelor","","true","34","1","2026","https://msk.postupi.online/vuz/mgupp/specialnosti/bakalavr/","https://msk.postupi.online/vuz/mgupp/specialnosti/bakalavr/","2026-07-08T20:19:37.483Z"
"Российский биотехнологический университет","18.03.01","Химическая технология","bachelor","","true","115","5","2026","https://msk.postupi.online/vuz/mgupp/specialnosti/bakalavr/","https://msk.postupi.online/vuz/mgupp/specialnosti/bakalavr/","2026-07-08T20:19:37.483Z"
"Российский биотехнологический университет","19.03.01","Биотехнология","bachelor","","true","185","55","2026","https://msk.postupi.online/vuz/mgupp/specialnosti/bakalavr/","https://msk.postupi.online/vuz/mgupp/specialnosti/bakalavr/","2026-07-08T20:19:37.483Z"
"Российский биотехнологический университет","19.03.02","Продукты питания из растительного сырья","bachelor","","true","151","39","2026","https://msk.postupi.online/vuz/mgupp/specialnosti/bakalavr/","https://msk.postupi.online/vuz/mgupp/specialnosti/bakalavr/","2026-07-08T20:19:37.483Z"
"Российский биотехнологический университет","19.03.03","Продукты питания животного происхождения","bachelor","","true","75","20","2026","https://msk.postupi.online/vuz/mgupp/specialnosti/bakalavr/","https://msk.postupi.online/vuz/mgupp/specialnosti/bakalavr/","2026-07-08T20:19:37.483Z"
"Российский биотехнологический университет","19.03.04","Технология продукции и организация общественного питания","bachelor","","true","105","50","2026","https://msk.postupi.online/vuz/mgupp/specialnosti/bakalavr/","https://msk.postupi.online/vuz/mgupp/specialnosti/bakalavr/","2026-07-08T20:19:37.483Z"
"Российский биотехнологический университет","20.03.01","Техносферная безопасность","bachelor","","true","85","5","2026","https://msk.postupi.online/vuz/mgupp/specialnosti/bakalavr/","https://msk.postupi.online/vuz/mgupp/specialnosti/bakalavr/","2026-07-08T20:19:37.483Z"
"Российский биотехнологический университет","27.03.02","Управление качеством","bachelor","","true","65","5","2026","https://msk.postupi.online/vuz/mgupp/specialnosti/bakalavr/","https://msk.postupi.online/vuz/mgupp/specialnosti/bakalavr/","2026-07-08T20:19:37.483Z"
"Российский биотехнологический университет","27.03.04","Управление в технических системах","bachelor","","true","50","10","2026","https://msk.postupi.online/vuz/mgupp/specialnosti/bakalavr/","https://msk.postupi.online/vuz/mgupp/specialnosti/bakalavr/","2026-07-08T20:19:37.483Z"
"Российский биотехнологический университет","29.03.03","Технология полиграфического и упаковочного производства","bachelor","","true","41","44","2026","https://msk.postupi.online/vuz/mgupp/specialnosti/bakalavr/","https://msk.postupi.online/vuz/mgupp/specialnosti/bakalavr/","2026-07-08T20:19:37.483Z"
"Российский биотехнологический университет","36.03.01","Ветеринарно-санитарная экспертиза","bachelor","","true","58","13","2026","https://msk.postupi.online/vuz/mgupp/specialnosti/bakalavr/","https://msk.postupi.online/vuz/mgupp/specialnosti/bakalavr/","2026-07-08T20:19:37.483Z"
"Российский биотехнологический университет","38.03.02","Менеджмент","bachelor","","true","64","33","2026","https://msk.postupi.online/vuz/mgupp/specialnosti/bakalavr/","https://msk.postupi.online/vuz/mgupp/specialnosti/bakalavr/","2026-07-08T20:19:37.483Z"
"Российский университет транспорта","01.03.02","Прикладная математика и информатика","bachelor","","true","17","18","2026","https://msk.postupi.online/vuz/mgups-miit/specialnosti/bakalavr/","https://msk.postupi.online/vuz/mgups-miit/specialnosti/bakalavr/","2026-07-08T20:19:37.483Z"
"Российский университет транспорта","02.03.02","Фундаментальная информатика и информационные технологии","bachelor","","true","10","25","2026","https://msk.postupi.online/vuz/mgups-miit/specialnosti/bakalavr/","https://msk.postupi.online/vuz/mgups-miit/specialnosti/bakalavr/","2026-07-08T20:19:37.483Z"
"Российский университет транспорта","08.03.01","Строительство","bachelor","","true","145","235","2026","https://msk.postupi.online/vuz/mgups-miit/specialnosti/bakalavr/","https://msk.postupi.online/vuz/mgups-miit/specialnosti/bakalavr/","2026-07-08T20:19:37.483Z"
"Российский университет транспорта","09.03.01","Информатика и вычислительная техника","bachelor","","true","180","53","2026","https://msk.postupi.online/vuz/mgups-miit/specialnosti/bakalavr/","https://msk.postupi.online/vuz/mgups-miit/specialnosti/bakalavr/","2026-07-08T20:19:37.483Z"
"Российский университет транспорта","09.03.02","Информационные системы и технологии","bachelor","","true","60","6","2026","https://msk.postupi.online/vuz/mgups-miit/specialnosti/bakalavr/","https://msk.postupi.online/vuz/mgups-miit/specialnosti/bakalavr/","2026-07-08T20:19:37.483Z"
"Российский университет транспорта","09.03.03","Прикладная информатика","bachelor","","true","84","91","2026","https://msk.postupi.online/vuz/mgups-miit/specialnosti/bakalavr/","https://msk.postupi.online/vuz/mgups-miit/specialnosti/bakalavr/","2026-07-08T20:19:37.483Z"
"Российский университет транспорта","10.03.01","Информационная безопасность","bachelor","","true","32","","2026","https://msk.postupi.online/vuz/mgups-miit/specialnosti/bakalavr/","https://msk.postupi.online/vuz/mgups-miit/specialnosti/bakalavr/","2026-07-08T20:19:37.483Z"
"Российский университет транспорта","11.03.02","Инфокоммуникационные технологии и системы связи","bachelor","","true","65","38","2026","https://msk.postupi.online/vuz/mgups-miit/specialnosti/bakalavr/","https://msk.postupi.online/vuz/mgups-miit/specialnosti/bakalavr/","2026-07-08T20:19:37.483Z"
"Российский университет транспорта","13.03.01","Теплоэнергетика и теплотехника","bachelor","","true","65","53","2026","https://msk.postupi.online/vuz/mgups-miit/specialnosti/bakalavr/","https://msk.postupi.online/vuz/mgups-miit/specialnosti/bakalavr/","2026-07-08T20:19:37.483Z"
"Российский университет транспорта","13.03.02","Электроэнергетика и электротехника","bachelor","","","","60","2026","https://msk.postupi.online/vuz/mgups-miit/specialnosti/bakalavr/","https://msk.postupi.online/vuz/mgups-miit/specialnosti/bakalavr/","2026-07-08T20:19:37.483Z"
"Российский университет транспорта","15.03.05","Конструкторско-технологическое обеспечение машиностроительных производств","bachelor","","","","27","2026","https://msk.postupi.online/vuz/mgups-miit/specialnosti/bakalavr/","https://msk.postupi.online/vuz/mgups-miit/specialnosti/bakalavr/","2026-07-08T20:19:37.483Z"
"Российский университет транспорта","15.03.06","Мехатроника и робототехника","bachelor","","true","65","3","2026","https://msk.postupi.online/vuz/mgups-miit/specialnosti/bakalavr/","https://msk.postupi.online/vuz/mgups-miit/specialnosti/bakalavr/","2026-07-08T20:19:37.483Z"
"Российский университет транспорта","20.03.01","Техносферная безопасность","bachelor","","true","65","35","2026","https://msk.postupi.online/vuz/mgups-miit/specialnosti/bakalavr/","https://msk.postupi.online/vuz/mgups-miit/specialnosti/bakalavr/","2026-07-08T20:19:37.483Z"
"Российский университет транспорта","21.03.02","Землеустройство и кадастры","bachelor","","true","15","20","2026","https://msk.postupi.online/vuz/mgups-miit/specialnosti/bakalavr/","https://msk.postupi.online/vuz/mgups-miit/specialnosti/bakalavr/","2026-07-08T20:19:37.483Z"
"Российский университет транспорта","23.03.01","Технология транспортных процессов","bachelor","","true","180","88","2026","https://msk.postupi.online/vuz/mgups-miit/specialnosti/bakalavr/","https://msk.postupi.online/vuz/mgups-miit/specialnosti/bakalavr/","2026-07-08T20:19:37.483Z"
"Российский университет транспорта","23.03.02","Наземные транспортно-технологические комплексы","bachelor","","true","60","6","2026","https://msk.postupi.online/vuz/mgups-miit/specialnosti/bakalavr/","https://msk.postupi.online/vuz/mgups-miit/specialnosti/bakalavr/","2026-07-08T20:19:37.483Z"
"Российский университет транспорта","25.03.03","Аэронавигация","bachelor","","true","46","49","2026","https://msk.postupi.online/vuz/mgups-miit/specialnosti/bakalavr/","https://msk.postupi.online/vuz/mgups-miit/specialnosti/bakalavr/","2026-07-08T20:19:37.483Z"
"Российский университет транспорта","26.03.01","Управление водным транспортом и гидрографическое обеспечение судоходства","bachelor","","true","60","8","2026","https://msk.postupi.online/vuz/mgups-miit/specialnosti/bakalavr/","https://msk.postupi.online/vuz/mgups-miit/specialnosti/bakalavr/","2026-07-08T20:19:37.483Z"
"Российский университет транспорта","27.03.02","Управление качеством","bachelor","","","","35","2026","https://msk.postupi.online/vuz/mgups-miit/specialnosti/bakalavr/","https://msk.postupi.online/vuz/mgups-miit/specialnosti/bakalavr/","2026-07-08T20:19:37.483Z"
"Российский университет транспорта","27.03.05","Инноватика","bachelor","","true","20","15","2026","https://msk.postupi.online/vuz/mgups-miit/specialnosti/bakalavr/","https://msk.postupi.online/vuz/mgups-miit/specialnosti/bakalavr/","2026-07-08T20:19:37.483Z"
"Московский государственный университет технологий и управления им. К.Г. Разумовского (Первый казачий университет)","09.03.01","Информатика и вычислительная техника","bachelor","","true","53","22","2026","https://msk.postupi.online/vuz/mgutu-im-k-g-razumovskogo/specialnosti/bakalavr/","https://msk.postupi.online/vuz/mgutu-im-k-g-razumovskogo/specialnosti/bakalavr/","2026-07-08T20:19:37.483Z"
"Московский государственный университет технологий и управления им. К.Г. Разумовского (Первый казачий университет)","09.03.03","Прикладная информатика","bachelor","","true","68","80","2026","https://msk.postupi.online/vuz/mgutu-im-k-g-razumovskogo/specialnosti/bakalavr/","https://msk.postupi.online/vuz/mgutu-im-k-g-razumovskogo/specialnosti/bakalavr/","2026-07-08T20:19:37.483Z"
"Московский государственный университет технологий и управления им. К.Г. Разумовского (Первый казачий университет)","15.03.04","Автоматизация технологических процессов и производств","bachelor","","true","41","70","2026","https://msk.postupi.online/vuz/mgutu-im-k-g-razumovskogo/specialnosti/bakalavr/","https://msk.postupi.online/vuz/mgutu-im-k-g-razumovskogo/specialnosti/bakalavr/","2026-07-08T20:19:37.483Z"
"Московский государственный университет технологий и управления им. К.Г. Разумовского (Первый казачий университет)","16.03.03","Холодильная, криогенная техника и системы жизнеобеспечения","bachelor","","","","20","2026","https://msk.postupi.online/vuz/mgutu-im-k-g-razumovskogo/specialnosti/bakalavr/","https://msk.postupi.online/vuz/mgutu-im-k-g-razumovskogo/specialnosti/bakalavr/","2026-07-08T20:19:37.483Z"
"Московский государственный университет технологий и управления им. К.Г. Разумовского (Первый казачий университет)","18.03.01","Химическая технология","bachelor","","true","26","39","2026","https://msk.postupi.online/vuz/mgutu-im-k-g-razumovskogo/specialnosti/bakalavr/","https://msk.postupi.online/vuz/mgutu-im-k-g-razumovskogo/specialnosti/bakalavr/","2026-07-08T20:19:37.483Z"
"Московский государственный университет технологий и управления им. К.Г. Разумовского (Первый казачий университет)","19.03.02","Продукты питания из растительного сырья","bachelor","","true","43","10","2026","https://msk.postupi.online/vuz/mgutu-im-k-g-razumovskogo/specialnosti/bakalavr/","https://msk.postupi.online/vuz/mgutu-im-k-g-razumovskogo/specialnosti/bakalavr/","2026-07-08T20:19:37.483Z"
"Московский государственный университет технологий и управления им. К.Г. Разумовского (Первый казачий университет)","19.03.03","Продукты питания животного происхождения","bachelor","","true","11","30","2026","https://msk.postupi.online/vuz/mgutu-im-k-g-razumovskogo/specialnosti/bakalavr/","https://msk.postupi.online/vuz/mgutu-im-k-g-razumovskogo/specialnosti/bakalavr/","2026-07-08T20:19:37.483Z"
"Московский государственный университет технологий и управления им. К.Г. Разумовского (Первый казачий университет)","19.03.04","Технология продукции и организация общественного питания","bachelor","","true","20","49","2026","https://msk.postupi.online/vuz/mgutu-im-k-g-razumovskogo/specialnosti/bakalavr/","https://msk.postupi.online/vuz/mgutu-im-k-g-razumovskogo/specialnosti/bakalavr/","2026-07-08T20:19:37.483Z"
"Московский государственный университет технологий и управления им. К.Г. Разумовского (Первый казачий университет)","20.03.01","Техносферная безопасность","bachelor","","true","50","20","2026","https://msk.postupi.online/vuz/mgutu-im-k-g-razumovskogo/specialnosti/bakalavr/","https://msk.postupi.online/vuz/mgutu-im-k-g-razumovskogo/specialnosti/bakalavr/","2026-07-08T20:19:37.483Z"
"Московский государственный университет технологий и управления им. К.Г. Разумовского (Первый казачий университет)","27.03.04","Управление в технических системах","bachelor","","true","32","35","2026","https://msk.postupi.online/vuz/mgutu-im-k-g-razumovskogo/specialnosti/bakalavr/","https://msk.postupi.online/vuz/mgutu-im-k-g-razumovskogo/specialnosti/bakalavr/","2026-07-08T20:19:37.483Z"
"Московский государственный университет технологий и управления им. К.Г. Разумовского (Первый казачий университет)","29.03.05","Конструирование изделий легкой промышленности","bachelor","","true","10","15","2026","https://msk.postupi.online/vuz/mgutu-im-k-g-razumovskogo/specialnosti/bakalavr/","https://msk.postupi.online/vuz/mgutu-im-k-g-razumovskogo/specialnosti/bakalavr/","2026-07-08T20:19:37.483Z"
"Московский государственный университет технологий и управления им. К.Г. Разумовского (Первый казачий университет)","35.03.08","Водные биоресурсы и аквакультура","bachelor","","true","45","20","2026","https://msk.postupi.online/vuz/mgutu-im-k-g-razumovskogo/specialnosti/bakalavr/","https://msk.postupi.online/vuz/mgutu-im-k-g-razumovskogo/specialnosti/bakalavr/","2026-07-08T20:19:37.483Z"
"Московский государственный университет технологий и управления им. К.Г. Разумовского (Первый казачий университет)","35.03.10","Ландшафтная архитектура","bachelor","","true","70","50","2026","https://msk.postupi.online/vuz/mgutu-im-k-g-razumovskogo/specialnosti/bakalavr/","https://msk.postupi.online/vuz/mgutu-im-k-g-razumovskogo/specialnosti/bakalavr/","2026-07-08T20:19:37.483Z"
"Московский государственный университет технологий и управления им. К.Г. Разумовского (Первый казачий университет)","37.03.01","Психология","bachelor","","true","5","14","2026","https://msk.postupi.online/vuz/mgutu-im-k-g-razumovskogo/specialnosti/bakalavr/","https://msk.postupi.online/vuz/mgutu-im-k-g-razumovskogo/specialnosti/bakalavr/","2026-07-08T20:19:37.483Z"
"Московский государственный университет технологий и управления им. К.Г. Разумовского (Первый казачий университет)","38.03.01","Экономика","bachelor","","true","22","15","2026","https://msk.postupi.online/vuz/mgutu-im-k-g-razumovskogo/specialnosti/bakalavr/","https://msk.postupi.online/vuz/mgutu-im-k-g-razumovskogo/specialnosti/bakalavr/","2026-07-08T20:19:37.483Z"
"Московский государственный университет технологий и управления им. К.Г. Разумовского (Первый казачий университет)","38.03.04","Государственное и муниципальное управление","bachelor","","true","9","46","2026","https://msk.postupi.online/vuz/mgutu-im-k-g-razumovskogo/specialnosti/bakalavr/","https://msk.postupi.online/vuz/mgutu-im-k-g-razumovskogo/specialnosti/bakalavr/","2026-07-08T20:19:37.483Z"
"Московский государственный университет технологий и управления им. К.Г. Разумовского (Первый казачий университет)","38.03.05","Бизнес-информатика","bachelor","","","","20","2026","https://msk.postupi.online/vuz/mgutu-im-k-g-razumovskogo/specialnosti/bakalavr/","https://msk.postupi.online/vuz/mgutu-im-k-g-razumovskogo/specialnosti/bakalavr/","2026-07-08T20:19:37.483Z"
"Московский государственный университет технологий и управления им. К.Г. Разумовского (Первый казачий университет)","40.03.01","Юриспруденция","bachelor","","","","30","2026","https://msk.postupi.online/vuz/mgutu-im-k-g-razumovskogo/specialnosti/bakalavr/","https://msk.postupi.online/vuz/mgutu-im-k-g-razumovskogo/specialnosti/bakalavr/","2026-07-08T20:19:37.483Z"
"Университет Правительства Москвы","38.03.01","Экономика","bachelor","","","","28","2026","https://msk.postupi.online/vuz/mguu/specialnosti/bakalavr/","https://msk.postupi.online/vuz/mguu/specialnosti/bakalavr/","2026-07-08T20:19:37.483Z"
"Университет Правительства Москвы","38.03.02","Менеджмент","bachelor","","","","61","2026","https://msk.postupi.online/vuz/mguu/specialnosti/bakalavr/","https://msk.postupi.online/vuz/mguu/specialnosti/bakalavr/","2026-07-08T20:19:37.483Z"
"Университет Правительства Москвы","38.03.03","Управление персоналом","bachelor","","","","25","2026","https://msk.postupi.online/vuz/mguu/specialnosti/bakalavr/","https://msk.postupi.online/vuz/mguu/specialnosti/bakalavr/","2026-07-08T20:19:37.483Z"
"Университет Правительства Москвы","38.03.04","Государственное и муниципальное управление","bachelor","","","","203","2026","https://msk.postupi.online/vuz/mguu/specialnosti/bakalavr/","https://msk.postupi.online/vuz/mguu/specialnosti/bakalavr/","2026-07-08T20:19:37.483Z"
"Университет Правительства Москвы","40.03.01","Юриспруденция","bachelor","","","","56","2026","https://msk.postupi.online/vuz/mguu/specialnosti/bakalavr/","https://msk.postupi.online/vuz/mguu/specialnosti/bakalavr/","2026-07-08T20:19:37.483Z"
"Университет Правительства Москвы","41.03.05","Международные отношения","bachelor","","","","27","2026","https://msk.postupi.online/vuz/mguu/specialnosti/bakalavr/","https://msk.postupi.online/vuz/mguu/specialnosti/bakalavr/","2026-07-08T20:19:37.483Z"
"Московский государственный юридический университет имени О.Е. Кутафина (МГЮА)","40.03.01","Юриспруденция","bachelor","","true","505","","2026","https://msk.postupi.online/vuz/mgyua-im-o-e-kutafina/specialnosti/bakalavr/","https://msk.postupi.online/vuz/mgyua-im-o-e-kutafina/specialnosti/bakalavr/","2026-07-08T20:19:37.483Z"
"Российский государственный художественно-промышленный университет им. С.Г. Строганова","50.03.04","Теория и история искусств","bachelor","","true","10","5","2026","https://msk.postupi.online/vuz/mhpa-im-s-g-stroganova/specialnosti/bakalavr/","https://msk.postupi.online/vuz/mhpa-im-s-g-stroganova/specialnosti/bakalavr/","2026-07-08T20:19:37.483Z"
"Российский государственный художественно-промышленный университет им. С.Г. Строганова","54.03.01","Дизайн","bachelor","","true","108","105","2026","https://msk.postupi.online/vuz/mhpa-im-s-g-stroganova/specialnosti/bakalavr/","https://msk.postupi.online/vuz/mhpa-im-s-g-stroganova/specialnosti/bakalavr/","2026-07-08T20:19:37.483Z"
"Российский государственный художественно-промышленный университет им. С.Г. Строганова","54.03.02","Декоративно-прикладное искусство и народные промыслы","bachelor","","true","49","21","2026","https://msk.postupi.online/vuz/mhpa-im-s-g-stroganova/specialnosti/bakalavr/","https://msk.postupi.online/vuz/mhpa-im-s-g-stroganova/specialnosti/bakalavr/","2026-07-08T20:19:37.483Z"
"Российский государственный художественно-промышленный университет им. С.Г. Строганова","54.03.04","Реставрация","bachelor","","true","12","3","2026","https://msk.postupi.online/vuz/mhpa-im-s-g-stroganova/specialnosti/bakalavr/","https://msk.postupi.online/vuz/mhpa-im-s-g-stroganova/specialnosti/bakalavr/","2026-07-08T20:19:37.483Z"
"Московский художественно-промышленный институт","54.03.01","Дизайн","bachelor","","","","300","2026","https://msk.postupi.online/vuz/mhpi/specialnosti/bakalavr/","https://msk.postupi.online/vuz/mhpi/specialnosti/bakalavr/","2026-07-08T20:19:37.483Z"
"Национальный исследовательский университет Московский институт электронной техники","01.03.04","Прикладная математика","bachelor","","true","50","10","2026","https://msk.postupi.online/vuz/miet/specialnosti/bakalavr/","https://msk.postupi.online/vuz/miet/specialnosti/bakalavr/","2026-07-08T20:19:37.483Z"
"Национальный исследовательский университет Московский институт электронной техники","02.03.01","Математика и компьютерные науки","bachelor","","","","15","2026","https://msk.postupi.online/vuz/miet/specialnosti/bakalavr/","https://msk.postupi.online/vuz/miet/specialnosti/bakalavr/","2026-07-08T20:19:37.483Z"
"Национальный исследовательский университет Московский институт электронной техники","09.03.01","Информатика и вычислительная техника","bachelor","","true","90","50","2026","https://msk.postupi.online/vuz/miet/specialnosti/bakalavr/","https://msk.postupi.online/vuz/miet/specialnosti/bakalavr/","2026-07-08T20:19:37.483Z"
"Национальный исследовательский университет Московский институт электронной техники","09.03.02","Информационные системы и технологии","bachelor","","true","53","77","2026","https://msk.postupi.online/vuz/miet/specialnosti/bakalavr/","https://msk.postupi.online/vuz/miet/specialnosti/bakalavr/","2026-07-08T20:19:37.483Z"
"Национальный исследовательский университет Московский институт электронной техники","09.03.03","Прикладная информатика","bachelor","","true","54","65","2026","https://msk.postupi.online/vuz/miet/specialnosti/bakalavr/","https://msk.postupi.online/vuz/miet/specialnosti/bakalavr/","2026-07-08T20:19:37.483Z"
"Национальный исследовательский университет Московский институт электронной техники","09.03.04","Программная инженерия","bachelor","","true","110","72","2026","https://msk.postupi.online/vuz/miet/specialnosti/bakalavr/","https://msk.postupi.online/vuz/miet/specialnosti/bakalavr/","2026-07-08T20:19:37.483Z"
"Национальный исследовательский университет Московский институт электронной техники","10.03.01","Информационная безопасность","bachelor","","true","50","6","2026","https://msk.postupi.online/vuz/miet/specialnosti/bakalavr/","https://msk.postupi.online/vuz/miet/specialnosti/bakalavr/","2026-07-08T20:19:37.483Z"
"Национальный исследовательский университет Московский институт электронной техники","11.03.01","Радиотехника","bachelor","","true","40","10","2026","https://msk.postupi.online/vuz/miet/specialnosti/bakalavr/","https://msk.postupi.online/vuz/miet/specialnosti/bakalavr/","2026-07-08T20:19:37.483Z"
"Национальный исследовательский университет Московский институт электронной техники","11.03.02","Инфокоммуникационные технологии и системы связи","bachelor","","true","80","10","2026","https://msk.postupi.online/vuz/miet/specialnosti/bakalavr/","https://msk.postupi.online/vuz/miet/specialnosti/bakalavr/","2026-07-08T20:19:37.483Z"
"Национальный исследовательский университет Московский институт электронной техники","11.03.03","Конструирование и технология электронных средств","bachelor","","true","50","10","2026","https://msk.postupi.online/vuz/miet/specialnosti/bakalavr/","https://msk.postupi.online/vuz/miet/specialnosti/bakalavr/","2026-07-08T20:19:37.483Z"
"Национальный исследовательский университет Московский институт электронной техники","11.03.04","Электроника и наноэлектроника","bachelor","","true","153","27","2026","https://msk.postupi.online/vuz/miet/specialnosti/bakalavr/","https://msk.postupi.online/vuz/miet/specialnosti/bakalavr/","2026-07-08T20:19:37.483Z"
"Национальный исследовательский университет Московский институт электронной техники","12.03.04","Биотехнические системы и технологии","bachelor","","true","50","10","2026","https://msk.postupi.online/vuz/miet/specialnosti/bakalavr/","https://msk.postupi.online/vuz/miet/specialnosti/bakalavr/","2026-07-08T20:19:37.483Z"
"Национальный исследовательский университет Московский институт электронной техники","20.03.01","Техносферная безопасность","bachelor","","true","25","5","2026","https://msk.postupi.online/vuz/miet/specialnosti/bakalavr/","https://msk.postupi.online/vuz/miet/specialnosti/bakalavr/","2026-07-08T20:19:37.483Z"
"Национальный исследовательский университет Московский институт электронной техники","22.03.01","Материаловедение и технологии материалов","bachelor","","true","25","5","2026","https://msk.postupi.online/vuz/miet/specialnosti/bakalavr/","https://msk.postupi.online/vuz/miet/specialnosti/bakalavr/","2026-07-08T20:19:37.483Z"
"Национальный исследовательский университет Московский институт электронной техники","27.03.04","Управление в технических системах","bachelor","","true","50","10","2026","https://msk.postupi.online/vuz/miet/specialnosti/bakalavr/","https://msk.postupi.online/vuz/miet/specialnosti/bakalavr/","2026-07-08T20:19:37.483Z"
"Национальный исследовательский университет Московский институт электронной техники","27.03.05","Инноватика","bachelor","","true","19","11","2026","https://msk.postupi.online/vuz/miet/specialnosti/bakalavr/","https://msk.postupi.online/vuz/miet/specialnosti/bakalavr/","2026-07-08T20:19:37.483Z"
"Национальный исследовательский университет Московский институт электронной техники","28.03.03","Наноматериалы","bachelor","","true","25","5","2026","https://msk.postupi.online/vuz/miet/specialnosti/bakalavr/","https://msk.postupi.online/vuz/miet/specialnosti/bakalavr/","2026-07-08T20:19:37.483Z"
"Национальный исследовательский университет Московский институт электронной техники","37.03.01","Психология","bachelor","","","","20","2026","https://msk.postupi.online/vuz/miet/specialnosti/bakalavr/","https://msk.postupi.online/vuz/miet/specialnosti/bakalavr/","2026-07-08T20:19:37.483Z"
"Национальный исследовательский университет Московский институт электронной техники","38.03.02","Менеджмент","bachelor","","true","6","57","2026","https://msk.postupi.online/vuz/miet/specialnosti/bakalavr/","https://msk.postupi.online/vuz/miet/specialnosti/bakalavr/","2026-07-08T20:19:37.483Z"
"Национальный исследовательский университет Московский институт электронной техники","44.03.05","Педагогическое образование (с двумя профилями подготовки)","bachelor","","","","20","2026","https://msk.postupi.online/vuz/miet/specialnosti/bakalavr/","https://msk.postupi.online/vuz/miet/specialnosti/bakalavr/","2026-07-08T20:19:37.483Z"
"Московский государственный университет геодезии и картографии","07.03.01","Архитектура","bachelor","","true","9","9","2026","https://msk.postupi.online/vuz/miigaik/specialnosti/bakalavr/","https://msk.postupi.online/vuz/miigaik/specialnosti/bakalavr/","2026-07-08T20:19:37.483Z"
"Московский государственный университет геодезии и картографии","07.03.04","Градостроительство","bachelor","","true","7","18","2026","https://msk.postupi.online/vuz/miigaik/specialnosti/bakalavr/","https://msk.postupi.online/vuz/miigaik/specialnosti/bakalavr/","2026-07-08T20:19:37.483Z"
"Московский государственный университет геодезии и картографии","09.03.02","Информационные системы и технологии","bachelor","","true","21","20","2026","https://msk.postupi.online/vuz/miigaik/specialnosti/bakalavr/","https://msk.postupi.online/vuz/miigaik/specialnosti/bakalavr/","2026-07-08T20:19:37.483Z"
"Московский государственный университет геодезии и картографии","09.03.03","Прикладная информатика","bachelor","","true","20","20","2026","https://msk.postupi.online/vuz/miigaik/specialnosti/bakalavr/","https://msk.postupi.online/vuz/miigaik/specialnosti/bakalavr/","2026-07-08T20:19:37.483Z"
"Московский государственный университет геодезии и картографии","10.03.01","Информационная безопасность","bachelor","","true","11","35","2026","https://msk.postupi.online/vuz/miigaik/specialnosti/bakalavr/","https://msk.postupi.online/vuz/miigaik/specialnosti/bakalavr/","2026-07-08T20:19:37.483Z"
"Московский государственный университет геодезии и картографии","12.03.05","Лазерная техника и лазерные технологии","bachelor","","true","20","15","2026","https://msk.postupi.online/vuz/miigaik/specialnosti/bakalavr/","https://msk.postupi.online/vuz/miigaik/specialnosti/bakalavr/","2026-07-08T20:19:37.483Z"
"Московский государственный университет геодезии и картографии","21.03.02","Землеустройство и кадастры","bachelor","","true","105","70","2026","https://msk.postupi.online/vuz/miigaik/specialnosti/bakalavr/","https://msk.postupi.online/vuz/miigaik/specialnosti/bakalavr/","2026-07-08T20:19:37.483Z"
"Московский государственный университет геодезии и картографии","21.03.03","Геодезия и дистанционное зондирование","bachelor","","true","164","76","2026","https://msk.postupi.online/vuz/miigaik/specialnosti/bakalavr/","https://msk.postupi.online/vuz/miigaik/specialnosti/bakalavr/","2026-07-08T20:19:37.483Z"
"Московский государственный университет геодезии и картографии","27.03.03","Системный анализ и управление","bachelor","","true","3","22","2026","https://msk.postupi.online/vuz/miigaik/specialnosti/bakalavr/","https://msk.postupi.online/vuz/miigaik/specialnosti/bakalavr/","2026-07-08T20:19:37.483Z"
"Московский государственный университет геодезии и картографии","38.03.04","Государственное и муниципальное управление","bachelor","","true","2","","2026","https://msk.postupi.online/vuz/miigaik/specialnosti/bakalavr/","https://msk.postupi.online/vuz/miigaik/specialnosti/bakalavr/","2026-07-08T20:19:37.483Z"
"Московский институт психоанализа","09.03.03","Прикладная информатика","bachelor","","","","175","2026","https://msk.postupi.online/vuz/mip/specialnosti/bakalavr/","https://msk.postupi.online/vuz/mip/specialnosti/bakalavr/","2026-07-08T20:19:37.483Z"
"Московский институт психоанализа","37.03.01","Психология","bachelor","","true","60","","2026","https://msk.postupi.online/vuz/mip/specialnosti/bakalavr/","https://msk.postupi.online/vuz/mip/specialnosti/bakalavr/","2026-07-08T20:19:37.483Z"
"Московский институт психоанализа","38.03.03","Управление персоналом","bachelor","","","","58","2026","https://msk.postupi.online/vuz/mip/specialnosti/bakalavr/","https://msk.postupi.online/vuz/mip/specialnosti/bakalavr/","2026-07-08T20:19:37.483Z"
"Московский институт психоанализа","44.03.02","Психолого-педагогическое образование","bachelor","","true","10","800","2026","https://msk.postupi.online/vuz/mip/specialnosti/bakalavr/","https://msk.postupi.online/vuz/mip/specialnosti/bakalavr/","2026-07-08T20:19:37.483Z"
"Московский институт психоанализа","44.03.03","Специальное (дефектологическое) образование","bachelor","","","","875","2026","https://msk.postupi.online/vuz/mip/specialnosti/bakalavr/","https://msk.postupi.online/vuz/mip/specialnosti/bakalavr/","2026-07-08T20:19:37.483Z"
"Московский институт психоанализа","46.03.03","Антропология и этнология","bachelor","","","","125","2026","https://msk.postupi.online/vuz/mip/specialnosti/bakalavr/","https://msk.postupi.online/vuz/mip/specialnosti/bakalavr/","2026-07-08T20:19:37.483Z"
"Московский институт психоанализа","51.03.01","Культурология","bachelor","","","","125","2026","https://msk.postupi.online/vuz/mip/specialnosti/bakalavr/","https://msk.postupi.online/vuz/mip/specialnosti/bakalavr/","2026-07-08T20:19:37.483Z"
"МИРЭА – Российский технологический университет","01.03.02","Прикладная математика и информатика","bachelor","","true","78","222","2026","https://msk.postupi.online/vuz/mirea/specialnosti/bakalavr/","https://msk.postupi.online/vuz/mirea/specialnosti/bakalavr/","2026-07-08T20:19:37.483Z"
"МИРЭА – Российский технологический университет","01.03.04","Прикладная математика","bachelor","","true","27","60","2026","https://msk.postupi.online/vuz/mirea/specialnosti/bakalavr/","https://msk.postupi.online/vuz/mirea/specialnosti/bakalavr/","2026-07-08T20:19:37.483Z"
"МИРЭА – Российский технологический университет","01.03.05","Статистика","bachelor","","true","30","90","2026","https://msk.postupi.online/vuz/mirea/specialnosti/bakalavr/","https://msk.postupi.online/vuz/mirea/specialnosti/bakalavr/","2026-07-08T20:19:37.483Z"
"МИРЭА – Российский технологический университет","02.03.02","Фундаментальная информатика и информационные технологии","bachelor","","true","14","316","2026","https://msk.postupi.online/vuz/mirea/specialnosti/bakalavr/","https://msk.postupi.online/vuz/mirea/specialnosti/bakalavr/","2026-07-08T20:19:37.483Z"
"МИРЭА – Российский технологический университет","03.03.02","Физика","bachelor","","true","25","35","2026","https://msk.postupi.online/vuz/mirea/specialnosti/bakalavr/","https://msk.postupi.online/vuz/mirea/specialnosti/bakalavr/","2026-07-08T20:19:37.483Z"
"МИРЭА – Российский технологический университет","09.03.01","Информатика и вычислительная техника","bachelor","","true","272","560","2026","https://msk.postupi.online/vuz/mirea/specialnosti/bakalavr/","https://msk.postupi.online/vuz/mirea/specialnosti/bakalavr/","2026-07-08T20:19:37.483Z"
"МИРЭА – Российский технологический университет","09.03.02","Информационные системы и технологии","bachelor","","true","543","","2026","https://msk.postupi.online/vuz/mirea/specialnosti/bakalavr/","https://msk.postupi.online/vuz/mirea/specialnosti/bakalavr/","2026-07-08T20:19:37.483Z"
"МИРЭА – Российский технологический университет","09.03.03","Прикладная информатика","bachelor","","true","116","210","2026","https://msk.postupi.online/vuz/mirea/specialnosti/bakalavr/","https://msk.postupi.online/vuz/mirea/specialnosti/bakalavr/","2026-07-08T20:19:37.483Z"
"МИРЭА – Российский технологический университет","09.03.04","Программная инженерия","bachelor","","true","237","955","2026","https://msk.postupi.online/vuz/mirea/specialnosti/bakalavr/","https://msk.postupi.online/vuz/mirea/specialnosti/bakalavr/","2026-07-08T20:19:37.483Z"
"МИРЭА – Российский технологический университет","10.03.01","Информационная безопасность","bachelor","","true","77","395","2026","https://msk.postupi.online/vuz/mirea/specialnosti/bakalavr/","https://msk.postupi.online/vuz/mirea/specialnosti/bakalavr/","2026-07-08T20:19:37.483Z"
"МИРЭА – Российский технологический университет","11.03.01","Радиотехника","bachelor","","true","58","60","2026","https://msk.postupi.online/vuz/mirea/specialnosti/bakalavr/","https://msk.postupi.online/vuz/mirea/specialnosti/bakalavr/","2026-07-08T20:19:37.483Z"
"МИРЭА – Российский технологический университет","11.03.02","Инфокоммуникационные технологии и системы связи","bachelor","","true","114","85","2026","https://msk.postupi.online/vuz/mirea/specialnosti/bakalavr/","https://msk.postupi.online/vuz/mirea/specialnosti/bakalavr/","2026-07-08T20:19:37.483Z"
"МИРЭА – Российский технологический университет","11.03.03","Конструирование и технология электронных средств","bachelor","","true","69","50","2026","https://msk.postupi.online/vuz/mirea/specialnosti/bakalavr/","https://msk.postupi.online/vuz/mirea/specialnosti/bakalavr/","2026-07-08T20:19:37.483Z"
"МИРЭА – Российский технологический университет","11.03.04","Электроника и наноэлектроника","bachelor","","true","40","50","2026","https://msk.postupi.online/vuz/mirea/specialnosti/bakalavr/","https://msk.postupi.online/vuz/mirea/specialnosti/bakalavr/","2026-07-08T20:19:37.483Z"
"МИРЭА – Российский технологический университет","12.03.01","Приборостроение","bachelor","","true","38","50","2026","https://msk.postupi.online/vuz/mirea/specialnosti/bakalavr/","https://msk.postupi.online/vuz/mirea/specialnosti/bakalavr/","2026-07-08T20:19:37.483Z"
"МИРЭА – Российский технологический университет","12.03.04","Биотехнические системы и технологии","bachelor","","true","40","50","2026","https://msk.postupi.online/vuz/mirea/specialnosti/bakalavr/","https://msk.postupi.online/vuz/mirea/specialnosti/bakalavr/","2026-07-08T20:19:37.483Z"
"МИРЭА – Российский технологический университет","12.03.05","Лазерная техника и лазерные технологии","bachelor","","true","36","50","2026","https://msk.postupi.online/vuz/mirea/specialnosti/bakalavr/","https://msk.postupi.online/vuz/mirea/specialnosti/bakalavr/","2026-07-08T20:19:37.483Z"
"МИРЭА – Российский технологический университет","15.03.01","Машиностроение","bachelor","","true","30","60","2026","https://msk.postupi.online/vuz/mirea/specialnosti/bakalavr/","https://msk.postupi.online/vuz/mirea/specialnosti/bakalavr/","2026-07-08T20:19:37.483Z"
"Университет науки и технологий МИСИС","01.03.04","Прикладная математика","bachelor","","true","60","40","2026","https://msk.postupi.online/vuz/misis/specialnosti/bakalavr/","https://msk.postupi.online/vuz/misis/specialnosti/bakalavr/","2026-07-08T20:19:37.483Z"
"Университет науки и технологий МИСИС","03.03.02","Физика","bachelor","","true","30","2","2026","https://msk.postupi.online/vuz/misis/specialnosti/bakalavr/","https://msk.postupi.online/vuz/misis/specialnosti/bakalavr/","2026-07-08T20:19:37.483Z"
"Университет науки и технологий МИСИС","09.03.01","Информатика и вычислительная техника","bachelor","","true","65","108","2026","https://msk.postupi.online/vuz/misis/specialnosti/bakalavr/","https://msk.postupi.online/vuz/misis/specialnosti/bakalavr/","2026-07-08T20:19:37.483Z"
"Университет науки и технологий МИСИС","09.03.02","Информационные системы и технологии","bachelor","","true","40","72","2026","https://msk.postupi.online/vuz/misis/specialnosti/bakalavr/","https://msk.postupi.online/vuz/misis/specialnosti/bakalavr/","2026-07-08T20:19:37.483Z"
"Университет науки и технологий МИСИС","09.03.03","Прикладная информатика","bachelor","","true","50","90","2026","https://msk.postupi.online/vuz/misis/specialnosti/bakalavr/","https://msk.postupi.online/vuz/misis/specialnosti/bakalavr/","2026-07-08T20:19:37.483Z"
"Университет науки и технологий МИСИС","11.03.04","Электроника и наноэлектроника","bachelor","","true","37","","2026","https://msk.postupi.online/vuz/misis/specialnosti/bakalavr/","https://msk.postupi.online/vuz/misis/specialnosti/bakalavr/","2026-07-08T20:19:37.483Z"
"Университет науки и технологий МИСИС","13.03.02","Электроэнергетика и электротехника","bachelor","","true","20","1","2026","https://msk.postupi.online/vuz/misis/specialnosti/bakalavr/","https://msk.postupi.online/vuz/misis/specialnosti/bakalavr/","2026-07-08T20:19:37.483Z"
"Университет науки и технологий МИСИС","15.03.02","Технологические машины и оборудование","bachelor","","true","60","2","2026","https://msk.postupi.online/vuz/misis/specialnosti/bakalavr/","https://msk.postupi.online/vuz/misis/specialnosti/bakalavr/","2026-07-08T20:19:37.483Z"
"Университет науки и технологий МИСИС","18.03.01","Химическая технология","bachelor","","true","25","3","2026","https://msk.postupi.online/vuz/misis/specialnosti/bakalavr/","https://msk.postupi.online/vuz/misis/specialnosti/bakalavr/","2026-07-08T20:19:37.483Z"
"Университет науки и технологий МИСИС","19.03.01","Биотехнология","bachelor","","true","30","5","2026","https://msk.postupi.online/vuz/misis/specialnosti/bakalavr/","https://msk.postupi.online/vuz/misis/specialnosti/bakalavr/","2026-07-08T20:19:37.483Z"
"Университет науки и технологий МИСИС","22.03.01","Материаловедение и технологии материалов","bachelor","","true","60","","2026","https://msk.postupi.online/vuz/misis/specialnosti/bakalavr/","https://msk.postupi.online/vuz/misis/specialnosti/bakalavr/","2026-07-08T20:19:37.483Z"
"Университет науки и технологий МИСИС","22.03.02","Металлургия","bachelor","","true","50","2","2026","https://msk.postupi.online/vuz/misis/specialnosti/bakalavr/","https://msk.postupi.online/vuz/misis/specialnosti/bakalavr/","2026-07-08T20:19:37.483Z"
"Университет науки и технологий МИСИС","27.03.03","Системный анализ и управление","bachelor","","true","5","40","2026","https://msk.postupi.online/vuz/misis/specialnosti/bakalavr/","https://msk.postupi.online/vuz/misis/specialnosti/bakalavr/","2026-07-08T20:19:37.483Z"
"Университет науки и технологий МИСИС","27.03.05","Инноватика","bachelor","","true","5","27","2026","https://msk.postupi.online/vuz/misis/specialnosti/bakalavr/","https://msk.postupi.online/vuz/misis/specialnosti/bakalavr/","2026-07-08T20:19:37.483Z"
"Университет науки и технологий МИСИС","28.03.01","Нанотехнологии и микросистемная техника","bachelor","","true","25","2","2026","https://msk.postupi.online/vuz/misis/specialnosti/bakalavr/","https://msk.postupi.online/vuz/misis/specialnosti/bakalavr/","2026-07-08T20:19:37.483Z"
"Университет науки и технологий МИСИС","28.03.03","Наноматериалы","bachelor","","true","25","1","2026","https://msk.postupi.online/vuz/misis/specialnosti/bakalavr/","https://msk.postupi.online/vuz/misis/specialnosti/bakalavr/","2026-07-08T20:19:37.483Z"
"Университет науки и технологий МИСИС","38.03.01","Экономика","bachelor","","true","18","119","2026","https://msk.postupi.online/vuz/misis/specialnosti/bakalavr/","https://msk.postupi.online/vuz/misis/specialnosti/bakalavr/","2026-07-08T20:19:37.483Z"
"Университет науки и технологий МИСИС","38.03.02","Менеджмент","bachelor","","true","18","51","2026","https://msk.postupi.online/vuz/misis/specialnosti/bakalavr/","https://msk.postupi.online/vuz/misis/specialnosti/bakalavr/","2026-07-08T20:19:37.483Z"
"Университет науки и технологий МИСИС","38.03.05","Бизнес-информатика","bachelor","","true","20","150","2026","https://msk.postupi.online/vuz/misis/specialnosti/bakalavr/","https://msk.postupi.online/vuz/misis/specialnosti/bakalavr/","2026-07-08T20:19:37.483Z"
"Университет науки и технологий МИСИС","45.03.02","Лингвистика","bachelor","","true","25","51","2026","https://msk.postupi.online/vuz/misis/specialnosti/bakalavr/","https://msk.postupi.online/vuz/misis/specialnosti/bakalavr/","2026-07-08T20:19:37.483Z"
"Московский гуманитарно-технологический университет – Московский архитектурно-строительный институт","07.03.01","Архитектура","bachelor","","","","99","2026","https://msk.postupi.online/vuz/mitu-masi/specialnosti/bakalavr/","https://msk.postupi.online/vuz/mitu-masi/specialnosti/bakalavr/","2026-07-08T20:19:37.483Z"
"Московский гуманитарно-технологический университет – Московский архитектурно-строительный институт","08.03.01","Строительство","bachelor","","","","530","2026","https://msk.postupi.online/vuz/mitu-masi/specialnosti/bakalavr/","https://msk.postupi.online/vuz/mitu-masi/specialnosti/bakalavr/","2026-07-08T20:19:37.483Z"
"Московский гуманитарно-технологический университет – Московский архитектурно-строительный институт","09.03.01","Информатика и вычислительная техника","bachelor","","","","50","2026","https://msk.postupi.online/vuz/mitu-masi/specialnosti/bakalavr/","https://msk.postupi.online/vuz/mitu-masi/specialnosti/bakalavr/","2026-07-08T20:19:37.483Z"
"Московский гуманитарно-технологический университет – Московский архитектурно-строительный институт","09.03.03","Прикладная информатика","bachelor","","","","100","2026","https://msk.postupi.online/vuz/mitu-masi/specialnosti/bakalavr/","https://msk.postupi.online/vuz/mitu-masi/specialnosti/bakalavr/","2026-07-08T20:19:37.483Z"
"Московский гуманитарно-технологический университет – Московский архитектурно-строительный институт","21.03.03","Геодезия и дистанционное зондирование","bachelor","","","","25","2026","https://msk.postupi.online/vuz/mitu-masi/specialnosti/bakalavr/","https://msk.postupi.online/vuz/mitu-masi/specialnosti/bakalavr/","2026-07-08T20:19:37.483Z"
"Московский гуманитарно-технологический университет – Московский архитектурно-строительный институт","43.03.02","Туризм","bachelor","","","","250","2026","https://msk.postupi.online/vuz/mitu-masi/specialnosti/bakalavr/","https://msk.postupi.online/vuz/mitu-masi/specialnosti/bakalavr/","2026-07-08T20:19:37.483Z"
"Московский гуманитарно-технологический университет – Московский архитектурно-строительный институт","43.03.03","Гостиничное дело","bachelor","","","","250","2026","https://msk.postupi.online/vuz/mitu-masi/specialnosti/bakalavr/","https://msk.postupi.online/vuz/mitu-masi/specialnosti/bakalavr/","2026-07-08T20:19:37.483Z"
"Московский гуманитарно-технологический университет – Московский архитектурно-строительный институт","44.03.01","Педагогическое образование","bachelor","","","","190","2026","https://msk.postupi.online/vuz/mitu-masi/specialnosti/bakalavr/","https://msk.postupi.online/vuz/mitu-masi/specialnosti/bakalavr/","2026-07-08T20:19:37.483Z"
"Московский гуманитарно-технологический университет – Московский архитектурно-строительный институт","44.03.05","Педагогическое образование (с двумя профилями подготовки)","bachelor","","true","5","320","2026","https://msk.postupi.online/vuz/mitu-masi/specialnosti/bakalavr/","https://msk.postupi.online/vuz/mitu-masi/specialnosti/bakalavr/","2026-07-08T20:19:37.483Z"
"Московский гуманитарно-технологический университет – Московский архитектурно-строительный институт","45.03.02","Лингвистика","bachelor","","","","20","2026","https://msk.postupi.online/vuz/mitu-masi/specialnosti/bakalavr/","https://msk.postupi.online/vuz/mitu-masi/specialnosti/bakalavr/","2026-07-08T20:19:37.483Z"
"Московский гуманитарно-технологический университет – Московский архитектурно-строительный институт","54.03.01","Дизайн","bachelor","","","","237","2026","https://msk.postupi.online/vuz/mitu-masi/specialnosti/bakalavr/","https://msk.postupi.online/vuz/mitu-masi/specialnosti/bakalavr/","2026-07-08T20:19:37.483Z"
"Московский институт технологий и управления","09.03.03","Прикладная информатика","bachelor","","","","","","https://msk.postupi.online/vuz/mitu/specialnosti/bakalavr/","https://msk.postupi.online/vuz/mitu/specialnosti/bakalavr/","2026-07-08T20:19:37.483Z"
"Московский институт технологий и управления","37.03.01","Психология","bachelor","","","","20","2026","https://msk.postupi.online/vuz/mitu/specialnosti/bakalavr/","https://msk.postupi.online/vuz/mitu/specialnosti/bakalavr/","2026-07-08T20:19:37.483Z"
"Московский институт технологий и управления","38.03.01","Экономика","bachelor","","","","40","2026","https://msk.postupi.online/vuz/mitu/specialnosti/bakalavr/","https://msk.postupi.online/vuz/mitu/specialnosti/bakalavr/","2026-07-08T20:19:37.483Z"
"Московский институт технологий и управления","38.03.02","Менеджмент","bachelor","","","","40","2026","https://msk.postupi.online/vuz/mitu/specialnosti/bakalavr/","https://msk.postupi.online/vuz/mitu/specialnosti/bakalavr/","2026-07-08T20:19:37.483Z"
"Московский институт технологий и управления","38.03.03","Управление персоналом","bachelor","","","","40","2026","https://msk.postupi.online/vuz/mitu/specialnosti/bakalavr/","https://msk.postupi.online/vuz/mitu/specialnosti/bakalavr/","2026-07-08T20:19:37.483Z"
"Московский гуманитарный университет","09.03.03","Прикладная информатика","bachelor","","","","100","2026","https://msk.postupi.online/vuz/mosgu/specialnosti/bakalavr/","https://msk.postupi.online/vuz/mosgu/specialnosti/bakalavr/","2026-07-08T20:19:37.483Z"
"Московский гуманитарный университет","37.03.01","Психология","bachelor","","","","13","2026","https://msk.postupi.online/vuz/mosgu/specialnosti/bakalavr/","https://msk.postupi.online/vuz/mosgu/specialnosti/bakalavr/","2026-07-08T20:19:37.483Z"
"Московский гуманитарный университет","38.03.01","Экономика","bachelor","","","","65","2026","https://msk.postupi.online/vuz/mosgu/specialnosti/bakalavr/","https://msk.postupi.online/vuz/mosgu/specialnosti/bakalavr/","2026-07-08T20:19:37.483Z"
"Московский гуманитарный университет","38.03.02","Менеджмент","bachelor","","","","15","2026","https://msk.postupi.online/vuz/mosgu/specialnosti/bakalavr/","https://msk.postupi.online/vuz/mosgu/specialnosti/bakalavr/","2026-07-08T20:19:37.483Z"
"Московский гуманитарный университет","38.03.04","Государственное и муниципальное управление","bachelor","","","","17","2026","https://msk.postupi.online/vuz/mosgu/specialnosti/bakalavr/","https://msk.postupi.online/vuz/mosgu/specialnosti/bakalavr/","2026-07-08T20:19:37.483Z"
"Московский гуманитарный университет","40.03.01","Юриспруденция","bachelor","","","","85","2026","https://msk.postupi.online/vuz/mosgu/specialnosti/bakalavr/","https://msk.postupi.online/vuz/mosgu/specialnosti/bakalavr/","2026-07-08T20:19:37.483Z"
"Московский гуманитарный университет","41.03.05","Международные отношения","bachelor","","","","12","2026","https://msk.postupi.online/vuz/mosgu/specialnosti/bakalavr/","https://msk.postupi.online/vuz/mosgu/specialnosti/bakalavr/","2026-07-08T20:19:37.483Z"
"Московский гуманитарный университет","42.03.01","Реклама и связи с общественностью","bachelor","","","","108","2026","https://msk.postupi.online/vuz/mosgu/specialnosti/bakalavr/","https://msk.postupi.online/vuz/mosgu/specialnosti/bakalavr/","2026-07-08T20:19:37.483Z"
"Московский гуманитарный университет","42.03.02","Журналистика","bachelor","","","","17","2026","https://msk.postupi.online/vuz/mosgu/specialnosti/bakalavr/","https://msk.postupi.online/vuz/mosgu/specialnosti/bakalavr/","2026-07-08T20:19:37.483Z"
"Московский гуманитарный университет","43.03.02","Туризм","bachelor","","","","50","2026","https://msk.postupi.online/vuz/mosgu/specialnosti/bakalavr/","https://msk.postupi.online/vuz/mosgu/specialnosti/bakalavr/","2026-07-08T20:19:37.483Z"
"Московский гуманитарный университет","43.03.03","Гостиничное дело","bachelor","","","","50","2026","https://msk.postupi.online/vuz/mosgu/specialnosti/bakalavr/","https://msk.postupi.online/vuz/mosgu/specialnosti/bakalavr/","2026-07-08T20:19:37.483Z"
"Московский гуманитарный университет","44.03.02","Психолого-педагогическое образование","bachelor","","","","55","2026","https://msk.postupi.online/vuz/mosgu/specialnosti/bakalavr/","https://msk.postupi.online/vuz/mosgu/specialnosti/bakalavr/","2026-07-08T20:19:37.483Z"
"Московский гуманитарный университет","53.03.01","Музыкальное искусство эстрады","bachelor","","","","55","2026","https://msk.postupi.online/vuz/mosgu/specialnosti/bakalavr/","https://msk.postupi.online/vuz/mosgu/specialnosti/bakalavr/","2026-07-08T20:19:37.483Z"
"Московский гуманитарный университет","53.03.03","Вокальное искусство","bachelor","","","","25","2026","https://msk.postupi.online/vuz/mosgu/specialnosti/bakalavr/","https://msk.postupi.online/vuz/mosgu/specialnosti/bakalavr/","2026-07-08T20:19:37.483Z"
"Московский гуманитарный университет","54.03.01","Дизайн","bachelor","","","","55","2026","https://msk.postupi.online/vuz/mosgu/specialnosti/bakalavr/","https://msk.postupi.online/vuz/mosgu/specialnosti/bakalavr/","2026-07-08T20:19:37.483Z"
"Московский медицинский университет Реавиз","34.03.01","Сестринское дело","bachelor","","","","130","2026","https://msk.postupi.online/vuz/moskovskij-filial-reaviz/specialnosti/bakalavr/","https://msk.postupi.online/vuz/moskovskij-filial-reaviz/specialnosti/bakalavr/","2026-07-08T20:19:37.483Z"
"Московский филиал Российской международной академии туризма","19.03.04","Технология продукции и организация общественного питания","bachelor","","","","30","2026","https://msk.postupi.online/vuz/moskovskij-filial-rmat/specialnosti/bakalavr/","https://msk.postupi.online/vuz/moskovskij-filial-rmat/specialnosti/bakalavr/","2026-07-08T20:19:37.483Z"
"Московский филиал Российской международной академии туризма","38.03.02","Менеджмент","bachelor","","","","23","2026","https://msk.postupi.online/vuz/moskovskij-filial-rmat/specialnosti/bakalavr/","https://msk.postupi.online/vuz/moskovskij-filial-rmat/specialnosti/bakalavr/","2026-07-08T20:19:37.483Z"
"Московский филиал Российской международной академии туризма","43.03.03","Гостиничное дело","bachelor","","","","55","2026","https://msk.postupi.online/vuz/moskovskij-filial-rmat/specialnosti/bakalavr/","https://msk.postupi.online/vuz/moskovskij-filial-rmat/specialnosti/bakalavr/","2026-07-08T20:19:37.483Z"
"Московский финансово-юридический университет","09.03.01","Информатика и вычислительная техника","bachelor","","","","145","2026","https://msk.postupi.online/vuz/moskovskij-finansovo-yuridicheskij-universitet/specialnosti/bakalavr/","https://msk.postupi.online/vuz/moskovskij-finansovo-yuridicheskij-universitet/specialnosti/bakalavr/","2026-07-08T20:19:37.483Z"
"Московский финансово-юридический университет","09.03.02","Информационные системы и технологии","bachelor","","","","735","2026","https://msk.postupi.online/vuz/moskovskij-finansovo-yuridicheskij-universitet/specialnosti/bakalavr/","https://msk.postupi.online/vuz/moskovskij-finansovo-yuridicheskij-universitet/specialnosti/bakalavr/","2026-07-08T20:19:37.483Z"
"Московский финансово-юридический университет","09.03.03","Прикладная информатика","bachelor","","true","5","535","2026","https://msk.postupi.online/vuz/moskovskij-finansovo-yuridicheskij-universitet/specialnosti/bakalavr/","https://msk.postupi.online/vuz/moskovskij-finansovo-yuridicheskij-universitet/specialnosti/bakalavr/","2026-07-08T20:19:37.483Z"
"Московский финансово-юридический университет","21.03.02","Землеустройство и кадастры","bachelor","","","","445","2026","https://msk.postupi.online/vuz/moskovskij-finansovo-yuridicheskij-universitet/specialnosti/bakalavr/","https://msk.postupi.online/vuz/moskovskij-finansovo-yuridicheskij-universitet/specialnosti/bakalavr/","2026-07-08T20:19:37.483Z"
"Московский финансово-юридический университет","38.03.01","Экономика","bachelor","","","","687","2026","https://msk.postupi.online/vuz/moskovskij-finansovo-yuridicheskij-universitet/specialnosti/bakalavr/","https://msk.postupi.online/vuz/moskovskij-finansovo-yuridicheskij-universitet/specialnosti/bakalavr/","2026-07-08T20:19:37.483Z"
"Московский финансово-юридический университет","38.03.02","Менеджмент","bachelor","","","","631","2026","https://msk.postupi.online/vuz/moskovskij-finansovo-yuridicheskij-universitet/specialnosti/bakalavr/","https://msk.postupi.online/vuz/moskovskij-finansovo-yuridicheskij-universitet/specialnosti/bakalavr/","2026-07-08T20:19:37.483Z"
"Московский финансово-юридический университет","38.03.04","Государственное и муниципальное управление","bachelor","","","","317","2026","https://msk.postupi.online/vuz/moskovskij-finansovo-yuridicheskij-universitet/specialnosti/bakalavr/","https://msk.postupi.online/vuz/moskovskij-finansovo-yuridicheskij-universitet/specialnosti/bakalavr/","2026-07-08T20:19:37.483Z"
"Московский финансово-юридический университет","38.03.05","Бизнес-информатика","bachelor","","","","170","2026","https://msk.postupi.online/vuz/moskovskij-finansovo-yuridicheskij-universitet/specialnosti/bakalavr/","https://msk.postupi.online/vuz/moskovskij-finansovo-yuridicheskij-universitet/specialnosti/bakalavr/","2026-07-08T20:19:37.483Z"
"Московский финансово-юридический университет","38.03.06","Торговое дело","bachelor","","","","103","2026","https://msk.postupi.online/vuz/moskovskij-finansovo-yuridicheskij-universitet/specialnosti/bakalavr/","https://msk.postupi.online/vuz/moskovskij-finansovo-yuridicheskij-universitet/specialnosti/bakalavr/","2026-07-08T20:19:37.483Z"
"Московский финансово-юридический университет","40.03.01","Юриспруденция","bachelor","","","","","","https://msk.postupi.online/vuz/moskovskij-finansovo-yuridicheskij-universitet/specialnosti/bakalavr/","https://msk.postupi.online/vuz/moskovskij-finansovo-yuridicheskij-universitet/specialnosti/bakalavr/","2026-07-08T20:19:37.483Z"
"Московский финансово-юридический университет","42.03.01","Реклама и связи с общественностью","bachelor","","","","514","2026","https://msk.postupi.online/vuz/moskovskij-finansovo-yuridicheskij-universitet/specialnosti/bakalavr/","https://msk.postupi.online/vuz/moskovskij-finansovo-yuridicheskij-universitet/specialnosti/bakalavr/","2026-07-08T20:19:37.483Z"
"Московский финансово-юридический университет","42.03.02","Журналистика","bachelor","","","","147","2026","https://msk.postupi.online/vuz/moskovskij-finansovo-yuridicheskij-universitet/specialnosti/bakalavr/","https://msk.postupi.online/vuz/moskovskij-finansovo-yuridicheskij-universitet/specialnosti/bakalavr/","2026-07-08T20:19:37.483Z"
"Московский финансово-юридический университет","46.03.02","Документоведение и архивоведение","bachelor","","","","120","2026","https://msk.postupi.online/vuz/moskovskij-finansovo-yuridicheskij-universitet/specialnosti/bakalavr/","https://msk.postupi.online/vuz/moskovskij-finansovo-yuridicheskij-universitet/specialnosti/bakalavr/","2026-07-08T20:19:37.483Z"
"Московский финансово-юридический университет","54.03.01","Дизайн","bachelor","","","","146","2026","https://msk.postupi.online/vuz/moskovskij-finansovo-yuridicheskij-universitet/specialnosti/bakalavr/","https://msk.postupi.online/vuz/moskovskij-finansovo-yuridicheskij-universitet/specialnosti/bakalavr/","2026-07-08T20:19:37.483Z"
"Московский инновационный университет","09.03.03","Прикладная информатика","bachelor","","","","480","2026","https://msk.postupi.online/vuz/moskovskij-innovacionnyj-universitet/specialnosti/bakalavr/","https://msk.postupi.online/vuz/moskovskij-innovacionnyj-universitet/specialnosti/bakalavr/","2026-07-08T20:19:37.483Z"
"Московский инновационный университет","37.03.01","Психология","bachelor","","","","25","2026","https://msk.postupi.online/vuz/moskovskij-innovacionnyj-universitet/specialnosti/bakalavr/","https://msk.postupi.online/vuz/moskovskij-innovacionnyj-universitet/specialnosti/bakalavr/","2026-07-08T20:19:37.483Z"
"Московский инновационный университет","38.03.02","Менеджмент","bachelor","","","","30","2026","https://msk.postupi.online/vuz/moskovskij-innovacionnyj-universitet/specialnosti/bakalavr/","https://msk.postupi.online/vuz/moskovskij-innovacionnyj-universitet/specialnosti/bakalavr/","2026-07-08T20:19:37.483Z"
"Московский инновационный университет","38.03.03","Управление персоналом","bachelor","","","","40","2026","https://msk.postupi.online/vuz/moskovskij-innovacionnyj-universitet/specialnosti/bakalavr/","https://msk.postupi.online/vuz/moskovskij-innovacionnyj-universitet/specialnosti/bakalavr/","2026-07-08T20:19:37.483Z"
"Московский инновационный университет","38.03.04","Государственное и муниципальное управление","bachelor","","","","30","2026","https://msk.postupi.online/vuz/moskovskij-innovacionnyj-universitet/specialnosti/bakalavr/","https://msk.postupi.online/vuz/moskovskij-innovacionnyj-universitet/specialnosti/bakalavr/","2026-07-08T20:19:37.483Z"
"Московский инновационный университет","40.03.01","Юриспруденция","bachelor","","","","89","2026","https://msk.postupi.online/vuz/moskovskij-innovacionnyj-universitet/specialnosti/bakalavr/","https://msk.postupi.online/vuz/moskovskij-innovacionnyj-universitet/specialnosti/bakalavr/","2026-07-08T20:19:37.483Z"
"Московский инновационный университет","42.03.01","Реклама и связи с общественностью","bachelor","","","","20","2026","https://msk.postupi.online/vuz/moskovskij-innovacionnyj-universitet/specialnosti/bakalavr/","https://msk.postupi.online/vuz/moskovskij-innovacionnyj-universitet/specialnosti/bakalavr/","2026-07-08T20:19:37.483Z"
"Московский инновационный университет","43.03.02","Туризм","bachelor","","","","200","2026","https://msk.postupi.online/vuz/moskovskij-innovacionnyj-universitet/specialnosti/bakalavr/","https://msk.postupi.online/vuz/moskovskij-innovacionnyj-universitet/specialnosti/bakalavr/","2026-07-08T20:19:37.483Z"
"Московский инновационный университет","43.03.03","Гостиничное дело","bachelor","","","","200","2026","https://msk.postupi.online/vuz/moskovskij-innovacionnyj-universitet/specialnosti/bakalavr/","https://msk.postupi.online/vuz/moskovskij-innovacionnyj-universitet/specialnosti/bakalavr/","2026-07-08T20:19:37.483Z"
"Московский инновационный университет","45.03.02","Лингвистика","bachelor","","","","20","2026","https://msk.postupi.online/vuz/moskovskij-innovacionnyj-universitet/specialnosti/bakalavr/","https://msk.postupi.online/vuz/moskovskij-innovacionnyj-universitet/specialnosti/bakalavr/","2026-07-08T20:19:37.483Z"
"Московский областной филиал Санкт-Петербургского Гуманитарного университета профсоюзов - Институт искусств и информационных технологий","09.03.03","Прикладная информатика","bachelor","","","","53","2026","https://msk.postupi.online/vuz/moskovskij-oblastnoj-filial-spbgup-iiiit/specialnosti/bakalavr/","https://msk.postupi.online/vuz/moskovskij-oblastnoj-filial-spbgup-iiiit/specialnosti/bakalavr/","2026-07-08T20:19:37.483Z"
"Московский областной филиал Санкт-Петербургского Гуманитарного университета профсоюзов - Институт искусств и информационных технологий","37.03.02","Конфликтология","bachelor","","","","32","2026","https://msk.postupi.online/vuz/moskovskij-oblastnoj-filial-spbgup-iiiit/specialnosti/bakalavr/","https://msk.postupi.online/vuz/moskovskij-oblastnoj-filial-spbgup-iiiit/specialnosti/bakalavr/","2026-07-08T20:19:37.483Z"
"Московский областной филиал Санкт-Петербургского Гуманитарного университета профсоюзов - Институт искусств и информационных технологий","42.03.01","Реклама и связи с общественностью","bachelor","","","","10","2026","https://msk.postupi.online/vuz/moskovskij-oblastnoj-filial-spbgup-iiiit/specialnosti/bakalavr/","https://msk.postupi.online/vuz/moskovskij-oblastnoj-filial-spbgup-iiiit/specialnosti/bakalavr/","2026-07-08T20:19:37.483Z"
"Московский областной филиал Санкт-Петербургского Гуманитарного университета профсоюзов - Институт искусств и информационных технологий","50.03.03","История искусств","bachelor","","","","26","2026","https://msk.postupi.online/vuz/moskovskij-oblastnoj-filial-spbgup-iiiit/specialnosti/bakalavr/","https://msk.postupi.online/vuz/moskovskij-oblastnoj-filial-spbgup-iiiit/specialnosti/bakalavr/","2026-07-08T20:19:37.483Z"
"Московский областной филиал Санкт-Петербургского Гуманитарного университета профсоюзов - Институт искусств и информационных технологий","51.03.03","Социально-культурная деятельность","bachelor","","","","22","2026","https://msk.postupi.online/vuz/moskovskij-oblastnoj-filial-spbgup-iiiit/specialnosti/bakalavr/","https://msk.postupi.online/vuz/moskovskij-oblastnoj-filial-spbgup-iiiit/specialnosti/bakalavr/","2026-07-08T20:19:37.483Z"
"Московский политехнический университет","01.03.02","Прикладная математика и информатика","bachelor","","true","60","60","2026","https://msk.postupi.online/vuz/moskovskij-politeh/specialnosti/bakalavr/","https://msk.postupi.online/vuz/moskovskij-politeh/specialnosti/bakalavr/","2026-07-08T20:19:37.483Z"
"Московский политехнический университет","08.03.01","Строительство","bachelor","","true","34","176","2026","https://msk.postupi.online/vuz/moskovskij-politeh/specialnosti/bakalavr/","https://msk.postupi.online/vuz/moskovskij-politeh/specialnosti/bakalavr/","2026-07-08T20:19:37.483Z"
"Московский политехнический университет","09.03.01","Информатика и вычислительная техника","bachelor","","true","406","654","2026","https://msk.postupi.online/vuz/moskovskij-politeh/specialnosti/bakalavr/","https://msk.postupi.online/vuz/moskovskij-politeh/specialnosti/bakalavr/","2026-07-08T20:19:37.483Z"
"Московский политехнический университет","09.03.02","Информационные системы и технологии","bachelor","","true","267","383","2026","https://msk.postupi.online/vuz/moskovskij-politeh/specialnosti/bakalavr/","https://msk.postupi.online/vuz/moskovskij-politeh/specialnosti/bakalavr/","2026-07-08T20:19:37.483Z"
"Московский политехнический университет","09.03.03","Прикладная информатика","bachelor","","true","253","567","2026","https://msk.postupi.online/vuz/moskovskij-politeh/specialnosti/bakalavr/","https://msk.postupi.online/vuz/moskovskij-politeh/specialnosti/bakalavr/","2026-07-08T20:19:37.483Z"
"Московский политехнический университет","10.03.01","Информационная безопасность","bachelor","","true","99","61","2026","https://msk.postupi.online/vuz/moskovskij-politeh/specialnosti/bakalavr/","https://msk.postupi.online/vuz/moskovskij-politeh/specialnosti/bakalavr/","2026-07-08T20:19:37.483Z"
"Московский политехнический университет","11.03.01","Радиотехника","bachelor","","true","35","45","2026","https://msk.postupi.online/vuz/moskovskij-politeh/specialnosti/bakalavr/","https://msk.postupi.online/vuz/moskovskij-politeh/specialnosti/bakalavr/","2026-07-08T20:19:37.483Z"
"Московский политехнический университет","13.03.01","Теплоэнергетика и теплотехника","bachelor","","true","25","55","2026","https://msk.postupi.online/vuz/moskovskij-politeh/specialnosti/bakalavr/","https://msk.postupi.online/vuz/moskovskij-politeh/specialnosti/bakalavr/","2026-07-08T20:19:37.483Z"
"Московский политехнический университет","13.03.02","Электроэнергетика и электротехника","bachelor","","true","76","164","2026","https://msk.postupi.online/vuz/moskovskij-politeh/specialnosti/bakalavr/","https://msk.postupi.online/vuz/moskovskij-politeh/specialnosti/bakalavr/","2026-07-08T20:19:37.483Z"
"Московский политехнический университет","13.03.03","Энергетическое машиностроение","bachelor","","true","28","52","2026","https://msk.postupi.online/vuz/moskovskij-politeh/specialnosti/bakalavr/","https://msk.postupi.online/vuz/moskovskij-politeh/specialnosti/bakalavr/","2026-07-08T20:19:37.483Z"
"Московский политехнический университет","15.03.01","Машиностроение","bachelor","","true","165","225","2026","https://msk.postupi.online/vuz/moskovskij-politeh/specialnosti/bakalavr/","https://msk.postupi.online/vuz/moskovskij-politeh/specialnosti/bakalavr/","2026-07-08T20:19:37.483Z"
"Московский политехнический университет","15.03.02","Технологические машины и оборудование","bachelor","","true","25","55","2026","https://msk.postupi.online/vuz/moskovskij-politeh/specialnosti/bakalavr/","https://msk.postupi.online/vuz/moskovskij-politeh/specialnosti/bakalavr/","2026-07-08T20:19:37.483Z"
"Московский политехнический университет","15.03.03","Прикладная механика","bachelor","","true","30","50","2026","https://msk.postupi.online/vuz/moskovskij-politeh/specialnosti/bakalavr/","https://msk.postupi.online/vuz/moskovskij-politeh/specialnosti/bakalavr/","2026-07-08T20:19:37.483Z"
"Московский политехнический университет","15.03.04","Автоматизация технологических процессов и производств","bachelor","","true","55","105","2026","https://msk.postupi.online/vuz/moskovskij-politeh/specialnosti/bakalavr/","https://msk.postupi.online/vuz/moskovskij-politeh/specialnosti/bakalavr/","2026-07-08T20:19:37.483Z"
"Московский политехнический университет","15.03.05","Конструкторско-технологическое обеспечение машиностроительных производств","bachelor","","true","50","27","2026","https://msk.postupi.online/vuz/moskovskij-politeh/specialnosti/bakalavr/","https://msk.postupi.online/vuz/moskovskij-politeh/specialnosti/bakalavr/","2026-07-08T20:19:37.483Z"
"Московский политехнический университет","15.03.06","Мехатроника и робототехника","bachelor","","true","30","50","2026","https://msk.postupi.online/vuz/moskovskij-politeh/specialnosti/bakalavr/","https://msk.postupi.online/vuz/moskovskij-politeh/specialnosti/bakalavr/","2026-07-08T20:19:37.483Z"
"Московский политехнический университет","19.03.01","Биотехнология","bachelor","","true","25","95","2026","https://msk.postupi.online/vuz/moskovskij-politeh/specialnosti/bakalavr/","https://msk.postupi.online/vuz/moskovskij-politeh/specialnosti/bakalavr/","2026-07-08T20:19:37.483Z"
"Московский политехнический университет","20.03.01","Техносферная безопасность","bachelor","","true","35","45","2026","https://msk.postupi.online/vuz/moskovskij-politeh/specialnosti/bakalavr/","https://msk.postupi.online/vuz/moskovskij-politeh/specialnosti/bakalavr/","2026-07-08T20:19:37.483Z"
"Московский политехнический университет","22.03.01","Материаловедение и технологии материалов","bachelor","","true","55","105","2026","https://msk.postupi.online/vuz/moskovskij-politeh/specialnosti/bakalavr/","https://msk.postupi.online/vuz/moskovskij-politeh/specialnosti/bakalavr/","2026-07-08T20:19:37.483Z"
"Московский политехнический университет","22.03.02","Металлургия","bachelor","","true","55","105","2026","https://msk.postupi.online/vuz/moskovskij-politeh/specialnosti/bakalavr/","https://msk.postupi.online/vuz/moskovskij-politeh/specialnosti/bakalavr/","2026-07-08T20:19:37.483Z"
"Московский педагогический государственный университет","01.03.01","Математика","bachelor","","true","30","70","2026","https://msk.postupi.online/vuz/mpgu/specialnosti/bakalavr/","https://msk.postupi.online/vuz/mpgu/specialnosti/bakalavr/","2026-07-08T20:19:37.483Z"
"Московский педагогический государственный университет","03.03.02","Физика","bachelor","","true","30","50","2026","https://msk.postupi.online/vuz/mpgu/specialnosti/bakalavr/","https://msk.postupi.online/vuz/mpgu/specialnosti/bakalavr/","2026-07-08T20:19:37.483Z"
"Московский педагогический государственный университет","09.03.02","Информационные системы и технологии","bachelor","","","","250","2026","https://msk.postupi.online/vuz/mpgu/specialnosti/bakalavr/","https://msk.postupi.online/vuz/mpgu/specialnosti/bakalavr/","2026-07-08T20:19:37.483Z"
"Московский педагогический государственный университет","37.03.01","Психология","bachelor","","true","45","122","2026","https://msk.postupi.online/vuz/mpgu/specialnosti/bakalavr/","https://msk.postupi.online/vuz/mpgu/specialnosti/bakalavr/","2026-07-08T20:19:37.483Z"
"Московский педагогический государственный университет","38.03.02","Менеджмент","bachelor","","","","50","2026","https://msk.postupi.online/vuz/mpgu/specialnosti/bakalavr/","https://msk.postupi.online/vuz/mpgu/specialnosti/bakalavr/","2026-07-08T20:19:37.483Z"
"Московский педагогический государственный университет","38.03.04","Государственное и муниципальное управление","bachelor","","","","30","2026","https://msk.postupi.online/vuz/mpgu/specialnosti/bakalavr/","https://msk.postupi.online/vuz/mpgu/specialnosti/bakalavr/","2026-07-08T20:19:37.483Z"
"Московский педагогический государственный университет","39.03.01","Социология","bachelor","","true","50","300","2026","https://msk.postupi.online/vuz/mpgu/specialnosti/bakalavr/","https://msk.postupi.online/vuz/mpgu/specialnosti/bakalavr/","2026-07-08T20:19:37.483Z"
"Московский педагогический государственный университет","39.03.03","Организация работы с молодежью","bachelor","","true","25","50","2026","https://msk.postupi.online/vuz/mpgu/specialnosti/bakalavr/","https://msk.postupi.online/vuz/mpgu/specialnosti/bakalavr/","2026-07-08T20:19:37.483Z"
"Московский педагогический государственный университет","40.03.01","Юриспруденция","bachelor","","true","3","50","2026","https://msk.postupi.online/vuz/mpgu/specialnosti/bakalavr/","https://msk.postupi.online/vuz/mpgu/specialnosti/bakalavr/","2026-07-08T20:19:37.483Z"
"Московский педагогический государственный университет","41.03.04","Политология","bachelor","","","","50","2026","https://msk.postupi.online/vuz/mpgu/specialnosti/bakalavr/","https://msk.postupi.online/vuz/mpgu/specialnosti/bakalavr/","2026-07-08T20:19:37.483Z"
"Московский педагогический государственный университет","42.03.01","Реклама и связи с общественностью","bachelor","","","","60","2026","https://msk.postupi.online/vuz/mpgu/specialnosti/bakalavr/","https://msk.postupi.online/vuz/mpgu/specialnosti/bakalavr/","2026-07-08T20:19:37.483Z"
"Московский педагогический государственный университет","42.03.02","Журналистика","bachelor","","","","138","2026","https://msk.postupi.online/vuz/mpgu/specialnosti/bakalavr/","https://msk.postupi.online/vuz/mpgu/specialnosti/bakalavr/","2026-07-08T20:19:37.483Z"
"Московский педагогический государственный университет","44.03.01","Педагогическое образование","bachelor","","","","","","https://msk.postupi.online/vuz/mpgu/specialnosti/bakalavr/","https://msk.postupi.online/vuz/mpgu/specialnosti/bakalavr/","2026-07-08T20:19:37.483Z"
"Московский педагогический государственный университет","44.03.02","Психолого-педагогическое образование","bachelor","","true","156","500","2026","https://msk.postupi.online/vuz/mpgu/specialnosti/bakalavr/","https://msk.postupi.online/vuz/mpgu/specialnosti/bakalavr/","2026-07-08T20:19:37.483Z"
"Московский педагогический государственный университет","44.03.03","Специальное (дефектологическое) образование","bachelor","","true","191","550","2026","https://msk.postupi.online/vuz/mpgu/specialnosti/bakalavr/","https://msk.postupi.online/vuz/mpgu/specialnosti/bakalavr/","2026-07-08T20:19:37.483Z"
"Московский педагогический государственный университет","44.03.05","Педагогическое образование (с двумя профилями подготовки)","bachelor","","true","101","620","2026","https://msk.postupi.online/vuz/mpgu/specialnosti/bakalavr/","https://msk.postupi.online/vuz/mpgu/specialnosti/bakalavr/","2026-07-08T20:19:37.483Z"
"Московский педагогический государственный университет","45.03.01","Филология","bachelor","","true","40","123","2026","https://msk.postupi.online/vuz/mpgu/specialnosti/bakalavr/","https://msk.postupi.online/vuz/mpgu/specialnosti/bakalavr/","2026-07-08T20:19:37.483Z"
"Московский педагогический государственный университет","45.03.02","Лингвистика","bachelor","","true","52","557","2026","https://msk.postupi.online/vuz/mpgu/specialnosti/bakalavr/","https://msk.postupi.online/vuz/mpgu/specialnosti/bakalavr/","2026-07-08T20:19:37.483Z"
"Московский психолого-социальный университет","09.03.03","Прикладная информатика","bachelor","","","","30","2026","https://msk.postupi.online/vuz/mpsu/specialnosti/bakalavr/","https://msk.postupi.online/vuz/mpsu/specialnosti/bakalavr/","2026-07-08T20:19:37.483Z"
"Московский психолого-социальный университет","37.03.01","Психология","bachelor","","","","268","2026","https://msk.postupi.online/vuz/mpsu/specialnosti/bakalavr/","https://msk.postupi.online/vuz/mpsu/specialnosti/bakalavr/","2026-07-08T20:19:37.483Z"
"Московский психолого-социальный университет","38.03.02","Менеджмент","bachelor","","","","15","2026","https://msk.postupi.online/vuz/mpsu/specialnosti/bakalavr/","https://msk.postupi.online/vuz/mpsu/specialnosti/bakalavr/","2026-07-08T20:19:37.483Z"
"Московский психолого-социальный университет","38.03.03","Управление персоналом","bachelor","","","","17","2026","https://msk.postupi.online/vuz/mpsu/specialnosti/bakalavr/","https://msk.postupi.online/vuz/mpsu/specialnosti/bakalavr/","2026-07-08T20:19:37.483Z"
"Московский психолого-социальный университет","38.03.04","Государственное и муниципальное управление","bachelor","","","","25","2026","https://msk.postupi.online/vuz/mpsu/specialnosti/bakalavr/","https://msk.postupi.online/vuz/mpsu/specialnosti/bakalavr/","2026-07-08T20:19:37.483Z"
"Московский психолого-социальный университет","38.03.05","Бизнес-информатика","bachelor","","","","15","2026","https://msk.postupi.online/vuz/mpsu/specialnosti/bakalavr/","https://msk.postupi.online/vuz/mpsu/specialnosti/bakalavr/","2026-07-08T20:19:37.483Z"
"Московский психолого-социальный университет","39.03.03","Организация работы с молодежью","bachelor","","","","30","2026","https://msk.postupi.online/vuz/mpsu/specialnosti/bakalavr/","https://msk.postupi.online/vuz/mpsu/specialnosti/bakalavr/","2026-07-08T20:19:37.483Z"
"Московский психолого-социальный университет","40.03.01","Юриспруденция","bachelor","","","","55","2026","https://msk.postupi.online/vuz/mpsu/specialnosti/bakalavr/","https://msk.postupi.online/vuz/mpsu/specialnosti/bakalavr/","2026-07-08T20:19:37.483Z"
"Московский психолого-социальный университет","42.03.01","Реклама и связи с общественностью","bachelor","","","","15","2026","https://msk.postupi.online/vuz/mpsu/specialnosti/bakalavr/","https://msk.postupi.online/vuz/mpsu/specialnosti/bakalavr/","2026-07-08T20:19:37.483Z"
"Московский психолого-социальный университет","43.03.02","Туризм","bachelor","","","","30","2026","https://msk.postupi.online/vuz/mpsu/specialnosti/bakalavr/","https://msk.postupi.online/vuz/mpsu/specialnosti/bakalavr/","2026-07-08T20:19:37.483Z"
"Московский психолого-социальный университет","44.03.01","Педагогическое образование","bachelor","","true","3","32","2026","https://msk.postupi.online/vuz/mpsu/specialnosti/bakalavr/","https://msk.postupi.online/vuz/mpsu/specialnosti/bakalavr/","2026-07-08T20:19:37.483Z"
"Московский психолого-социальный университет","44.03.02","Психолого-педагогическое образование","bachelor","","true","21","105","2026","https://msk.postupi.online/vuz/mpsu/specialnosti/bakalavr/","https://msk.postupi.online/vuz/mpsu/specialnosti/bakalavr/","2026-07-08T20:19:37.483Z"
"Московский психолого-социальный университет","44.03.03","Специальное (дефектологическое) образование","bachelor","","","","205","2026","https://msk.postupi.online/vuz/mpsu/specialnosti/bakalavr/","https://msk.postupi.online/vuz/mpsu/specialnosti/bakalavr/","2026-07-08T20:19:37.483Z"
"Московский психолого-социальный университет","44.03.04","Профессиональное обучение (по отраслям)","bachelor","","","","30","2026","https://msk.postupi.online/vuz/mpsu/specialnosti/bakalavr/","https://msk.postupi.online/vuz/mpsu/specialnosti/bakalavr/","2026-07-08T20:19:37.483Z"
"Московский психолого-социальный университет","44.03.05","Педагогическое образование (с двумя профилями подготовки)","bachelor","","true","21","69","2026","https://msk.postupi.online/vuz/mpsu/specialnosti/bakalavr/","https://msk.postupi.online/vuz/mpsu/specialnosti/bakalavr/","2026-07-08T20:19:37.483Z"
"Московский психолого-социальный университет","45.03.04","Интеллектуальные системы в гуманитарной сфере","bachelor","","","","30","2026","https://msk.postupi.online/vuz/mpsu/specialnosti/bakalavr/","https://msk.postupi.online/vuz/mpsu/specialnosti/bakalavr/","2026-07-08T20:19:37.483Z"
"Московский социально-экономический институт","38.03.01","Экономика","bachelor","","","","20","2026","https://msk.postupi.online/vuz/msei/specialnosti/bakalavr/","https://msk.postupi.online/vuz/msei/specialnosti/bakalavr/","2026-07-08T20:19:37.483Z"
"Московский социально-экономический институт","38.03.02","Менеджмент","bachelor","","","","56","2026","https://msk.postupi.online/vuz/msei/specialnosti/bakalavr/","https://msk.postupi.online/vuz/msei/specialnosti/bakalavr/","2026-07-08T20:19:37.483Z"
"Московский социально-экономический институт","40.03.01","Юриспруденция","bachelor","","","","45","2026","https://msk.postupi.online/vuz/msei/specialnosti/bakalavr/","https://msk.postupi.online/vuz/msei/specialnosti/bakalavr/","2026-07-08T20:19:37.483Z"
"Московский социально-педагогический институт","37.03.01","Психология","bachelor","","","","17","2026","https://msk.postupi.online/vuz/mspi/specialnosti/bakalavr/","https://msk.postupi.online/vuz/mspi/specialnosti/bakalavr/","2026-07-08T20:19:37.483Z"
"Московский социально-педагогический институт","44.03.01","Педагогическое образование","bachelor","","true","28","100","2026","https://msk.postupi.online/vuz/mspi/specialnosti/bakalavr/","https://msk.postupi.online/vuz/mspi/specialnosti/bakalavr/","2026-07-08T20:19:37.483Z"
"Московский социально-педагогический институт","44.03.02","Психолого-педагогическое образование","bachelor","","true","20","108","2026","https://msk.postupi.online/vuz/mspi/specialnosti/bakalavr/","https://msk.postupi.online/vuz/mspi/specialnosti/bakalavr/","2026-07-08T20:19:37.483Z"
"Московский социально-педагогический институт","44.03.03","Специальное (дефектологическое) образование","bachelor","","","","205","2026","https://msk.postupi.online/vuz/mspi/specialnosti/bakalavr/","https://msk.postupi.online/vuz/mspi/specialnosti/bakalavr/","2026-07-08T20:19:37.483Z"
"Московский технологический институт","01.03.02","Прикладная математика и информатика","bachelor","","","","150","2026","https://msk.postupi.online/vuz/mti/specialnosti/bakalavr/","https://msk.postupi.online/vuz/mti/specialnosti/bakalavr/","2026-07-08T20:19:37.483Z"
"Московский технологический институт","07.03.01","Архитектура","bachelor","","","","150","2026","https://msk.postupi.online/vuz/mti/specialnosti/bakalavr/","https://msk.postupi.online/vuz/mti/specialnosti/bakalavr/","2026-07-08T20:19:37.483Z"
"Московский технологический институт","08.03.01","Строительство","bachelor","","","","","","https://msk.postupi.online/vuz/mti/specialnosti/bakalavr/","https://msk.postupi.online/vuz/mti/specialnosti/bakalavr/","2026-07-08T20:19:37.483Z"
"Московский технологический институт","09.03.02","Информационные системы и технологии","bachelor","","","","","","https://msk.postupi.online/vuz/mti/specialnosti/bakalavr/","https://msk.postupi.online/vuz/mti/specialnosti/bakalavr/","2026-07-08T20:19:37.483Z"
"Московский технологический институт","09.03.03","Прикладная информатика","bachelor","","","","","","https://msk.postupi.online/vuz/mti/specialnosti/bakalavr/","https://msk.postupi.online/vuz/mti/specialnosti/bakalavr/","2026-07-08T20:19:37.483Z"
"Московский технологический институт","13.03.01","Теплоэнергетика и теплотехника","bachelor","","","","930","2026","https://msk.postupi.online/vuz/mti/specialnosti/bakalavr/","https://msk.postupi.online/vuz/mti/specialnosti/bakalavr/","2026-07-08T20:19:37.483Z"
"Московский технологический институт","13.03.02","Электроэнергетика и электротехника","bachelor","","","","","","https://msk.postupi.online/vuz/mti/specialnosti/bakalavr/","https://msk.postupi.online/vuz/mti/specialnosti/bakalavr/","2026-07-08T20:19:37.483Z"
"Московский технологический институт","15.03.02","Технологические машины и оборудование","bachelor","","","","","","https://msk.postupi.online/vuz/mti/specialnosti/bakalavr/","https://msk.postupi.online/vuz/mti/specialnosti/bakalavr/","2026-07-08T20:19:37.483Z"
"Московский технологический институт","20.03.01","Техносферная безопасность","bachelor","","","","","","https://msk.postupi.online/vuz/mti/specialnosti/bakalavr/","https://msk.postupi.online/vuz/mti/specialnosti/bakalavr/","2026-07-08T20:19:37.483Z"
"Московский технологический институт","21.03.01","Нефтегазовое дело","bachelor","","","","400","2026","https://msk.postupi.online/vuz/mti/specialnosti/bakalavr/","https://msk.postupi.online/vuz/mti/specialnosti/bakalavr/","2026-07-08T20:19:37.483Z"
"Московский технологический институт","27.03.04","Управление в технических системах","bachelor","","","","","","https://msk.postupi.online/vuz/mti/specialnosti/bakalavr/","https://msk.postupi.online/vuz/mti/specialnosti/bakalavr/","2026-07-08T20:19:37.483Z"
"Московский технологический институт","37.03.01","Психология","bachelor","","","","","","https://msk.postupi.online/vuz/mti/specialnosti/bakalavr/","https://msk.postupi.online/vuz/mti/specialnosti/bakalavr/","2026-07-08T20:19:37.483Z"
"Московский технологический институт","38.03.01","Экономика","bachelor","","","","","","https://msk.postupi.online/vuz/mti/specialnosti/bakalavr/","https://msk.postupi.online/vuz/mti/specialnosti/bakalavr/","2026-07-08T20:19:37.483Z"
"Московский технологический институт","38.03.02","Менеджмент","bachelor","","","","","","https://msk.postupi.online/vuz/mti/specialnosti/bakalavr/","https://msk.postupi.online/vuz/mti/specialnosti/bakalavr/","2026-07-08T20:19:37.483Z"
"Московский технологический институт","38.03.10","Жилищное хозяйство и коммунальная инфраструктура","bachelor","","","","80","2026","https://msk.postupi.online/vuz/mti/specialnosti/bakalavr/","https://msk.postupi.online/vuz/mti/specialnosti/bakalavr/","2026-07-08T20:19:37.483Z"
"Московский технологический институт","44.03.01","Педагогическое образование","bachelor","","","","850","2026","https://msk.postupi.online/vuz/mti/specialnosti/bakalavr/","https://msk.postupi.online/vuz/mti/specialnosti/bakalavr/","2026-07-08T20:19:37.483Z"
"Московский технологический институт","54.03.01","Дизайн","bachelor","","","","265","2026","https://msk.postupi.online/vuz/mti/specialnosti/bakalavr/","https://msk.postupi.online/vuz/mti/specialnosti/bakalavr/","2026-07-08T20:19:37.483Z"
"Московский технический университет связи и информатики","01.03.02","Прикладная математика и информатика","bachelor","","true","14","30","2026","https://msk.postupi.online/vuz/mtusi/specialnosti/bakalavr/","https://msk.postupi.online/vuz/mtusi/specialnosti/bakalavr/","2026-07-08T20:19:37.483Z"
"Московский технический университет связи и информатики","02.03.01","Математика и компьютерные науки","bachelor","","true","10","30","2026","https://msk.postupi.online/vuz/mtusi/specialnosti/bakalavr/","https://msk.postupi.online/vuz/mtusi/specialnosti/bakalavr/","2026-07-08T20:19:37.483Z"
"Московский технический университет связи и информатики","09.03.01","Информатика и вычислительная техника","bachelor","","true","90","350","2026","https://msk.postupi.online/vuz/mtusi/specialnosti/bakalavr/","https://msk.postupi.online/vuz/mtusi/specialnosti/bakalavr/","2026-07-08T20:19:37.483Z"
"Московский технический университет связи и информатики","09.03.02","Информационные системы и технологии","bachelor","","true","55","570","2026","https://msk.postupi.online/vuz/mtusi/specialnosti/bakalavr/","https://msk.postupi.online/vuz/mtusi/specialnosti/bakalavr/","2026-07-08T20:19:37.483Z"
"Московский технический университет связи и информатики","09.03.03","Прикладная информатика","bachelor","","true","25","200","2026","https://msk.postupi.online/vuz/mtusi/specialnosti/bakalavr/","https://msk.postupi.online/vuz/mtusi/specialnosti/bakalavr/","2026-07-08T20:19:37.483Z"
"Московский технический университет связи и информатики","09.03.04","Программная инженерия","bachelor","","true","80","250","2026","https://msk.postupi.online/vuz/mtusi/specialnosti/bakalavr/","https://msk.postupi.online/vuz/mtusi/specialnosti/bakalavr/","2026-07-08T20:19:37.483Z"
"Московский технический университет связи и информатики","10.03.01","Информационная безопасность","bachelor","","true","21","450","2026","https://msk.postupi.online/vuz/mtusi/specialnosti/bakalavr/","https://msk.postupi.online/vuz/mtusi/specialnosti/bakalavr/","2026-07-08T20:19:37.483Z"
"Московский технический университет связи и информатики","11.03.01","Радиотехника","bachelor","","true","50","90","2026","https://msk.postupi.online/vuz/mtusi/specialnosti/bakalavr/","https://msk.postupi.online/vuz/mtusi/specialnosti/bakalavr/","2026-07-08T20:19:37.483Z"
"Московский технический университет связи и информатики","11.03.02","Инфокоммуникационные технологии и системы связи","bachelor","","true","565","430","2026","https://msk.postupi.online/vuz/mtusi/specialnosti/bakalavr/","https://msk.postupi.online/vuz/mtusi/specialnosti/bakalavr/","2026-07-08T20:19:37.483Z"
"Московский технический университет связи и информатики","15.03.04","Автоматизация технологических процессов и производств","bachelor","","true","55","130","2026","https://msk.postupi.online/vuz/mtusi/specialnosti/bakalavr/","https://msk.postupi.online/vuz/mtusi/specialnosti/bakalavr/","2026-07-08T20:19:37.483Z"
"Московский технический университет связи и информатики","27.03.04","Управление в технических системах","bachelor","","true","27","130","2026","https://msk.postupi.online/vuz/mtusi/specialnosti/bakalavr/","https://msk.postupi.online/vuz/mtusi/specialnosti/bakalavr/","2026-07-08T20:19:37.483Z"
"Московский технический университет связи и информатики","38.03.01","Экономика","bachelor","","true","8","104","2026","https://msk.postupi.online/vuz/mtusi/specialnosti/bakalavr/","https://msk.postupi.online/vuz/mtusi/specialnosti/bakalavr/","2026-07-08T20:19:37.483Z"
"Московский технический университет связи и информатики","38.03.05","Бизнес-информатика","bachelor","","true","8","185","2026","https://msk.postupi.online/vuz/mtusi/specialnosti/bakalavr/","https://msk.postupi.online/vuz/mtusi/specialnosti/bakalavr/","2026-07-08T20:19:37.483Z"
"Московский технический университет связи и информатики","42.03.01","Реклама и связи с общественностью","bachelor","","true","6","92","2026","https://msk.postupi.online/vuz/mtusi/specialnosti/bakalavr/","https://msk.postupi.online/vuz/mtusi/specialnosti/bakalavr/","2026-07-08T20:19:37.483Z"
"Московский университет имени С.Ю. Витте","02.03.03","Математическое обеспечение и администрирование информационных систем","bachelor","","","","20","2026","https://msk.postupi.online/vuz/mu-im-s-yu-vitte/specialnosti/bakalavr/","https://msk.postupi.online/vuz/mu-im-s-yu-vitte/specialnosti/bakalavr/","2026-07-08T20:19:37.483Z"
"Московский университет имени С.Ю. Витте","07.03.04","Градостроительство","bachelor","","","","20","2026","https://msk.postupi.online/vuz/mu-im-s-yu-vitte/specialnosti/bakalavr/","https://msk.postupi.online/vuz/mu-im-s-yu-vitte/specialnosti/bakalavr/","2026-07-08T20:19:37.483Z"
"Московский университет имени С.Ю. Витте","09.03.03","Прикладная информатика","bachelor","","","","790","2026","https://msk.postupi.online/vuz/mu-im-s-yu-vitte/specialnosti/bakalavr/","https://msk.postupi.online/vuz/mu-im-s-yu-vitte/specialnosti/bakalavr/","2026-07-08T20:19:37.483Z"
"Московский университет имени С.Ю. Витте","20.03.01","Техносферная безопасность","bachelor","","","","20","2026","https://msk.postupi.online/vuz/mu-im-s-yu-vitte/specialnosti/bakalavr/","https://msk.postupi.online/vuz/mu-im-s-yu-vitte/specialnosti/bakalavr/","2026-07-08T20:19:37.483Z"
"Московский университет имени С.Ю. Витте","27.03.05","Инноватика","bachelor","","","","30","2026","https://msk.postupi.online/vuz/mu-im-s-yu-vitte/specialnosti/bakalavr/","https://msk.postupi.online/vuz/mu-im-s-yu-vitte/specialnosti/bakalavr/","2026-07-08T20:19:37.483Z"
"Московский университет имени С.Ю. Витте","38.03.01","Экономика","bachelor","","","","286","2026","https://msk.postupi.online/vuz/mu-im-s-yu-vitte/specialnosti/bakalavr/","https://msk.postupi.online/vuz/mu-im-s-yu-vitte/specialnosti/bakalavr/","2026-07-08T20:19:37.483Z"
"Московский университет имени С.Ю. Витте","38.03.02","Менеджмент","bachelor","","","","345","2026","https://msk.postupi.online/vuz/mu-im-s-yu-vitte/specialnosti/bakalavr/","https://msk.postupi.online/vuz/mu-im-s-yu-vitte/specialnosti/bakalavr/","2026-07-08T20:19:37.483Z"
"Московский университет имени С.Ю. Витте","38.03.03","Управление персоналом","bachelor","","","","87","2026","https://msk.postupi.online/vuz/mu-im-s-yu-vitte/specialnosti/bakalavr/","https://msk.postupi.online/vuz/mu-im-s-yu-vitte/specialnosti/bakalavr/","2026-07-08T20:19:37.483Z"
"Московский университет имени С.Ю. Витте","38.03.04","Государственное и муниципальное управление","bachelor","","","","164","2026","https://msk.postupi.online/vuz/mu-im-s-yu-vitte/specialnosti/bakalavr/","https://msk.postupi.online/vuz/mu-im-s-yu-vitte/specialnosti/bakalavr/","2026-07-08T20:19:37.483Z"
"Московский университет имени С.Ю. Витте","38.03.05","Бизнес-информатика","bachelor","","","","169","2026","https://msk.postupi.online/vuz/mu-im-s-yu-vitte/specialnosti/bakalavr/","https://msk.postupi.online/vuz/mu-im-s-yu-vitte/specialnosti/bakalavr/","2026-07-08T20:19:37.483Z"
"Московский университет имени С.Ю. Витте","40.03.01","Юриспруденция","bachelor","","","","549","2026","https://msk.postupi.online/vuz/mu-im-s-yu-vitte/specialnosti/bakalavr/","https://msk.postupi.online/vuz/mu-im-s-yu-vitte/specialnosti/bakalavr/","2026-07-08T20:19:37.483Z"
"Московский университет имени С.Ю. Витте","41.03.02","Регионоведение России","bachelor","","","","15","2026","https://msk.postupi.online/vuz/mu-im-s-yu-vitte/specialnosti/bakalavr/","https://msk.postupi.online/vuz/mu-im-s-yu-vitte/specialnosti/bakalavr/","2026-07-08T20:19:37.483Z"
"Московский университет имени С.Ю. Витте","42.03.01","Реклама и связи с общественностью","bachelor","","","","178","2026","https://msk.postupi.online/vuz/mu-im-s-yu-vitte/specialnosti/bakalavr/","https://msk.postupi.online/vuz/mu-im-s-yu-vitte/specialnosti/bakalavr/","2026-07-08T20:19:37.483Z"
"Московский университет имени С.Ю. Витте","43.03.02","Туризм","bachelor","","","","200","2026","https://msk.postupi.online/vuz/mu-im-s-yu-vitte/specialnosti/bakalavr/","https://msk.postupi.online/vuz/mu-im-s-yu-vitte/specialnosti/bakalavr/","2026-07-08T20:19:37.483Z"
"Московский университет имени С.Ю. Витте","44.03.02","Психолого-педагогическое образование","bachelor","","","","520","2026","https://msk.postupi.online/vuz/mu-im-s-yu-vitte/specialnosti/bakalavr/","https://msk.postupi.online/vuz/mu-im-s-yu-vitte/specialnosti/bakalavr/","2026-07-08T20:19:37.483Z"
"Московский университет имени С.Ю. Витте","44.03.03","Специальное (дефектологическое) образование","bachelor","","","","250","2026","https://msk.postupi.online/vuz/mu-im-s-yu-vitte/specialnosti/bakalavr/","https://msk.postupi.online/vuz/mu-im-s-yu-vitte/specialnosti/bakalavr/","2026-07-08T20:19:37.483Z"
"Московский университет имени С.Ю. Витте","44.03.05","Педагогическое образование (с двумя профилями подготовки)","bachelor","","","","340","2026","https://msk.postupi.online/vuz/mu-im-s-yu-vitte/specialnosti/bakalavr/","https://msk.postupi.online/vuz/mu-im-s-yu-vitte/specialnosti/bakalavr/","2026-07-08T20:19:37.483Z"
"Московский международный университет","09.03.01","Информатика и вычислительная техника","bachelor","","","","120","2026","https://msk.postupi.online/vuz/mum/specialnosti/bakalavr/","https://msk.postupi.online/vuz/mum/specialnosti/bakalavr/","2026-07-08T20:19:37.483Z"
"Московский международный университет","09.03.02","Информационные системы и технологии","bachelor","","","","240","2026","https://msk.postupi.online/vuz/mum/specialnosti/bakalavr/","https://msk.postupi.online/vuz/mum/specialnosti/bakalavr/","2026-07-08T20:19:37.483Z"
"Московский международный университет","09.03.03","Прикладная информатика","bachelor","","","","120","2026","https://msk.postupi.online/vuz/mum/specialnosti/bakalavr/","https://msk.postupi.online/vuz/mum/specialnosti/bakalavr/","2026-07-08T20:19:37.483Z"
"Московский международный университет","21.03.02","Землеустройство и кадастры","bachelor","","","","60","2026","https://msk.postupi.online/vuz/mum/specialnosti/bakalavr/","https://msk.postupi.online/vuz/mum/specialnosti/bakalavr/","2026-07-08T20:19:37.483Z"
"Московский международный университет","37.03.01","Психология","bachelor","","","","896","2026","https://msk.postupi.online/vuz/mum/specialnosti/bakalavr/","https://msk.postupi.online/vuz/mum/specialnosti/bakalavr/","2026-07-08T20:19:37.483Z"
"Московский международный университет","38.03.01","Экономика","bachelor","","","","658","2026","https://msk.postupi.online/vuz/mum/specialnosti/bakalavr/","https://msk.postupi.online/vuz/mum/specialnosti/bakalavr/","2026-07-08T20:19:37.483Z"
"Московский международный университет","38.03.02","Менеджмент","bachelor","","","","","","https://msk.postupi.online/vuz/mum/specialnosti/bakalavr/","https://msk.postupi.online/vuz/mum/specialnosti/bakalavr/","2026-07-08T20:19:37.483Z"
"Московский международный университет","38.03.03","Управление персоналом","bachelor","","","","425","2026","https://msk.postupi.online/vuz/mum/specialnosti/bakalavr/","https://msk.postupi.online/vuz/mum/specialnosti/bakalavr/","2026-07-08T20:19:37.483Z"
"Московский международный университет","38.03.04","Государственное и муниципальное управление","bachelor","","","","587","2026","https://msk.postupi.online/vuz/mum/specialnosti/bakalavr/","https://msk.postupi.online/vuz/mum/specialnosti/bakalavr/","2026-07-08T20:19:37.483Z"
"Московский международный университет","38.03.05","Бизнес-информатика","bachelor","","","","94","2026","https://msk.postupi.online/vuz/mum/specialnosti/bakalavr/","https://msk.postupi.online/vuz/mum/specialnosti/bakalavr/","2026-07-08T20:19:37.483Z"
"Московский международный университет","39.03.02","Социальная работа","bachelor","","","","60","2026","https://msk.postupi.online/vuz/mum/specialnosti/bakalavr/","https://msk.postupi.online/vuz/mum/specialnosti/bakalavr/","2026-07-08T20:19:37.483Z"
"Московский международный университет","40.03.01","Юриспруденция","bachelor","","","","","","https://msk.postupi.online/vuz/mum/specialnosti/bakalavr/","https://msk.postupi.online/vuz/mum/specialnosti/bakalavr/","2026-07-08T20:19:37.483Z"
"Московский международный университет","42.03.01","Реклама и связи с общественностью","bachelor","","","","","","https://msk.postupi.online/vuz/mum/specialnosti/bakalavr/","https://msk.postupi.online/vuz/mum/specialnosti/bakalavr/","2026-07-08T20:19:37.483Z"
"Московский международный университет","42.03.02","Журналистика","bachelor","","","","403","2026","https://msk.postupi.online/vuz/mum/specialnosti/bakalavr/","https://msk.postupi.online/vuz/mum/specialnosti/bakalavr/","2026-07-08T20:19:37.483Z"
"Московский международный университет","42.03.05","Медиакоммуникации","bachelor","","","","429","2026","https://msk.postupi.online/vuz/mum/specialnosti/bakalavr/","https://msk.postupi.online/vuz/mum/specialnosti/bakalavr/","2026-07-08T20:19:37.483Z"
"Московский международный университет","43.03.02","Туризм","bachelor","","","","60","2026","https://msk.postupi.online/vuz/mum/specialnosti/bakalavr/","https://msk.postupi.online/vuz/mum/specialnosti/bakalavr/","2026-07-08T20:19:37.483Z"
"Московский международный университет","44.03.01","Педагогическое образование","bachelor","","","","120","2026","https://msk.postupi.online/vuz/mum/specialnosti/bakalavr/","https://msk.postupi.online/vuz/mum/specialnosti/bakalavr/","2026-07-08T20:19:37.483Z"
"Московский международный университет","44.03.02","Психолого-педагогическое образование","bachelor","","","","590","2026","https://msk.postupi.online/vuz/mum/specialnosti/bakalavr/","https://msk.postupi.online/vuz/mum/specialnosti/bakalavr/","2026-07-08T20:19:37.483Z"
"Московский международный университет","45.03.01","Филология","bachelor","","","","77","2026","https://msk.postupi.online/vuz/mum/specialnosti/bakalavr/","https://msk.postupi.online/vuz/mum/specialnosti/bakalavr/","2026-07-08T20:19:37.483Z"
"Московский международный университет","45.03.02","Лингвистика","bachelor","","","","691","2026","https://msk.postupi.online/vuz/mum/specialnosti/bakalavr/","https://msk.postupi.online/vuz/mum/specialnosti/bakalavr/","2026-07-08T20:19:37.483Z"
"Международный юридический институт","40.03.01","Юриспруденция","bachelor","","","","155","2026","https://msk.postupi.online/vuz/myui/specialnosti/bakalavr/","https://msk.postupi.online/vuz/myui/specialnosti/bakalavr/","2026-07-08T20:19:37.483Z"
"Национальный институт бизнеса","38.03.01","Экономика","bachelor","","","","171","2026","https://msk.postupi.online/vuz/nacionalnyj-institut-biznesa/specialnosti/bakalavr/","https://msk.postupi.online/vuz/nacionalnyj-institut-biznesa/specialnosti/bakalavr/","2026-07-08T20:19:37.483Z"
"Национальный институт бизнеса","38.03.02","Менеджмент","bachelor","","","","294","2026","https://msk.postupi.online/vuz/nacionalnyj-institut-biznesa/specialnosti/bakalavr/","https://msk.postupi.online/vuz/nacionalnyj-institut-biznesa/specialnosti/bakalavr/","2026-07-08T20:19:37.483Z"
"Национальный институт бизнеса","40.03.01","Юриспруденция","bachelor","","","","227","2026","https://msk.postupi.online/vuz/nacionalnyj-institut-biznesa/specialnosti/bakalavr/","https://msk.postupi.online/vuz/nacionalnyj-institut-biznesa/specialnosti/bakalavr/","2026-07-08T20:19:37.483Z"
"Национальный институт дизайна","54.03.01","Дизайн","bachelor","","","","175","2026","https://msk.postupi.online/vuz/nid/specialnosti/bakalavr/","https://msk.postupi.online/vuz/nid/specialnosti/bakalavr/","2026-07-08T20:19:37.483Z"
"МГСУ - Национальный исследовательский Московский государственный строительный университет","01.03.04","Прикладная математика","bachelor","","true","25","20","2026","https://msk.postupi.online/vuz/niu-mgsu/specialnosti/bakalavr/","https://msk.postupi.online/vuz/niu-mgsu/specialnosti/bakalavr/","2026-07-08T20:19:37.483Z"
"МГСУ - Национальный исследовательский Московский государственный строительный университет","07.03.01","Архитектура","bachelor","","true","71","292","2026","https://msk.postupi.online/vuz/niu-mgsu/specialnosti/bakalavr/","https://msk.postupi.online/vuz/niu-mgsu/specialnosti/bakalavr/","2026-07-08T20:19:37.483Z"
"МГСУ - Национальный исследовательский Московский государственный строительный университет","07.03.02","Реконструкция и реставрация архитектурного наследия","bachelor","","true","25","50","2026","https://msk.postupi.online/vuz/niu-mgsu/specialnosti/bakalavr/","https://msk.postupi.online/vuz/niu-mgsu/specialnosti/bakalavr/","2026-07-08T20:19:37.483Z"
"МГСУ - Национальный исследовательский Московский государственный строительный университет","07.03.04","Градостроительство","bachelor","","true","50","75","2026","https://msk.postupi.online/vuz/niu-mgsu/specialnosti/bakalavr/","https://msk.postupi.online/vuz/niu-mgsu/specialnosti/bakalavr/","2026-07-08T20:19:37.483Z"
"МГСУ - Национальный исследовательский Московский государственный строительный университет","08.03.01","Строительство","bachelor","","","","","","https://msk.postupi.online/vuz/niu-mgsu/specialnosti/bakalavr/","https://msk.postupi.online/vuz/niu-mgsu/specialnosti/bakalavr/","2026-07-08T20:19:37.483Z"
"МГСУ - Национальный исследовательский Московский государственный строительный университет","09.03.02","Информационные системы и технологии","bachelor","","true","191","79","2026","https://msk.postupi.online/vuz/niu-mgsu/specialnosti/bakalavr/","https://msk.postupi.online/vuz/niu-mgsu/specialnosti/bakalavr/","2026-07-08T20:19:37.483Z"
"МГСУ - Национальный исследовательский Московский государственный строительный университет","15.03.04","Автоматизация технологических процессов и производств","bachelor","","true","71","50","2026","https://msk.postupi.online/vuz/niu-mgsu/specialnosti/bakalavr/","https://msk.postupi.online/vuz/niu-mgsu/specialnosti/bakalavr/","2026-07-08T20:19:37.483Z"
"МГСУ - Национальный исследовательский Московский государственный строительный университет","20.03.01","Техносферная безопасность","bachelor","","true","50","20","2026","https://msk.postupi.online/vuz/niu-mgsu/specialnosti/bakalavr/","https://msk.postupi.online/vuz/niu-mgsu/specialnosti/bakalavr/","2026-07-08T20:19:37.483Z"
"МГСУ - Национальный исследовательский Московский государственный строительный университет","21.03.02","Землеустройство и кадастры","bachelor","","true","40","35","2026","https://msk.postupi.online/vuz/niu-mgsu/specialnosti/bakalavr/","https://msk.postupi.online/vuz/niu-mgsu/specialnosti/bakalavr/","2026-07-08T20:19:37.483Z"
"МГСУ - Национальный исследовательский Московский государственный строительный университет","38.03.01","Экономика","bachelor","","","","90","2026","https://msk.postupi.online/vuz/niu-mgsu/specialnosti/bakalavr/","https://msk.postupi.online/vuz/niu-mgsu/specialnosti/bakalavr/","2026-07-08T20:19:37.483Z"
"МГСУ - Национальный исследовательский Московский государственный строительный университет","38.03.02","Менеджмент","bachelor","","","","40","2026","https://msk.postupi.online/vuz/niu-mgsu/specialnosti/bakalavr/","https://msk.postupi.online/vuz/niu-mgsu/specialnosti/bakalavr/","2026-07-08T20:19:37.483Z"
"МГСУ - Национальный исследовательский Московский государственный строительный университет","38.03.04","Государственное и муниципальное управление","bachelor","","true","2","75","2026","https://msk.postupi.online/vuz/niu-mgsu/specialnosti/bakalavr/","https://msk.postupi.online/vuz/niu-mgsu/specialnosti/bakalavr/","2026-07-08T20:19:37.483Z"
"НИУ ВШЭ - Национальный исследовательский университет Высшая школа экономики","01.03.01","Математика","bachelor","","true","85","40","2026","https://msk.postupi.online/vuz/niu-vshe/specialnosti/bakalavr/","https://msk.postupi.online/vuz/niu-vshe/specialnosti/bakalavr/","2026-07-08T20:19:37.483Z"
"НИУ ВШЭ - Национальный исследовательский университет Высшая школа экономики","01.03.02","Прикладная математика и информатика","bachelor","","true","235","645","2026","https://msk.postupi.online/vuz/niu-vshe/specialnosti/bakalavr/","https://msk.postupi.online/vuz/niu-vshe/specialnosti/bakalavr/","2026-07-08T20:19:37.483Z"
"НИУ ВШЭ - Национальный исследовательский университет Высшая школа экономики","01.03.04","Прикладная математика","bachelor","","true","80","70","2026","https://msk.postupi.online/vuz/niu-vshe/specialnosti/bakalavr/","https://msk.postupi.online/vuz/niu-vshe/specialnosti/bakalavr/","2026-07-08T20:19:37.483Z"
"НИУ ВШЭ - Национальный исследовательский университет Высшая школа экономики","03.03.02","Физика","bachelor","","true","40","30","2026","https://msk.postupi.online/vuz/niu-vshe/specialnosti/bakalavr/","https://msk.postupi.online/vuz/niu-vshe/specialnosti/bakalavr/","2026-07-08T20:19:37.483Z"
"НИУ ВШЭ - Национальный исследовательский университет Высшая школа экономики","07.03.04","Градостроительство","bachelor","","true","50","50","2026","https://msk.postupi.online/vuz/niu-vshe/specialnosti/bakalavr/","https://msk.postupi.online/vuz/niu-vshe/specialnosti/bakalavr/","2026-07-08T20:19:37.483Z"
"НИУ ВШЭ - Национальный исследовательский университет Высшая школа экономики","09.03.01","Информатика и вычислительная техника","bachelor","","true","125","90","2026","https://msk.postupi.online/vuz/niu-vshe/specialnosti/bakalavr/","https://msk.postupi.online/vuz/niu-vshe/specialnosti/bakalavr/","2026-07-08T20:19:37.483Z"
"НИУ ВШЭ - Национальный исследовательский университет Высшая школа экономики","09.03.04","Программная инженерия","bachelor","","true","185","300","2026","https://msk.postupi.online/vuz/niu-vshe/specialnosti/bakalavr/","https://msk.postupi.online/vuz/niu-vshe/specialnosti/bakalavr/","2026-07-08T20:19:37.483Z"
"НИУ ВШЭ - Национальный исследовательский университет Высшая школа экономики","10.03.01","Информационная безопасность","bachelor","","true","80","70","2026","https://msk.postupi.online/vuz/niu-vshe/specialnosti/bakalavr/","https://msk.postupi.online/vuz/niu-vshe/specialnosti/bakalavr/","2026-07-08T20:19:37.483Z"
"НИУ ВШЭ - Национальный исследовательский университет Высшая школа экономики","11.03.02","Инфокоммуникационные технологии и системы связи","bachelor","","true","80","15","2026","https://msk.postupi.online/vuz/niu-vshe/specialnosti/bakalavr/","https://msk.postupi.online/vuz/niu-vshe/specialnosti/bakalavr/","2026-07-08T20:19:37.483Z"
"НИУ ВШЭ - Национальный исследовательский университет Высшая школа экономики","27.03.05","Инноватика","bachelor","","true","5","90","2026","https://msk.postupi.online/vuz/niu-vshe/specialnosti/bakalavr/","https://msk.postupi.online/vuz/niu-vshe/specialnosti/bakalavr/","2026-07-08T20:19:37.483Z"
"НИУ ВШЭ - Национальный исследовательский университет Высшая школа экономики","37.03.01","Психология","bachelor","","true","80","29","2026","https://msk.postupi.online/vuz/niu-vshe/specialnosti/bakalavr/","https://msk.postupi.online/vuz/niu-vshe/specialnosti/bakalavr/","2026-07-08T20:19:37.483Z"
"НИУ ВШЭ - Национальный исследовательский университет Высшая школа экономики","38.03.01","Экономика","bachelor","","true","295","842","2026","https://msk.postupi.online/vuz/niu-vshe/specialnosti/bakalavr/","https://msk.postupi.online/vuz/niu-vshe/specialnosti/bakalavr/","2026-07-08T20:19:37.483Z"
"НИУ ВШЭ - Национальный исследовательский университет Высшая школа экономики","38.03.02","Менеджмент","bachelor","","true","80","387","2026","https://msk.postupi.online/vuz/niu-vshe/specialnosti/bakalavr/","https://msk.postupi.online/vuz/niu-vshe/specialnosti/bakalavr/","2026-07-08T20:19:37.483Z"
"НИУ ВШЭ - Национальный исследовательский университет Высшая школа экономики","38.03.04","Государственное и муниципальное управление","bachelor","","true","75","51","2026","https://msk.postupi.online/vuz/niu-vshe/specialnosti/bakalavr/","https://msk.postupi.online/vuz/niu-vshe/specialnosti/bakalavr/","2026-07-08T20:19:37.483Z"
"НИУ ВШЭ - Национальный исследовательский университет Высшая школа экономики","38.03.05","Бизнес-информатика","bachelor","","true","130","210","2026","https://msk.postupi.online/vuz/niu-vshe/specialnosti/bakalavr/","https://msk.postupi.online/vuz/niu-vshe/specialnosti/bakalavr/","2026-07-08T20:19:37.483Z"
"НИУ ВШЭ - Национальный исследовательский университет Высшая школа экономики","39.03.01","Социология","bachelor","","true","115","50","2026","https://msk.postupi.online/vuz/niu-vshe/specialnosti/bakalavr/","https://msk.postupi.online/vuz/niu-vshe/specialnosti/bakalavr/","2026-07-08T20:19:37.483Z"
"Национальный исследовательский ядерный университет МИФИ","01.03.02","Прикладная математика и информатика","bachelor","","true","52","35","2026","https://msk.postupi.online/vuz/niyau-mifi/specialnosti/bakalavr/","https://msk.postupi.online/vuz/niyau-mifi/specialnosti/bakalavr/","2026-07-08T20:19:37.483Z"
"Национальный исследовательский ядерный университет МИФИ","03.03.01","Прикладные математика и физика","bachelor","","true","88","18","2026","https://msk.postupi.online/vuz/niyau-mifi/specialnosti/bakalavr/","https://msk.postupi.online/vuz/niyau-mifi/specialnosti/bakalavr/","2026-07-08T20:19:37.483Z"
"Национальный исследовательский ядерный университет МИФИ","03.03.02","Физика","bachelor","","true","30","7","2026","https://msk.postupi.online/vuz/niyau-mifi/specialnosti/bakalavr/","https://msk.postupi.online/vuz/niyau-mifi/specialnosti/bakalavr/","2026-07-08T20:19:37.483Z"
"Национальный исследовательский ядерный университет МИФИ","09.03.01","Информатика и вычислительная техника","bachelor","","true","24","22","2026","https://msk.postupi.online/vuz/niyau-mifi/specialnosti/bakalavr/","https://msk.postupi.online/vuz/niyau-mifi/specialnosti/bakalavr/","2026-07-08T20:19:37.483Z"
"Национальный исследовательский ядерный университет МИФИ","09.03.03","Прикладная информатика","bachelor","","true","48","44","2026","https://msk.postupi.online/vuz/niyau-mifi/specialnosti/bakalavr/","https://msk.postupi.online/vuz/niyau-mifi/specialnosti/bakalavr/","2026-07-08T20:19:37.483Z"
"Национальный исследовательский ядерный университет МИФИ","09.03.04","Программная инженерия","bachelor","","true","48","44","2026","https://msk.postupi.online/vuz/niyau-mifi/specialnosti/bakalavr/","https://msk.postupi.online/vuz/niyau-mifi/specialnosti/bakalavr/","2026-07-08T20:19:37.483Z"
"Национальный исследовательский ядерный университет МИФИ","10.03.01","Информационная безопасность","bachelor","","true","95","40","2026","https://msk.postupi.online/vuz/niyau-mifi/specialnosti/bakalavr/","https://msk.postupi.online/vuz/niyau-mifi/specialnosti/bakalavr/","2026-07-08T20:19:37.483Z"
"Национальный исследовательский ядерный университет МИФИ","11.03.04","Электроника и наноэлектроника","bachelor","","true","38","10","2026","https://msk.postupi.online/vuz/niyau-mifi/specialnosti/bakalavr/","https://msk.postupi.online/vuz/niyau-mifi/specialnosti/bakalavr/","2026-07-08T20:19:37.483Z"
"Национальный исследовательский ядерный университет МИФИ","12.03.01","Приборостроение","bachelor","","true","28","5","2026","https://msk.postupi.online/vuz/niyau-mifi/specialnosti/bakalavr/","https://msk.postupi.online/vuz/niyau-mifi/specialnosti/bakalavr/","2026-07-08T20:19:37.483Z"
"Национальный исследовательский ядерный университет МИФИ","12.03.03","Фотоника и оптоинформатика","bachelor","","true","13","3","2026","https://msk.postupi.online/vuz/niyau-mifi/specialnosti/bakalavr/","https://msk.postupi.online/vuz/niyau-mifi/specialnosti/bakalavr/","2026-07-08T20:19:37.483Z"
"Национальный исследовательский ядерный университет МИФИ","12.03.04","Биотехнические системы и технологии","bachelor","","true","26","10","2026","https://msk.postupi.online/vuz/niyau-mifi/specialnosti/bakalavr/","https://msk.postupi.online/vuz/niyau-mifi/specialnosti/bakalavr/","2026-07-08T20:19:37.483Z"
"Национальный исследовательский ядерный университет МИФИ","12.03.05","Лазерная техника и лазерные технологии","bachelor","","true","13","2","2026","https://msk.postupi.online/vuz/niyau-mifi/specialnosti/bakalavr/","https://msk.postupi.online/vuz/niyau-mifi/specialnosti/bakalavr/","2026-07-08T20:19:37.483Z"
"Национальный исследовательский ядерный университет МИФИ","14.03.01","Ядерная энергетика и теплофизика","bachelor","","true","12","2","2026","https://msk.postupi.online/vuz/niyau-mifi/specialnosti/bakalavr/","https://msk.postupi.online/vuz/niyau-mifi/specialnosti/bakalavr/","2026-07-08T20:19:37.483Z"
"Национальный исследовательский ядерный университет МИФИ","14.03.02","Ядерные физика и технологии","bachelor","","true","102","16","2026","https://msk.postupi.online/vuz/niyau-mifi/specialnosti/bakalavr/","https://msk.postupi.online/vuz/niyau-mifi/specialnosti/bakalavr/","2026-07-08T20:19:37.483Z"
"Национальный исследовательский ядерный университет МИФИ","15.03.06","Мехатроника и робототехника","bachelor","","true","45","10","2026","https://msk.postupi.online/vuz/niyau-mifi/specialnosti/bakalavr/","https://msk.postupi.online/vuz/niyau-mifi/specialnosti/bakalavr/","2026-07-08T20:19:37.483Z"
"Национальный исследовательский ядерный университет МИФИ","16.03.01","Техническая физика","bachelor","","true","15","1","2026","https://msk.postupi.online/vuz/niyau-mifi/specialnosti/bakalavr/","https://msk.postupi.online/vuz/niyau-mifi/specialnosti/bakalavr/","2026-07-08T20:19:37.483Z"
"Национальный исследовательский ядерный университет МИФИ","16.03.02","Высокотехнологические плазменные и энергетические установки","bachelor","","true","29","4","2026","https://msk.postupi.online/vuz/niyau-mifi/specialnosti/bakalavr/","https://msk.postupi.online/vuz/niyau-mifi/specialnosti/bakalavr/","2026-07-08T20:19:37.483Z"
"Национальный исследовательский ядерный университет МИФИ","18.03.01","Химическая технология","bachelor","","true","10","10","2026","https://msk.postupi.online/vuz/niyau-mifi/specialnosti/bakalavr/","https://msk.postupi.online/vuz/niyau-mifi/specialnosti/bakalavr/","2026-07-08T20:19:37.483Z"
"Национальный исследовательский ядерный университет МИФИ","22.03.01","Материаловедение и технологии материалов","bachelor","","true","15","7","2026","https://msk.postupi.online/vuz/niyau-mifi/specialnosti/bakalavr/","https://msk.postupi.online/vuz/niyau-mifi/specialnosti/bakalavr/","2026-07-08T20:19:37.483Z"
"Национальный исследовательский ядерный университет МИФИ","27.03.03","Системный анализ и управление","bachelor","","true","30","10","2026","https://msk.postupi.online/vuz/niyau-mifi/specialnosti/bakalavr/","https://msk.postupi.online/vuz/niyau-mifi/specialnosti/bakalavr/","2026-07-08T20:19:37.483Z"
"Первый Московский государственный медицинский университет имени И.М. Сеченова Минздрава России (Сеченовский Университет)","01.03.03","Механика и математическое моделирование","bachelor","","true","10","40","2026","https://msk.postupi.online/vuz/pmgmu-im-i-m-sechenova/specialnosti/bakalavr/","https://msk.postupi.online/vuz/pmgmu-im-i-m-sechenova/specialnosti/bakalavr/","2026-07-08T20:19:37.483Z"
"Первый Московский государственный медицинский университет имени И.М. Сеченова Минздрава России (Сеченовский Университет)","09.03.02","Информационные системы и технологии","bachelor","","true","10","30","2026","https://msk.postupi.online/vuz/pmgmu-im-i-m-sechenova/specialnosti/bakalavr/","https://msk.postupi.online/vuz/pmgmu-im-i-m-sechenova/specialnosti/bakalavr/","2026-07-08T20:19:37.483Z"
"Первый Московский государственный медицинский университет имени И.М. Сеченова Минздрава России (Сеченовский Университет)","19.03.01","Биотехнология","bachelor","","true","45","40","2026","https://msk.postupi.online/vuz/pmgmu-im-i-m-sechenova/specialnosti/bakalavr/","https://msk.postupi.online/vuz/pmgmu-im-i-m-sechenova/specialnosti/bakalavr/","2026-07-08T20:19:37.483Z"
"Первый Московский государственный медицинский университет имени И.М. Сеченова Минздрава России (Сеченовский Университет)","22.03.01","Материаловедение и технологии материалов","bachelor","","true","5","30","2026","https://msk.postupi.online/vuz/pmgmu-im-i-m-sechenova/specialnosti/bakalavr/","https://msk.postupi.online/vuz/pmgmu-im-i-m-sechenova/specialnosti/bakalavr/","2026-07-08T20:19:37.483Z"
"Первый Московский государственный медицинский университет имени И.М. Сеченова Минздрава России (Сеченовский Университет)","28.03.03","Наноматериалы","bachelor","","true","5","30","2026","https://msk.postupi.online/vuz/pmgmu-im-i-m-sechenova/specialnosti/bakalavr/","https://msk.postupi.online/vuz/pmgmu-im-i-m-sechenova/specialnosti/bakalavr/","2026-07-08T20:19:37.483Z"
"Первый Московский государственный медицинский университет имени И.М. Сеченова Минздрава России (Сеченовский Университет)","34.03.01","Сестринское дело","bachelor","","true","10","30","2026","https://msk.postupi.online/vuz/pmgmu-im-i-m-sechenova/specialnosti/bakalavr/","https://msk.postupi.online/vuz/pmgmu-im-i-m-sechenova/specialnosti/bakalavr/","2026-07-08T20:19:37.483Z"
"Первый Московский государственный медицинский университет имени И.М. Сеченова Минздрава России (Сеченовский Университет)","38.03.02","Менеджмент","bachelor","","true","5","5","2026","https://msk.postupi.online/vuz/pmgmu-im-i-m-sechenova/specialnosti/bakalavr/","https://msk.postupi.online/vuz/pmgmu-im-i-m-sechenova/specialnosti/bakalavr/","2026-07-08T20:19:37.483Z"
"Первый Московский государственный медицинский университет имени И.М. Сеченова Минздрава России (Сеченовский Университет)","39.03.02","Социальная работа","bachelor","","true","5","15","2026","https://msk.postupi.online/vuz/pmgmu-im-i-m-sechenova/specialnosti/bakalavr/","https://msk.postupi.online/vuz/pmgmu-im-i-m-sechenova/specialnosti/bakalavr/","2026-07-08T20:19:37.483Z"
"Первый Московский государственный медицинский университет имени И.М. Сеченова Минздрава России (Сеченовский Университет)","45.03.02","Лингвистика","bachelor","","true","15","6","2026","https://msk.postupi.online/vuz/pmgmu-im-i-m-sechenova/specialnosti/bakalavr/","https://msk.postupi.online/vuz/pmgmu-im-i-m-sechenova/specialnosti/bakalavr/","2026-07-08T20:19:37.483Z"
"Первый Московский государственный медицинский университет имени И.М. Сеченова Минздрава России (Сеченовский Университет)","45.03.04","Интеллектуальные системы в гуманитарной сфере","bachelor","","true","5","35","2026","https://msk.postupi.online/vuz/pmgmu-im-i-m-sechenova/specialnosti/bakalavr/","https://msk.postupi.online/vuz/pmgmu-im-i-m-sechenova/specialnosti/bakalavr/","2026-07-08T20:19:37.483Z"
"Православный Свято-Тихоновский гуманитарный университет","02.03.03","Математическое обеспечение и администрирование информационных систем","bachelor","","true","2","25","2026","https://msk.postupi.online/vuz/pstgu/specialnosti/bakalavr/","https://msk.postupi.online/vuz/pstgu/specialnosti/bakalavr/","2026-07-08T20:19:37.483Z"
"Православный Свято-Тихоновский гуманитарный университет","38.03.01","Экономика","bachelor","","true","3","25","2026","https://msk.postupi.online/vuz/pstgu/specialnosti/bakalavr/","https://msk.postupi.online/vuz/pstgu/specialnosti/bakalavr/","2026-07-08T20:19:37.483Z"
"Православный Свято-Тихоновский гуманитарный университет","39.03.01","Социология","bachelor","","true","5","15","2026","https://msk.postupi.online/vuz/pstgu/specialnosti/bakalavr/","https://msk.postupi.online/vuz/pstgu/specialnosti/bakalavr/","2026-07-08T20:19:37.483Z"
"Православный Свято-Тихоновский гуманитарный университет","39.03.02","Социальная работа","bachelor","","true","15","30","2026","https://msk.postupi.online/vuz/pstgu/specialnosti/bakalavr/","https://msk.postupi.online/vuz/pstgu/specialnosti/bakalavr/","2026-07-08T20:19:37.483Z"
"Православный Свято-Тихоновский гуманитарный университет","44.03.01","Педагогическое образование","bachelor","","true","45","30","2026","https://msk.postupi.online/vuz/pstgu/specialnosti/bakalavr/","https://msk.postupi.online/vuz/pstgu/specialnosti/bakalavr/","2026-07-08T20:19:37.483Z"
"Православный Свято-Тихоновский гуманитарный университет","45.03.01","Филология","bachelor","","true","16","61","2026","https://msk.postupi.online/vuz/pstgu/specialnosti/bakalavr/","https://msk.postupi.online/vuz/pstgu/specialnosti/bakalavr/","2026-07-08T20:19:37.483Z"
"Православный Свято-Тихоновский гуманитарный университет","46.03.01","История","bachelor","","true","24","20","2026","https://msk.postupi.online/vuz/pstgu/specialnosti/bakalavr/","https://msk.postupi.online/vuz/pstgu/specialnosti/bakalavr/","2026-07-08T20:19:37.483Z"
"Православный Свято-Тихоновский гуманитарный университет","47.03.03","Религиоведение","bachelor","","true","5","15","2026","https://msk.postupi.online/vuz/pstgu/specialnosti/bakalavr/","https://msk.postupi.online/vuz/pstgu/specialnosti/bakalavr/","2026-07-08T20:19:37.483Z"
"Православный Свято-Тихоновский гуманитарный университет","48.03.01","Теология","bachelor","","true","45","85","2026","https://msk.postupi.online/vuz/pstgu/specialnosti/bakalavr/","https://msk.postupi.online/vuz/pstgu/specialnosti/bakalavr/","2026-07-08T20:19:37.483Z"
"Православный Свято-Тихоновский гуманитарный университет","50.03.03","История искусств","bachelor","","true","3","12","2026","https://msk.postupi.online/vuz/pstgu/specialnosti/bakalavr/","https://msk.postupi.online/vuz/pstgu/specialnosti/bakalavr/","2026-07-08T20:19:37.483Z"
"Православный Свято-Тихоновский гуманитарный университет","54.03.02","Декоративно-прикладное искусство и народные промыслы","bachelor","","true","6","12","2026","https://msk.postupi.online/vuz/pstgu/specialnosti/bakalavr/","https://msk.postupi.online/vuz/pstgu/specialnosti/bakalavr/","2026-07-08T20:19:37.483Z"
"Российский университет адвокатуры и нотариата имени Г. Б. Мирзоева","40.03.01","Юриспруденция","bachelor","","true","9","40","2026","https://msk.postupi.online/vuz/raan/specialnosti/bakalavr/","https://msk.postupi.online/vuz/raan/specialnosti/bakalavr/","2026-07-08T20:19:37.483Z"
"Российская академия музыки имени Гнесиных","53.03.01","Музыкальное искусство эстрады","bachelor","","true","25","27","2026","https://msk.postupi.online/vuz/ram-im-gnesinyh/specialnosti/bakalavr/","https://msk.postupi.online/vuz/ram-im-gnesinyh/specialnosti/bakalavr/","2026-07-08T20:19:37.483Z"
"Российская академия музыки имени Гнесиных","53.03.02","Музыкально-инструментальное искусство","bachelor","","true","80","15","2026","https://msk.postupi.online/vuz/ram-im-gnesinyh/specialnosti/bakalavr/","https://msk.postupi.online/vuz/ram-im-gnesinyh/specialnosti/bakalavr/","2026-07-08T20:19:37.483Z"
"Российская академия музыки имени Гнесиных","53.03.03","Вокальное искусство","bachelor","","true","14","12","2026","https://msk.postupi.online/vuz/ram-im-gnesinyh/specialnosti/bakalavr/","https://msk.postupi.online/vuz/ram-im-gnesinyh/specialnosti/bakalavr/","2026-07-08T20:19:37.483Z"
"Российская академия музыки имени Гнесиных","53.03.04","Искусство народного пения","bachelor","","true","15","4","2026","https://msk.postupi.online/vuz/ram-im-gnesinyh/specialnosti/bakalavr/","https://msk.postupi.online/vuz/ram-im-gnesinyh/specialnosti/bakalavr/","2026-07-08T20:19:37.483Z"
"Российская академия музыки имени Гнесиных","53.03.05","Дирижирование","bachelor","","true","22","5","2026","https://msk.postupi.online/vuz/ram-im-gnesinyh/specialnosti/bakalavr/","https://msk.postupi.online/vuz/ram-im-gnesinyh/specialnosti/bakalavr/","2026-07-08T20:19:37.483Z"
"Российская академия музыки имени Гнесиных","53.03.06","Музыкознание и музыкально-прикладное искусство","bachelor","","true","22","14","2026","https://msk.postupi.online/vuz/ram-im-gnesinyh/specialnosti/bakalavr/","https://msk.postupi.online/vuz/ram-im-gnesinyh/specialnosti/bakalavr/","2026-07-08T20:19:37.483Z"
"Российская академия народного хозяйства и государственной службы при Президенте Российской Федерации","01.03.02","Прикладная математика и информатика","bachelor","","","","30","2026","https://msk.postupi.online/vuz/ranhigs/specialnosti/bakalavr/","https://msk.postupi.online/vuz/ranhigs/specialnosti/bakalavr/","2026-07-08T20:19:37.483Z"
"Российская академия народного хозяйства и государственной службы при Президенте Российской Федерации","09.03.03","Прикладная информатика","bachelor","","true","60","285","2026","https://msk.postupi.online/vuz/ranhigs/specialnosti/bakalavr/","https://msk.postupi.online/vuz/ranhigs/specialnosti/bakalavr/","2026-07-08T20:19:37.483Z"
"Российская академия народного хозяйства и государственной службы при Президенте Российской Федерации","27.03.05","Инноватика","bachelor","","","","50","2026","https://msk.postupi.online/vuz/ranhigs/specialnosti/bakalavr/","https://msk.postupi.online/vuz/ranhigs/specialnosti/bakalavr/","2026-07-08T20:19:37.483Z"
"Российская академия народного хозяйства и государственной службы при Президенте Российской Федерации","37.03.01","Психология","bachelor","","true","25","69","2026","https://msk.postupi.online/vuz/ranhigs/specialnosti/bakalavr/","https://msk.postupi.online/vuz/ranhigs/specialnosti/bakalavr/","2026-07-08T20:19:37.483Z"
"Российская академия народного хозяйства и государственной службы при Президенте Российской Федерации","38.03.01","Экономика","bachelor","","true","168","564","2026","https://msk.postupi.online/vuz/ranhigs/specialnosti/bakalavr/","https://msk.postupi.online/vuz/ranhigs/specialnosti/bakalavr/","2026-07-08T20:19:37.483Z"
"Российская академия народного хозяйства и государственной службы при Президенте Российской Федерации","38.03.02","Менеджмент","bachelor","","true","200","738","2026","https://msk.postupi.online/vuz/ranhigs/specialnosti/bakalavr/","https://msk.postupi.online/vuz/ranhigs/specialnosti/bakalavr/","2026-07-08T20:19:37.483Z"
"Российская академия народного хозяйства и государственной службы при Президенте Российской Федерации","38.03.04","Государственное и муниципальное управление","bachelor","","true","162","455","2026","https://msk.postupi.online/vuz/ranhigs/specialnosti/bakalavr/","https://msk.postupi.online/vuz/ranhigs/specialnosti/bakalavr/","2026-07-08T20:19:37.483Z"
"Российская академия народного хозяйства и государственной службы при Президенте Российской Федерации","38.03.05","Бизнес-информатика","bachelor","","true","17","73","2026","https://msk.postupi.online/vuz/ranhigs/specialnosti/bakalavr/","https://msk.postupi.online/vuz/ranhigs/specialnosti/bakalavr/","2026-07-08T20:19:37.483Z"
"Российская академия народного хозяйства и государственной службы при Президенте Российской Федерации","38.03.06","Торговое дело","bachelor","","true","7","53","2026","https://msk.postupi.online/vuz/ranhigs/specialnosti/bakalavr/","https://msk.postupi.online/vuz/ranhigs/specialnosti/bakalavr/","2026-07-08T20:19:37.483Z"
"Российская академия народного хозяйства и государственной службы при Президенте Российской Федерации","39.03.01","Социология","bachelor","","true","25","95","2026","https://msk.postupi.online/vuz/ranhigs/specialnosti/bakalavr/","https://msk.postupi.online/vuz/ranhigs/specialnosti/bakalavr/","2026-07-08T20:19:37.483Z"
"Российская академия народного хозяйства и государственной службы при Президенте Российской Федерации","40.03.01","Юриспруденция","bachelor","","true","52","333","2026","https://msk.postupi.online/vuz/ranhigs/specialnosti/bakalavr/","https://msk.postupi.online/vuz/ranhigs/specialnosti/bakalavr/","2026-07-08T20:19:37.483Z"
"Российская академия народного хозяйства и государственной службы при Президенте Российской Федерации","41.03.01","Зарубежное регионоведение","bachelor","","true","40","79","2026","https://msk.postupi.online/vuz/ranhigs/specialnosti/bakalavr/","https://msk.postupi.online/vuz/ranhigs/specialnosti/bakalavr/","2026-07-08T20:19:37.483Z"
"Российская академия народного хозяйства и государственной службы при Президенте Российской Федерации","41.03.02","Регионоведение России","bachelor","","true","10","20","2026","https://msk.postupi.online/vuz/ranhigs/specialnosti/bakalavr/","https://msk.postupi.online/vuz/ranhigs/specialnosti/bakalavr/","2026-07-08T20:19:37.483Z"
"Российская академия народного хозяйства и государственной службы при Президенте Российской Федерации","41.03.04","Политология","bachelor","","true","25","35","2026","https://msk.postupi.online/vuz/ranhigs/specialnosti/bakalavr/","https://msk.postupi.online/vuz/ranhigs/specialnosti/bakalavr/","2026-07-08T20:19:37.483Z"
"Российская академия народного хозяйства и государственной службы при Президенте Российской Федерации","41.03.05","Международные отношения","bachelor","","true","40","94","2026","https://msk.postupi.online/vuz/ranhigs/specialnosti/bakalavr/","https://msk.postupi.online/vuz/ranhigs/specialnosti/bakalavr/","2026-07-08T20:19:37.483Z"
"Российская академия народного хозяйства и государственной службы при Президенте Российской Федерации","41.03.06","Публичная политика и социальные науки","bachelor","","true","20","44","2026","https://msk.postupi.online/vuz/ranhigs/specialnosti/bakalavr/","https://msk.postupi.online/vuz/ranhigs/specialnosti/bakalavr/","2026-07-08T20:19:37.483Z"
"Российская академия народного хозяйства и государственной службы при Президенте Российской Федерации","42.03.01","Реклама и связи с общественностью","bachelor","","","","474","2026","https://msk.postupi.online/vuz/ranhigs/specialnosti/bakalavr/","https://msk.postupi.online/vuz/ranhigs/specialnosti/bakalavr/","2026-07-08T20:19:37.483Z"
"Российская академия народного хозяйства и государственной службы при Президенте Российской Федерации","42.03.02","Журналистика","bachelor","","true","7","294","2026","https://msk.postupi.online/vuz/ranhigs/specialnosti/bakalavr/","https://msk.postupi.online/vuz/ranhigs/specialnosti/bakalavr/","2026-07-08T20:19:37.483Z"
"Российская академия народного хозяйства и государственной службы при Президенте Российской Федерации","42.03.05","Медиакоммуникации","bachelor","","","","64","2026","https://msk.postupi.online/vuz/ranhigs/specialnosti/bakalavr/","https://msk.postupi.online/vuz/ranhigs/specialnosti/bakalavr/","2026-07-08T20:19:37.483Z"
"Российская академия народного хозяйства и государственной службы при Президенте Российской Федерации","43.03.02","Туризм","bachelor","","","","30","2026","https://msk.postupi.online/vuz/ranhigs/specialnosti/bakalavr/","https://msk.postupi.online/vuz/ranhigs/specialnosti/bakalavr/","2026-07-08T20:19:37.483Z"
"Российская академия живописи, ваяния и зодчества Ильи Глазунова","07.03.01","Архитектура","bachelor","","true","6","6","2026","https://msk.postupi.online/vuz/razhviz-i-glazunova/specialnosti/bakalavr/","https://msk.postupi.online/vuz/razhviz-i-glazunova/specialnosti/bakalavr/","2026-07-08T20:19:37.483Z"
"Российская академия живописи, ваяния и зодчества Ильи Глазунова","50.03.04","Теория и история искусств","bachelor","","true","15","7","2026","https://msk.postupi.online/vuz/razhviz-i-glazunova/specialnosti/bakalavr/","https://msk.postupi.online/vuz/razhviz-i-glazunova/specialnosti/bakalavr/","2026-07-08T20:19:37.483Z"
"Российская экономическая школа","38.03.01","Экономика","bachelor","","true","60","45","2026","https://msk.postupi.online/vuz/resh/specialnosti/bakalavr/","https://msk.postupi.online/vuz/resh/specialnosti/bakalavr/","2026-07-08T20:19:37.483Z"
"Российский экономический университет имени Г.В. Плеханова","01.03.02","Прикладная математика и информатика","bachelor","","true","6","15","2026","https://msk.postupi.online/vuz/reu-im-g-v-plehanova/specialnosti/bakalavr/","https://msk.postupi.online/vuz/reu-im-g-v-plehanova/specialnosti/bakalavr/","2026-07-08T20:19:37.483Z"
"Российский экономический университет имени Г.В. Плеханова","01.03.05","Статистика","bachelor","","true","5","70","2026","https://msk.postupi.online/vuz/reu-im-g-v-plehanova/specialnosti/bakalavr/","https://msk.postupi.online/vuz/reu-im-g-v-plehanova/specialnosti/bakalavr/","2026-07-08T20:19:37.483Z"
"Российский экономический университет имени Г.В. Плеханова","02.03.03","Математическое обеспечение и администрирование информационных систем","bachelor","","true","83","80","2026","https://msk.postupi.online/vuz/reu-im-g-v-plehanova/specialnosti/bakalavr/","https://msk.postupi.online/vuz/reu-im-g-v-plehanova/specialnosti/bakalavr/","2026-07-08T20:19:37.483Z"
"Российский экономический университет имени Г.В. Плеханова","09.03.01","Информатика и вычислительная техника","bachelor","","true","26","100","2026","https://msk.postupi.online/vuz/reu-im-g-v-plehanova/specialnosti/bakalavr/","https://msk.postupi.online/vuz/reu-im-g-v-plehanova/specialnosti/bakalavr/","2026-07-08T20:19:37.483Z"
"Российский экономический университет имени Г.В. Плеханова","09.03.02","Информационные системы и технологии","bachelor","","true","70","110","2026","https://msk.postupi.online/vuz/reu-im-g-v-plehanova/specialnosti/bakalavr/","https://msk.postupi.online/vuz/reu-im-g-v-plehanova/specialnosti/bakalavr/","2026-07-08T20:19:37.483Z"
"Российский экономический университет имени Г.В. Плеханова","09.03.03","Прикладная информатика","bachelor","","true","45","310","2026","https://msk.postupi.online/vuz/reu-im-g-v-plehanova/specialnosti/bakalavr/","https://msk.postupi.online/vuz/reu-im-g-v-plehanova/specialnosti/bakalavr/","2026-07-08T20:19:37.483Z"
"Российский экономический университет имени Г.В. Плеханова","10.03.01","Информационная безопасность","bachelor","","true","86","120","2026","https://msk.postupi.online/vuz/reu-im-g-v-plehanova/specialnosti/bakalavr/","https://msk.postupi.online/vuz/reu-im-g-v-plehanova/specialnosti/bakalavr/","2026-07-08T20:19:37.483Z"
"Российский экономический университет имени Г.В. Плеханова","15.03.02","Технологические машины и оборудование","bachelor","","","","60","2026","https://msk.postupi.online/vuz/reu-im-g-v-plehanova/specialnosti/bakalavr/","https://msk.postupi.online/vuz/reu-im-g-v-plehanova/specialnosti/bakalavr/","2026-07-08T20:19:37.483Z"
"Российский экономический университет имени Г.В. Плеханова","19.03.01","Биотехнология","bachelor","","true","12","35","2026","https://msk.postupi.online/vuz/reu-im-g-v-plehanova/specialnosti/bakalavr/","https://msk.postupi.online/vuz/reu-im-g-v-plehanova/specialnosti/bakalavr/","2026-07-08T20:19:37.483Z"
"Российский экономический университет имени Г.В. Плеханова","19.03.04","Технология продукции и организация общественного питания","bachelor","","true","13","70","2026","https://msk.postupi.online/vuz/reu-im-g-v-plehanova/specialnosti/bakalavr/","https://msk.postupi.online/vuz/reu-im-g-v-plehanova/specialnosti/bakalavr/","2026-07-08T20:19:37.483Z"
"Российский экономический университет имени Г.В. Плеханова","27.03.02","Управление качеством","bachelor","","","","30","2026","https://msk.postupi.online/vuz/reu-im-g-v-plehanova/specialnosti/bakalavr/","https://msk.postupi.online/vuz/reu-im-g-v-plehanova/specialnosti/bakalavr/","2026-07-08T20:19:37.483Z"
"Российский экономический университет имени Г.В. Плеханова","27.03.05","Инноватика","bachelor","","","","100","2026","https://msk.postupi.online/vuz/reu-im-g-v-plehanova/specialnosti/bakalavr/","https://msk.postupi.online/vuz/reu-im-g-v-plehanova/specialnosti/bakalavr/","2026-07-08T20:19:37.483Z"
"Российский экономический университет имени Г.В. Плеханова","37.03.01","Психология","bachelor","","true","5","54","2026","https://msk.postupi.online/vuz/reu-im-g-v-plehanova/specialnosti/bakalavr/","https://msk.postupi.online/vuz/reu-im-g-v-plehanova/specialnosti/bakalavr/","2026-07-08T20:19:37.483Z"
"Российский экономический университет имени Г.В. Плеханова","38.03.01","Экономика","bachelor","","true","139","","2026","https://msk.postupi.online/vuz/reu-im-g-v-plehanova/specialnosti/bakalavr/","https://msk.postupi.online/vuz/reu-im-g-v-plehanova/specialnosti/bakalavr/","2026-07-08T20:19:37.483Z"
"Российский экономический университет имени Г.В. Плеханова","38.03.02","Менеджмент","bachelor","","true","148","939","2026","https://msk.postupi.online/vuz/reu-im-g-v-plehanova/specialnosti/bakalavr/","https://msk.postupi.online/vuz/reu-im-g-v-plehanova/specialnosti/bakalavr/","2026-07-08T20:19:37.483Z"
"Российский экономический университет имени Г.В. Плеханова","38.03.03","Управление персоналом","bachelor","","true","10","28","2026","https://msk.postupi.online/vuz/reu-im-g-v-plehanova/specialnosti/bakalavr/","https://msk.postupi.online/vuz/reu-im-g-v-plehanova/specialnosti/bakalavr/","2026-07-08T20:19:37.483Z"
"Российский экономический университет имени Г.В. Плеханова","38.03.04","Государственное и муниципальное управление","bachelor","","true","18","211","2026","https://msk.postupi.online/vuz/reu-im-g-v-plehanova/specialnosti/bakalavr/","https://msk.postupi.online/vuz/reu-im-g-v-plehanova/specialnosti/bakalavr/","2026-07-08T20:19:37.483Z"
"Российский экономический университет имени Г.В. Плеханова","38.03.05","Бизнес-информатика","bachelor","","true","25","144","2026","https://msk.postupi.online/vuz/reu-im-g-v-plehanova/specialnosti/bakalavr/","https://msk.postupi.online/vuz/reu-im-g-v-plehanova/specialnosti/bakalavr/","2026-07-08T20:19:37.483Z"
"Российский экономический университет имени Г.В. Плеханова","38.03.06","Торговое дело","bachelor","","true","13","71","2026","https://msk.postupi.online/vuz/reu-im-g-v-plehanova/specialnosti/bakalavr/","https://msk.postupi.online/vuz/reu-im-g-v-plehanova/specialnosti/bakalavr/","2026-07-08T20:19:37.483Z"
"Российская государственная академия интеллектуальной собственности","09.03.02","Информационные системы и технологии","bachelor","","","","80","2026","https://msk.postupi.online/vuz/rgais/specialnosti/bakalavr/","https://msk.postupi.online/vuz/rgais/specialnosti/bakalavr/","2026-07-08T20:19:37.483Z"
"Российская государственная академия интеллектуальной собственности","38.03.01","Экономика","bachelor","","true","1","13","2026","https://msk.postupi.online/vuz/rgais/specialnosti/bakalavr/","https://msk.postupi.online/vuz/rgais/specialnosti/bakalavr/","2026-07-08T20:19:37.483Z"
"Российская государственная академия интеллектуальной собственности","38.03.04","Государственное и муниципальное управление","bachelor","","true","3","","2026","https://msk.postupi.online/vuz/rgais/specialnosti/bakalavr/","https://msk.postupi.online/vuz/rgais/specialnosti/bakalavr/","2026-07-08T20:19:37.483Z"
"Российская государственная академия интеллектуальной собственности","40.03.01","Юриспруденция","bachelor","","true","59","23","2026","https://msk.postupi.online/vuz/rgais/specialnosti/bakalavr/","https://msk.postupi.online/vuz/rgais/specialnosti/bakalavr/","2026-07-08T20:19:37.483Z"
"Российский государственный аграрный университет - МСХА имени К.А. Тимирязева","08.03.01","Строительство","bachelor","","true","99","72","2026","https://msk.postupi.online/vuz/rgau-msha-im-k-a-timiryazeva/specialnosti/bakalavr/","https://msk.postupi.online/vuz/rgau-msha-im-k-a-timiryazeva/specialnosti/bakalavr/","2026-07-08T20:19:37.483Z"
"Российский государственный аграрный университет - МСХА имени К.А. Тимирязева","09.03.02","Информационные системы и технологии","bachelor","","true","101","105","2026","https://msk.postupi.online/vuz/rgau-msha-im-k-a-timiryazeva/specialnosti/bakalavr/","https://msk.postupi.online/vuz/rgau-msha-im-k-a-timiryazeva/specialnosti/bakalavr/","2026-07-08T20:19:37.483Z"
"Российский государственный аграрный университет - МСХА имени К.А. Тимирязева","09.03.03","Прикладная информатика","bachelor","","true","72","18","2026","https://msk.postupi.online/vuz/rgau-msha-im-k-a-timiryazeva/specialnosti/bakalavr/","https://msk.postupi.online/vuz/rgau-msha-im-k-a-timiryazeva/specialnosti/bakalavr/","2026-07-08T20:19:37.483Z"
"Российский государственный аграрный университет - МСХА имени К.А. Тимирязева","13.03.01","Теплоэнергетика и теплотехника","bachelor","","true","25","5","2026","https://msk.postupi.online/vuz/rgau-msha-im-k-a-timiryazeva/specialnosti/bakalavr/","https://msk.postupi.online/vuz/rgau-msha-im-k-a-timiryazeva/specialnosti/bakalavr/","2026-07-08T20:19:37.483Z"
"Российский государственный аграрный университет - МСХА имени К.А. Тимирязева","13.03.02","Электроэнергетика и электротехника","bachelor","","true","85","50","2026","https://msk.postupi.online/vuz/rgau-msha-im-k-a-timiryazeva/specialnosti/bakalavr/","https://msk.postupi.online/vuz/rgau-msha-im-k-a-timiryazeva/specialnosti/bakalavr/","2026-07-08T20:19:37.483Z"
"Российский государственный аграрный университет - МСХА имени К.А. Тимирязева","19.03.01","Биотехнология","bachelor","","true","125","70","2026","https://msk.postupi.online/vuz/rgau-msha-im-k-a-timiryazeva/specialnosti/bakalavr/","https://msk.postupi.online/vuz/rgau-msha-im-k-a-timiryazeva/specialnosti/bakalavr/","2026-07-08T20:19:37.483Z"
"Российский государственный аграрный университет - МСХА имени К.А. Тимирязева","19.03.02","Продукты питания из растительного сырья","bachelor","","true","25","5","2026","https://msk.postupi.online/vuz/rgau-msha-im-k-a-timiryazeva/specialnosti/bakalavr/","https://msk.postupi.online/vuz/rgau-msha-im-k-a-timiryazeva/specialnosti/bakalavr/","2026-07-08T20:19:37.483Z"
"Российский государственный аграрный университет - МСХА имени К.А. Тимирязева","19.03.03","Продукты питания животного происхождения","bachelor","","true","25","5","2026","https://msk.postupi.online/vuz/rgau-msha-im-k-a-timiryazeva/specialnosti/bakalavr/","https://msk.postupi.online/vuz/rgau-msha-im-k-a-timiryazeva/specialnosti/bakalavr/","2026-07-08T20:19:37.483Z"
"Российский государственный аграрный университет - МСХА имени К.А. Тимирязева","20.03.01","Техносферная безопасность","bachelor","","true","25","5","2026","https://msk.postupi.online/vuz/rgau-msha-im-k-a-timiryazeva/specialnosti/bakalavr/","https://msk.postupi.online/vuz/rgau-msha-im-k-a-timiryazeva/specialnosti/bakalavr/","2026-07-08T20:19:37.483Z"
"Российский государственный аграрный университет - МСХА имени К.А. Тимирязева","20.03.02","Природообустройство и водопользование","bachelor","","true","25","5","2026","https://msk.postupi.online/vuz/rgau-msha-im-k-a-timiryazeva/specialnosti/bakalavr/","https://msk.postupi.online/vuz/rgau-msha-im-k-a-timiryazeva/specialnosti/bakalavr/","2026-07-08T20:19:37.483Z"
"Российский государственный аграрный университет - МСХА имени К.А. Тимирязева","21.03.02","Землеустройство и кадастры","bachelor","","true","43","47","2026","https://msk.postupi.online/vuz/rgau-msha-im-k-a-timiryazeva/specialnosti/bakalavr/","https://msk.postupi.online/vuz/rgau-msha-im-k-a-timiryazeva/specialnosti/bakalavr/","2026-07-08T20:19:37.483Z"
"Российский государственный аграрный университет - МСХА имени К.А. Тимирязева","23.03.01","Технология транспортных процессов","bachelor","","true","25","5","2026","https://msk.postupi.online/vuz/rgau-msha-im-k-a-timiryazeva/specialnosti/bakalavr/","https://msk.postupi.online/vuz/rgau-msha-im-k-a-timiryazeva/specialnosti/bakalavr/","2026-07-08T20:19:37.483Z"
"Российский государственный аграрный университет - МСХА имени К.А. Тимирязева","23.03.03","Эксплуатация транспортно-технологических машин и комплексов","bachelor","","true","60","45","2026","https://msk.postupi.online/vuz/rgau-msha-im-k-a-timiryazeva/specialnosti/bakalavr/","https://msk.postupi.online/vuz/rgau-msha-im-k-a-timiryazeva/specialnosti/bakalavr/","2026-07-08T20:19:37.483Z"
"Российский государственный аграрный университет - МСХА имени К.А. Тимирязева","35.03.01","Лесное дело","bachelor","","true","25","5","2026","https://msk.postupi.online/vuz/rgau-msha-im-k-a-timiryazeva/specialnosti/bakalavr/","https://msk.postupi.online/vuz/rgau-msha-im-k-a-timiryazeva/specialnosti/bakalavr/","2026-07-08T20:19:37.483Z"
"Российский государственный аграрный университет - МСХА имени К.А. Тимирязева","35.03.03","Агрохимия и агропочвоведение","bachelor","","true","54","10","2026","https://msk.postupi.online/vuz/rgau-msha-im-k-a-timiryazeva/specialnosti/bakalavr/","https://msk.postupi.online/vuz/rgau-msha-im-k-a-timiryazeva/specialnosti/bakalavr/","2026-07-08T20:19:37.483Z"
"Российский государственный аграрный университет - МСХА имени К.А. Тимирязева","35.03.04","Агрономия","bachelor","","true","127","70","2026","https://msk.postupi.online/vuz/rgau-msha-im-k-a-timiryazeva/specialnosti/bakalavr/","https://msk.postupi.online/vuz/rgau-msha-im-k-a-timiryazeva/specialnosti/bakalavr/","2026-07-08T20:19:37.483Z"
"Российский государственный аграрный университет - МСХА имени К.А. Тимирязева","35.03.05","Садоводство","bachelor","","true","108","20","2026","https://msk.postupi.online/vuz/rgau-msha-im-k-a-timiryazeva/specialnosti/bakalavr/","https://msk.postupi.online/vuz/rgau-msha-im-k-a-timiryazeva/specialnosti/bakalavr/","2026-07-08T20:19:37.483Z"
"Российский государственный гуманитарный университет","01.03.04","Прикладная математика","bachelor","","","","30","2026","https://msk.postupi.online/vuz/rggu/specialnosti/bakalavr/","https://msk.postupi.online/vuz/rggu/specialnosti/bakalavr/","2026-07-08T20:19:37.483Z"
"Российский государственный гуманитарный университет","01.03.05","Статистика","bachelor","","","","20","2026","https://msk.postupi.online/vuz/rggu/specialnosti/bakalavr/","https://msk.postupi.online/vuz/rggu/specialnosti/bakalavr/","2026-07-08T20:19:37.483Z"
"Российский государственный гуманитарный университет","09.03.03","Прикладная информатика","bachelor","","true","30","30","2026","https://msk.postupi.online/vuz/rggu/specialnosti/bakalavr/","https://msk.postupi.online/vuz/rggu/specialnosti/bakalavr/","2026-07-08T20:19:37.483Z"
"Российский государственный гуманитарный университет","10.03.01","Информационная безопасность","bachelor","","true","15","29","2026","https://msk.postupi.online/vuz/rggu/specialnosti/bakalavr/","https://msk.postupi.online/vuz/rggu/specialnosti/bakalavr/","2026-07-08T20:19:37.483Z"
"Российский государственный гуманитарный университет","37.03.01","Психология","bachelor","","true","65","127","2026","https://msk.postupi.online/vuz/rggu/specialnosti/bakalavr/","https://msk.postupi.online/vuz/rggu/specialnosti/bakalavr/","2026-07-08T20:19:37.483Z"
"Российский государственный гуманитарный университет","37.03.02","Конфликтология","bachelor","","true","20","18","2026","https://msk.postupi.online/vuz/rggu/specialnosti/bakalavr/","https://msk.postupi.online/vuz/rggu/specialnosti/bakalavr/","2026-07-08T20:19:37.483Z"
"Российский государственный гуманитарный университет","38.03.01","Экономика","bachelor","","true","11","83","2026","https://msk.postupi.online/vuz/rggu/specialnosti/bakalavr/","https://msk.postupi.online/vuz/rggu/specialnosti/bakalavr/","2026-07-08T20:19:37.483Z"
"Российский государственный гуманитарный университет","38.03.02","Менеджмент","bachelor","","true","12","151","2026","https://msk.postupi.online/vuz/rggu/specialnosti/bakalavr/","https://msk.postupi.online/vuz/rggu/specialnosti/bakalavr/","2026-07-08T20:19:37.483Z"
"Российский государственный гуманитарный университет","38.03.03","Управление персоналом","bachelor","","true","9","50","2026","https://msk.postupi.online/vuz/rggu/specialnosti/bakalavr/","https://msk.postupi.online/vuz/rggu/specialnosti/bakalavr/","2026-07-08T20:19:37.483Z"
"Российский государственный гуманитарный университет","38.03.04","Государственное и муниципальное управление","bachelor","","true","8","103","2026","https://msk.postupi.online/vuz/rggu/specialnosti/bakalavr/","https://msk.postupi.online/vuz/rggu/specialnosti/bakalavr/","2026-07-08T20:19:37.483Z"
"Российский государственный гуманитарный университет","39.03.01","Социология","bachelor","","true","70","117","2026","https://msk.postupi.online/vuz/rggu/specialnosti/bakalavr/","https://msk.postupi.online/vuz/rggu/specialnosti/bakalavr/","2026-07-08T20:19:37.483Z"
"Российский государственный гуманитарный университет","40.03.01","Юриспруденция","bachelor","","true","20","263","2026","https://msk.postupi.online/vuz/rggu/specialnosti/bakalavr/","https://msk.postupi.online/vuz/rggu/specialnosti/bakalavr/","2026-07-08T20:19:37.483Z"
"Российский государственный гуманитарный университет","41.03.01","Зарубежное регионоведение","bachelor","","true","20","16","2026","https://msk.postupi.online/vuz/rggu/specialnosti/bakalavr/","https://msk.postupi.online/vuz/rggu/specialnosti/bakalavr/","2026-07-08T20:19:37.483Z"
"Российский государственный гуманитарный университет","41.03.02","Регионоведение России","bachelor","","","","25","2026","https://msk.postupi.online/vuz/rggu/specialnosti/bakalavr/","https://msk.postupi.online/vuz/rggu/specialnosti/bakalavr/","2026-07-08T20:19:37.483Z"
"Российский государственный гуманитарный университет","41.03.04","Политология","bachelor","","true","17","35","2026","https://msk.postupi.online/vuz/rggu/specialnosti/bakalavr/","https://msk.postupi.online/vuz/rggu/specialnosti/bakalavr/","2026-07-08T20:19:37.483Z"
"Российский государственный гуманитарный университет","41.03.05","Международные отношения","bachelor","","true","22","59","2026","https://msk.postupi.online/vuz/rggu/specialnosti/bakalavr/","https://msk.postupi.online/vuz/rggu/specialnosti/bakalavr/","2026-07-08T20:19:37.483Z"
"Российский государственный гуманитарный университет","41.03.06","Публичная политика и социальные науки","bachelor","","true","4","16","2026","https://msk.postupi.online/vuz/rggu/specialnosti/bakalavr/","https://msk.postupi.online/vuz/rggu/specialnosti/bakalavr/","2026-07-08T20:19:37.483Z"
"Российский государственный гуманитарный университет","42.03.01","Реклама и связи с общественностью","bachelor","","true","60","314","2026","https://msk.postupi.online/vuz/rggu/specialnosti/bakalavr/","https://msk.postupi.online/vuz/rggu/specialnosti/bakalavr/","2026-07-08T20:19:37.483Z"
"Российский государственный гуманитарный университет","42.03.02","Журналистика","bachelor","","true","32","176","2026","https://msk.postupi.online/vuz/rggu/specialnosti/bakalavr/","https://msk.postupi.online/vuz/rggu/specialnosti/bakalavr/","2026-07-08T20:19:37.483Z"
"Российский государственный гуманитарный университет","42.03.05","Медиакоммуникации","bachelor","","true","33","302","2026","https://msk.postupi.online/vuz/rggu/specialnosti/bakalavr/","https://msk.postupi.online/vuz/rggu/specialnosti/bakalavr/","2026-07-08T20:19:37.483Z"
"Российская государственная специализированная академия искусств","54.03.01","Дизайн","bachelor","","","","5","2026","https://msk.postupi.online/vuz/rgsai/specialnosti/bakalavr/","https://msk.postupi.online/vuz/rgsai/specialnosti/bakalavr/","2026-07-08T20:19:37.483Z"
"Российский государственный социальный университет","09.03.01","Информатика и вычислительная техника","bachelor","","true","14","20","2026","https://msk.postupi.online/vuz/rgsu/specialnosti/bakalavr/","https://msk.postupi.online/vuz/rgsu/specialnosti/bakalavr/","2026-07-08T20:19:37.483Z"
"Российский государственный социальный университет","09.03.02","Информационные системы и технологии","bachelor","","true","14","240","2026","https://msk.postupi.online/vuz/rgsu/specialnosti/bakalavr/","https://msk.postupi.online/vuz/rgsu/specialnosti/bakalavr/","2026-07-08T20:19:37.483Z"
"Российский государственный социальный университет","09.03.04","Программная инженерия","bachelor","","true","13","15","2026","https://msk.postupi.online/vuz/rgsu/specialnosti/bakalavr/","https://msk.postupi.online/vuz/rgsu/specialnosti/bakalavr/","2026-07-08T20:19:37.483Z"
"Российский государственный социальный университет","10.03.01","Информационная безопасность","bachelor","","true","9","30","2026","https://msk.postupi.online/vuz/rgsu/specialnosti/bakalavr/","https://msk.postupi.online/vuz/rgsu/specialnosti/bakalavr/","2026-07-08T20:19:37.483Z"
"Российский государственный социальный университет","20.03.01","Техносферная безопасность","bachelor","","true","25","","2026","https://msk.postupi.online/vuz/rgsu/specialnosti/bakalavr/","https://msk.postupi.online/vuz/rgsu/specialnosti/bakalavr/","2026-07-08T20:19:37.483Z"
"Российский государственный социальный университет","34.03.01","Сестринское дело","bachelor","","true","2","90","2026","https://msk.postupi.online/vuz/rgsu/specialnosti/bakalavr/","https://msk.postupi.online/vuz/rgsu/specialnosti/bakalavr/","2026-07-08T20:19:37.483Z"
"Российский государственный социальный университет","37.03.01","Психология","bachelor","","true","13","29","2026","https://msk.postupi.online/vuz/rgsu/specialnosti/bakalavr/","https://msk.postupi.online/vuz/rgsu/specialnosti/bakalavr/","2026-07-08T20:19:37.483Z"
"Российский государственный социальный университет","37.03.02","Конфликтология","bachelor","","","","13","2026","https://msk.postupi.online/vuz/rgsu/specialnosti/bakalavr/","https://msk.postupi.online/vuz/rgsu/specialnosti/bakalavr/","2026-07-08T20:19:37.483Z"
"Российский государственный социальный университет","38.03.01","Экономика","bachelor","","","","25","2026","https://msk.postupi.online/vuz/rgsu/specialnosti/bakalavr/","https://msk.postupi.online/vuz/rgsu/specialnosti/bakalavr/","2026-07-08T20:19:37.483Z"
"Российский государственный социальный университет","38.03.02","Менеджмент","bachelor","","","","46","2026","https://msk.postupi.online/vuz/rgsu/specialnosti/bakalavr/","https://msk.postupi.online/vuz/rgsu/specialnosti/bakalavr/","2026-07-08T20:19:37.483Z"
"Российский государственный социальный университет","38.03.03","Управление персоналом","bachelor","","true","5","25","2026","https://msk.postupi.online/vuz/rgsu/specialnosti/bakalavr/","https://msk.postupi.online/vuz/rgsu/specialnosti/bakalavr/","2026-07-08T20:19:37.483Z"
"Российский государственный социальный университет","38.03.04","Государственное и муниципальное управление","bachelor","","","","30","2026","https://msk.postupi.online/vuz/rgsu/specialnosti/bakalavr/","https://msk.postupi.online/vuz/rgsu/specialnosti/bakalavr/","2026-07-08T20:19:37.483Z"
"Российский государственный социальный университет","38.03.05","Бизнес-информатика","bachelor","","","","25","2026","https://msk.postupi.online/vuz/rgsu/specialnosti/bakalavr/","https://msk.postupi.online/vuz/rgsu/specialnosti/bakalavr/","2026-07-08T20:19:37.483Z"
"Российский государственный социальный университет","39.03.01","Социология","bachelor","","true","79","50","2026","https://msk.postupi.online/vuz/rgsu/specialnosti/bakalavr/","https://msk.postupi.online/vuz/rgsu/specialnosti/bakalavr/","2026-07-08T20:19:37.483Z"
"Российский государственный социальный университет","39.03.02","Социальная работа","bachelor","","true","125","50","2026","https://msk.postupi.online/vuz/rgsu/specialnosti/bakalavr/","https://msk.postupi.online/vuz/rgsu/specialnosti/bakalavr/","2026-07-08T20:19:37.483Z"
"Российский государственный социальный университет","39.03.03","Организация работы с молодежью","bachelor","","true","72","80","2026","https://msk.postupi.online/vuz/rgsu/specialnosti/bakalavr/","https://msk.postupi.online/vuz/rgsu/specialnosti/bakalavr/","2026-07-08T20:19:37.483Z"
"Российский государственный социальный университет","40.03.01","Юриспруденция","bachelor","","true","1","90","2026","https://msk.postupi.online/vuz/rgsu/specialnosti/bakalavr/","https://msk.postupi.online/vuz/rgsu/specialnosti/bakalavr/","2026-07-08T20:19:37.483Z"
"Российский государственный социальный университет","41.03.04","Политология","bachelor","","","","25","2026","https://msk.postupi.online/vuz/rgsu/specialnosti/bakalavr/","https://msk.postupi.online/vuz/rgsu/specialnosti/bakalavr/","2026-07-08T20:19:37.483Z"
"Российский государственный университет нефти и газа (национальный исследовательский университет) имени И.М. Губкина","01.03.04","Прикладная математика","bachelor","","true","23","5","2026","https://msk.postupi.online/vuz/rgung-im-i-m-gubkina/specialnosti/bakalavr/","https://msk.postupi.online/vuz/rgung-im-i-m-gubkina/specialnosti/bakalavr/","2026-07-08T20:19:37.483Z"
"Российский государственный университет нефти и газа (национальный исследовательский университет) имени И.М. Губкина","09.03.01","Информатика и вычислительная техника","bachelor","","true","90","40","2026","https://msk.postupi.online/vuz/rgung-im-i-m-gubkina/specialnosti/bakalavr/","https://msk.postupi.online/vuz/rgung-im-i-m-gubkina/specialnosti/bakalavr/","2026-07-08T20:19:37.483Z"
"Российский государственный университет нефти и газа (национальный исследовательский университет) имени И.М. Губкина","10.03.01","Информационная безопасность","bachelor","","true","30","10","2026","https://msk.postupi.online/vuz/rgung-im-i-m-gubkina/specialnosti/bakalavr/","https://msk.postupi.online/vuz/rgung-im-i-m-gubkina/specialnosti/bakalavr/","2026-07-08T20:19:37.483Z"
"Российский государственный университет нефти и газа (национальный исследовательский университет) имени И.М. Губкина","12.03.01","Приборостроение","bachelor","","true","20","8","2026","https://msk.postupi.online/vuz/rgung-im-i-m-gubkina/specialnosti/bakalavr/","https://msk.postupi.online/vuz/rgung-im-i-m-gubkina/specialnosti/bakalavr/","2026-07-08T20:19:37.483Z"
"Российский государственный университет нефти и газа (национальный исследовательский университет) имени И.М. Губкина","13.03.02","Электроэнергетика и электротехника","bachelor","","true","20","8","2026","https://msk.postupi.online/vuz/rgung-im-i-m-gubkina/specialnosti/bakalavr/","https://msk.postupi.online/vuz/rgung-im-i-m-gubkina/specialnosti/bakalavr/","2026-07-08T20:19:37.483Z"
"Российский государственный университет нефти и газа (национальный исследовательский университет) имени И.М. Губкина","15.03.01","Машиностроение","bachelor","","true","50","22","2026","https://msk.postupi.online/vuz/rgung-im-i-m-gubkina/specialnosti/bakalavr/","https://msk.postupi.online/vuz/rgung-im-i-m-gubkina/specialnosti/bakalavr/","2026-07-08T20:19:37.483Z"
"Российский государственный университет нефти и газа (национальный исследовательский университет) имени И.М. Губкина","15.03.02","Технологические машины и оборудование","bachelor","","true","35","18","2026","https://msk.postupi.online/vuz/rgung-im-i-m-gubkina/specialnosti/bakalavr/","https://msk.postupi.online/vuz/rgung-im-i-m-gubkina/specialnosti/bakalavr/","2026-07-08T20:19:37.483Z"
"Российский государственный университет нефти и газа (национальный исследовательский университет) имени И.М. Губкина","18.03.01","Химическая технология","bachelor","","true","158","50","2026","https://msk.postupi.online/vuz/rgung-im-i-m-gubkina/specialnosti/bakalavr/","https://msk.postupi.online/vuz/rgung-im-i-m-gubkina/specialnosti/bakalavr/","2026-07-08T20:19:37.483Z"
"Российский государственный университет нефти и газа (национальный исследовательский университет) имени И.М. Губкина","18.03.02","Энерго- и ресурсосберегающие процессы в химической технологии, нефтехимии и биотехнологии","bachelor","","true","25","3","2026","https://msk.postupi.online/vuz/rgung-im-i-m-gubkina/specialnosti/bakalavr/","https://msk.postupi.online/vuz/rgung-im-i-m-gubkina/specialnosti/bakalavr/","2026-07-08T20:19:37.483Z"
"Российский государственный университет нефти и газа (национальный исследовательский университет) имени И.М. Губкина","20.03.01","Техносферная безопасность","bachelor","","true","20","8","2026","https://msk.postupi.online/vuz/rgung-im-i-m-gubkina/specialnosti/bakalavr/","https://msk.postupi.online/vuz/rgung-im-i-m-gubkina/specialnosti/bakalavr/","2026-07-08T20:19:37.483Z"
"Российский государственный университет нефти и газа (национальный исследовательский университет) имени И.М. Губкина","21.03.01","Нефтегазовое дело","bachelor","","true","225","62","2026","https://msk.postupi.online/vuz/rgung-im-i-m-gubkina/specialnosti/bakalavr/","https://msk.postupi.online/vuz/rgung-im-i-m-gubkina/specialnosti/bakalavr/","2026-07-08T20:19:37.483Z"
"Российский государственный университет нефти и газа (национальный исследовательский университет) имени И.М. Губкина","27.03.01","Стандартизация и метрология","bachelor","","true","20","8","2026","https://msk.postupi.online/vuz/rgung-im-i-m-gubkina/specialnosti/bakalavr/","https://msk.postupi.online/vuz/rgung-im-i-m-gubkina/specialnosti/bakalavr/","2026-07-08T20:19:37.483Z"
"Российский государственный университет нефти и газа (национальный исследовательский университет) имени И.М. Губкина","27.03.04","Управление в технических системах","bachelor","","true","20","8","2026","https://msk.postupi.online/vuz/rgung-im-i-m-gubkina/specialnosti/bakalavr/","https://msk.postupi.online/vuz/rgung-im-i-m-gubkina/specialnosti/bakalavr/","2026-07-08T20:19:37.483Z"
"Российский государственный университет нефти и газа (национальный исследовательский университет) имени И.М. Губкина","38.03.01","Экономика","bachelor","","true","31","181","2026","https://msk.postupi.online/vuz/rgung-im-i-m-gubkina/specialnosti/bakalavr/","https://msk.postupi.online/vuz/rgung-im-i-m-gubkina/specialnosti/bakalavr/","2026-07-08T20:19:37.483Z"
"Российский государственный университет нефти и газа (национальный исследовательский университет) имени И.М. Губкина","38.03.02","Менеджмент","bachelor","","true","12","125","2026","https://msk.postupi.online/vuz/rgung-im-i-m-gubkina/specialnosti/bakalavr/","https://msk.postupi.online/vuz/rgung-im-i-m-gubkina/specialnosti/bakalavr/","2026-07-08T20:19:37.483Z"
"Российский государственный университет нефти и газа (национальный исследовательский университет) имени И.М. Губкина","38.03.05","Бизнес-информатика","bachelor","","true","14","18","2026","https://msk.postupi.online/vuz/rgung-im-i-m-gubkina/specialnosti/bakalavr/","https://msk.postupi.online/vuz/rgung-im-i-m-gubkina/specialnosti/bakalavr/","2026-07-08T20:19:37.483Z"
"Российский государственный университет нефти и газа (национальный исследовательский университет) имени И.М. Губкина","40.03.01","Юриспруденция","bachelor","","true","5","68","2026","https://msk.postupi.online/vuz/rgung-im-i-m-gubkina/specialnosti/bakalavr/","https://msk.postupi.online/vuz/rgung-im-i-m-gubkina/specialnosti/bakalavr/","2026-07-08T20:19:37.483Z"
"Российский государственный университет нефти и газа (национальный исследовательский университет) имени И.М. Губкина","41.03.05","Международные отношения","bachelor","","true","5","12","2026","https://msk.postupi.online/vuz/rgung-im-i-m-gubkina/specialnosti/bakalavr/","https://msk.postupi.online/vuz/rgung-im-i-m-gubkina/specialnosti/bakalavr/","2026-07-08T20:19:37.483Z"
"Российский государственный университет правосудия имени В. М. Лебедева","38.03.01","Экономика","bachelor","","","","20","2026","https://msk.postupi.online/vuz/rgup/specialnosti/bakalavr/","https://msk.postupi.online/vuz/rgup/specialnosti/bakalavr/","2026-07-08T20:19:37.483Z"
"Российский государственный университет правосудия имени В. М. Лебедева","38.03.02","Менеджмент","bachelor","","","","20","2026","https://msk.postupi.online/vuz/rgup/specialnosti/bakalavr/","https://msk.postupi.online/vuz/rgup/specialnosti/bakalavr/","2026-07-08T20:19:37.483Z"
"Российский государственный университет правосудия имени В. М. Лебедева","38.03.04","Государственное и муниципальное управление","bachelor","","","","32","2026","https://msk.postupi.online/vuz/rgup/specialnosti/bakalavr/","https://msk.postupi.online/vuz/rgup/specialnosti/bakalavr/","2026-07-08T20:19:37.483Z"
"Российский государственный университет правосудия имени В. М. Лебедева","40.03.01","Юриспруденция","bachelor","","true","201","432","2026","https://msk.postupi.online/vuz/rgup/specialnosti/bakalavr/","https://msk.postupi.online/vuz/rgup/specialnosti/bakalavr/","2026-07-08T20:19:37.483Z"
"РГУТИС - Российский государственный университет туризма и сервиса","15.03.02","Технологические машины и оборудование","bachelor","","","","60","2026","https://msk.postupi.online/vuz/rgutis/specialnosti/bakalavr/","https://msk.postupi.online/vuz/rgutis/specialnosti/bakalavr/","2026-07-08T20:19:37.483Z"
"РГУТИС - Российский государственный университет туризма и сервиса","38.03.01","Экономика","bachelor","","","","54","2026","https://msk.postupi.online/vuz/rgutis/specialnosti/bakalavr/","https://msk.postupi.online/vuz/rgutis/specialnosti/bakalavr/","2026-07-08T20:19:37.483Z"
"РГУТИС - Российский государственный университет туризма и сервиса","38.03.02","Менеджмент","bachelor","","","","83","2026","https://msk.postupi.online/vuz/rgutis/specialnosti/bakalavr/","https://msk.postupi.online/vuz/rgutis/specialnosti/bakalavr/","2026-07-08T20:19:37.483Z"
"РГУТИС - Российский государственный университет туризма и сервиса","38.03.04","Государственное и муниципальное управление","bachelor","","","","21","2026","https://msk.postupi.online/vuz/rgutis/specialnosti/bakalavr/","https://msk.postupi.online/vuz/rgutis/specialnosti/bakalavr/","2026-07-08T20:19:37.483Z"
"РГУТИС - Российский государственный университет туризма и сервиса","40.03.01","Юриспруденция","bachelor","","","","58","2026","https://msk.postupi.online/vuz/rgutis/specialnosti/bakalavr/","https://msk.postupi.online/vuz/rgutis/specialnosti/bakalavr/","2026-07-08T20:19:37.483Z"
"РГУТИС - Российский государственный университет туризма и сервиса","43.03.01","Сервис","bachelor","","true","104","80","2026","https://msk.postupi.online/vuz/rgutis/specialnosti/bakalavr/","https://msk.postupi.online/vuz/rgutis/specialnosti/bakalavr/","2026-07-08T20:19:37.483Z"
"РГУТИС - Российский государственный университет туризма и сервиса","43.03.02","Туризм","bachelor","","true","85","265","2026","https://msk.postupi.online/vuz/rgutis/specialnosti/bakalavr/","https://msk.postupi.online/vuz/rgutis/specialnosti/bakalavr/","2026-07-08T20:19:37.483Z"
"РГУТИС - Российский государственный университет туризма и сервиса","43.03.03","Гостиничное дело","bachelor","","true","140","450","2026","https://msk.postupi.online/vuz/rgutis/specialnosti/bakalavr/","https://msk.postupi.online/vuz/rgutis/specialnosti/bakalavr/","2026-07-08T20:19:37.483Z"
"РГУТИС - Российский государственный университет туризма и сервиса","54.03.01","Дизайн","bachelor","","","","90","2026","https://msk.postupi.online/vuz/rgutis/specialnosti/bakalavr/","https://msk.postupi.online/vuz/rgutis/specialnosti/bakalavr/","2026-07-08T20:19:37.483Z"
"Российский химико-технологический университет имени Д.И. Менделеева","09.03.01","Информатика и вычислительная техника","bachelor","","true","25","15","2026","https://msk.postupi.online/vuz/rhtu-im-d-i-mendeleeva/specialnosti/bakalavr/","https://msk.postupi.online/vuz/rhtu-im-d-i-mendeleeva/specialnosti/bakalavr/","2026-07-08T20:19:37.483Z"
"Российский химико-технологический университет имени Д.И. Менделеева","09.03.02","Информационные системы и технологии","bachelor","","true","50","30","2026","https://msk.postupi.online/vuz/rhtu-im-d-i-mendeleeva/specialnosti/bakalavr/","https://msk.postupi.online/vuz/rhtu-im-d-i-mendeleeva/specialnosti/bakalavr/","2026-07-08T20:19:37.483Z"
"Российский химико-технологический университет имени Д.И. Менделеева","09.03.04","Программная инженерия","bachelor","","true","25","15","2026","https://msk.postupi.online/vuz/rhtu-im-d-i-mendeleeva/specialnosti/bakalavr/","https://msk.postupi.online/vuz/rhtu-im-d-i-mendeleeva/specialnosti/bakalavr/","2026-07-08T20:19:37.483Z"
"Российский химико-технологический университет имени Д.И. Менделеева","15.03.02","Технологические машины и оборудование","bachelor","","true","10","50","2026","https://msk.postupi.online/vuz/rhtu-im-d-i-mendeleeva/specialnosti/bakalavr/","https://msk.postupi.online/vuz/rhtu-im-d-i-mendeleeva/specialnosti/bakalavr/","2026-07-08T20:19:37.483Z"
"Российский химико-технологический университет имени Д.И. Менделеева","15.03.04","Автоматизация технологических процессов и производств","bachelor","","","","30","2026","https://msk.postupi.online/vuz/rhtu-im-d-i-mendeleeva/specialnosti/bakalavr/","https://msk.postupi.online/vuz/rhtu-im-d-i-mendeleeva/specialnosti/bakalavr/","2026-07-08T20:19:37.483Z"
"Российский химико-технологический университет имени Д.И. Менделеева","18.03.01","Химическая технология","bachelor","","true","510","265","2026","https://msk.postupi.online/vuz/rhtu-im-d-i-mendeleeva/specialnosti/bakalavr/","https://msk.postupi.online/vuz/rhtu-im-d-i-mendeleeva/specialnosti/bakalavr/","2026-07-08T20:19:37.483Z"
"Российский химико-технологический университет имени Д.И. Менделеева","18.03.02","Энерго- и ресурсосберегающие процессы в химической технологии, нефтехимии и биотехнологии","bachelor","","true","100","25","2026","https://msk.postupi.online/vuz/rhtu-im-d-i-mendeleeva/specialnosti/bakalavr/","https://msk.postupi.online/vuz/rhtu-im-d-i-mendeleeva/specialnosti/bakalavr/","2026-07-08T20:19:37.483Z"
"Российский химико-технологический университет имени Д.И. Менделеева","19.03.01","Биотехнология","bachelor","","true","70","20","2026","https://msk.postupi.online/vuz/rhtu-im-d-i-mendeleeva/specialnosti/bakalavr/","https://msk.postupi.online/vuz/rhtu-im-d-i-mendeleeva/specialnosti/bakalavr/","2026-07-08T20:19:37.483Z"
"Российский химико-технологический университет имени Д.И. Менделеева","20.03.01","Техносферная безопасность","bachelor","","true","40","10","2026","https://msk.postupi.online/vuz/rhtu-im-d-i-mendeleeva/specialnosti/bakalavr/","https://msk.postupi.online/vuz/rhtu-im-d-i-mendeleeva/specialnosti/bakalavr/","2026-07-08T20:19:37.483Z"
"Российский химико-технологический университет имени Д.И. Менделеева","22.03.01","Материаловедение и технологии материалов","bachelor","","true","60","45","2026","https://msk.postupi.online/vuz/rhtu-im-d-i-mendeleeva/specialnosti/bakalavr/","https://msk.postupi.online/vuz/rhtu-im-d-i-mendeleeva/specialnosti/bakalavr/","2026-07-08T20:19:37.483Z"
"Российский химико-технологический университет имени Д.И. Менделеева","27.03.01","Стандартизация и метрология","bachelor","","","","20","2026","https://msk.postupi.online/vuz/rhtu-im-d-i-mendeleeva/specialnosti/bakalavr/","https://msk.postupi.online/vuz/rhtu-im-d-i-mendeleeva/specialnosti/bakalavr/","2026-07-08T20:19:37.483Z"
"Российский химико-технологический университет имени Д.И. Менделеева","27.03.05","Инноватика","bachelor","","true","26","5","2026","https://msk.postupi.online/vuz/rhtu-im-d-i-mendeleeva/specialnosti/bakalavr/","https://msk.postupi.online/vuz/rhtu-im-d-i-mendeleeva/specialnosti/bakalavr/","2026-07-08T20:19:37.483Z"
"Российский химико-технологический университет имени Д.И. Менделеева","28.03.02","Наноинженерия","bachelor","","true","60","10","2026","https://msk.postupi.online/vuz/rhtu-im-d-i-mendeleeva/specialnosti/bakalavr/","https://msk.postupi.online/vuz/rhtu-im-d-i-mendeleeva/specialnosti/bakalavr/","2026-07-08T20:19:37.483Z"
"Российский химико-технологический университет имени Д.И. Менделеева","28.03.03","Наноматериалы","bachelor","","true","30","10","2026","https://msk.postupi.online/vuz/rhtu-im-d-i-mendeleeva/specialnosti/bakalavr/","https://msk.postupi.online/vuz/rhtu-im-d-i-mendeleeva/specialnosti/bakalavr/","2026-07-08T20:19:37.483Z"
"Российский химико-технологический университет имени Д.И. Менделеева","29.03.04","Технология художественной обработки материалов","bachelor","","true","25","10","2026","https://msk.postupi.online/vuz/rhtu-im-d-i-mendeleeva/specialnosti/bakalavr/","https://msk.postupi.online/vuz/rhtu-im-d-i-mendeleeva/specialnosti/bakalavr/","2026-07-08T20:19:37.483Z"
"Российский химико-технологический университет имени Д.И. Менделеева","38.03.01","Экономика","bachelor","","","","50","2026","https://msk.postupi.online/vuz/rhtu-im-d-i-mendeleeva/specialnosti/bakalavr/","https://msk.postupi.online/vuz/rhtu-im-d-i-mendeleeva/specialnosti/bakalavr/","2026-07-08T20:19:37.483Z"
"Российский химико-технологический университет имени Д.И. Менделеева","38.03.02","Менеджмент","bachelor","","","","24","2026","https://msk.postupi.online/vuz/rhtu-im-d-i-mendeleeva/specialnosti/bakalavr/","https://msk.postupi.online/vuz/rhtu-im-d-i-mendeleeva/specialnosti/bakalavr/","2026-07-08T20:19:37.483Z"
"Российский новый университет","01.03.02","Прикладная математика и информатика","bachelor","","true","1","30","2026","https://msk.postupi.online/vuz/rosnou/specialnosti/bakalavr/","https://msk.postupi.online/vuz/rosnou/specialnosti/bakalavr/","2026-07-08T20:19:37.483Z"
"Российский новый университет","02.03.03","Математическое обеспечение и администрирование информационных систем","bachelor","","true","3","30","2026","https://msk.postupi.online/vuz/rosnou/specialnosti/bakalavr/","https://msk.postupi.online/vuz/rosnou/specialnosti/bakalavr/","2026-07-08T20:19:37.483Z"
"Российский новый университет","09.03.01","Информатика и вычислительная техника","bachelor","","","","55","2026","https://msk.postupi.online/vuz/rosnou/specialnosti/bakalavr/","https://msk.postupi.online/vuz/rosnou/specialnosti/bakalavr/","2026-07-08T20:19:37.483Z"
"Российский новый университет","09.03.02","Информационные системы и технологии","bachelor","","true","7","60","2026","https://msk.postupi.online/vuz/rosnou/specialnosti/bakalavr/","https://msk.postupi.online/vuz/rosnou/specialnosti/bakalavr/","2026-07-08T20:19:37.483Z"
"Российский новый университет","09.03.03","Прикладная информатика","bachelor","","","","245","2026","https://msk.postupi.online/vuz/rosnou/specialnosti/bakalavr/","https://msk.postupi.online/vuz/rosnou/specialnosti/bakalavr/","2026-07-08T20:19:37.483Z"
"Российский новый университет","13.03.02","Электроэнергетика и электротехника","bachelor","","","","215","2026","https://msk.postupi.online/vuz/rosnou/specialnosti/bakalavr/","https://msk.postupi.online/vuz/rosnou/specialnosti/bakalavr/","2026-07-08T20:19:37.483Z"
"Российский новый университет","37.03.01","Психология","bachelor","","","","11","2026","https://msk.postupi.online/vuz/rosnou/specialnosti/bakalavr/","https://msk.postupi.online/vuz/rosnou/specialnosti/bakalavr/","2026-07-08T20:19:37.483Z"
"Российский новый университет","38.03.01","Экономика","bachelor","","true","2","237","2026","https://msk.postupi.online/vuz/rosnou/specialnosti/bakalavr/","https://msk.postupi.online/vuz/rosnou/specialnosti/bakalavr/","2026-07-08T20:19:37.483Z"
"Российский новый университет","38.03.02","Менеджмент","bachelor","","","","167","2026","https://msk.postupi.online/vuz/rosnou/specialnosti/bakalavr/","https://msk.postupi.online/vuz/rosnou/specialnosti/bakalavr/","2026-07-08T20:19:37.483Z"
"Российский новый университет","38.03.03","Управление персоналом","bachelor","","","","174","2026","https://msk.postupi.online/vuz/rosnou/specialnosti/bakalavr/","https://msk.postupi.online/vuz/rosnou/specialnosti/bakalavr/","2026-07-08T20:19:37.483Z"
"Российский новый университет","38.03.04","Государственное и муниципальное управление","bachelor","","","","95","2026","https://msk.postupi.online/vuz/rosnou/specialnosti/bakalavr/","https://msk.postupi.online/vuz/rosnou/specialnosti/bakalavr/","2026-07-08T20:19:37.483Z"
"Российский новый университет","38.03.05","Бизнес-информатика","bachelor","","","","57","2026","https://msk.postupi.online/vuz/rosnou/specialnosti/bakalavr/","https://msk.postupi.online/vuz/rosnou/specialnosti/bakalavr/","2026-07-08T20:19:37.483Z"
"Российский новый университет","39.03.02","Социальная работа","bachelor","","true","1","65","2026","https://msk.postupi.online/vuz/rosnou/specialnosti/bakalavr/","https://msk.postupi.online/vuz/rosnou/specialnosti/bakalavr/","2026-07-08T20:19:37.483Z"
"Российский новый университет","40.03.01","Юриспруденция","bachelor","","","","339","2026","https://msk.postupi.online/vuz/rosnou/specialnosti/bakalavr/","https://msk.postupi.online/vuz/rosnou/specialnosti/bakalavr/","2026-07-08T20:19:37.483Z"
"Российский новый университет","41.03.04","Политология","bachelor","","","","130","2026","https://msk.postupi.online/vuz/rosnou/specialnosti/bakalavr/","https://msk.postupi.online/vuz/rosnou/specialnosti/bakalavr/","2026-07-08T20:19:37.483Z"
"Российский новый университет","42.03.01","Реклама и связи с общественностью","bachelor","","","","136","2026","https://msk.postupi.online/vuz/rosnou/specialnosti/bakalavr/","https://msk.postupi.online/vuz/rosnou/specialnosti/bakalavr/","2026-07-08T20:19:37.483Z"
"Российский новый университет","42.03.03","Издательское дело","bachelor","","true","1","11","2026","https://msk.postupi.online/vuz/rosnou/specialnosti/bakalavr/","https://msk.postupi.online/vuz/rosnou/specialnosti/bakalavr/","2026-07-08T20:19:37.483Z"
"Российский новый университет","43.03.02","Туризм","bachelor","","true","2","115","2026","https://msk.postupi.online/vuz/rosnou/specialnosti/bakalavr/","https://msk.postupi.online/vuz/rosnou/specialnosti/bakalavr/","2026-07-08T20:19:37.483Z"
"Российский новый университет","43.03.03","Гостиничное дело","bachelor","","","","120","2026","https://msk.postupi.online/vuz/rosnou/specialnosti/bakalavr/","https://msk.postupi.online/vuz/rosnou/specialnosti/bakalavr/","2026-07-08T20:19:37.483Z"
"Российский новый университет","44.03.01","Педагогическое образование","bachelor","","true","2","60","2026","https://msk.postupi.online/vuz/rosnou/specialnosti/bakalavr/","https://msk.postupi.online/vuz/rosnou/specialnosti/bakalavr/","2026-07-08T20:19:37.483Z"
"Российский университет спорта ГЦОЛИФК","38.03.02","Менеджмент","bachelor","","","","105","2026","https://msk.postupi.online/vuz/rossijskij-gosudarstvennyj-universitet-fizicheskoj-kultury-sporta-molodezhi-i-turizma/specialnosti/bakalavr/","https://msk.postupi.online/vuz/rossijskij-gosudarstvennyj-universitet-fizicheskoj-kultury-sporta-molodezhi-i-turizma/specialnosti/bakalavr/","2026-07-08T20:19:37.483Z"
"Российский университет спорта ГЦОЛИФК","42.03.01","Реклама и связи с общественностью","bachelor","","","","48","2026","https://msk.postupi.online/vuz/rossijskij-gosudarstvennyj-universitet-fizicheskoj-kultury-sporta-molodezhi-i-turizma/specialnosti/bakalavr/","https://msk.postupi.online/vuz/rossijskij-gosudarstvennyj-universitet-fizicheskoj-kultury-sporta-molodezhi-i-turizma/specialnosti/bakalavr/","2026-07-08T20:19:37.483Z"
"Российский университет спорта ГЦОЛИФК","44.03.01","Педагогическое образование","bachelor","","","","130","2026","https://msk.postupi.online/vuz/rossijskij-gosudarstvennyj-universitet-fizicheskoj-kultury-sporta-molodezhi-i-turizma/specialnosti/bakalavr/","https://msk.postupi.online/vuz/rossijskij-gosudarstvennyj-universitet-fizicheskoj-kultury-sporta-molodezhi-i-turizma/specialnosti/bakalavr/","2026-07-08T20:19:37.483Z"
"Российский университет спорта ГЦОЛИФК","49.03.01","Физическая культура","bachelor","","true","25","80","2026","https://msk.postupi.online/vuz/rossijskij-gosudarstvennyj-universitet-fizicheskoj-kultury-sporta-molodezhi-i-turizma/specialnosti/bakalavr/","https://msk.postupi.online/vuz/rossijskij-gosudarstvennyj-universitet-fizicheskoj-kultury-sporta-molodezhi-i-turizma/specialnosti/bakalavr/","2026-07-08T20:19:37.483Z"
"Российский университет спорта ГЦОЛИФК","49.03.02","Физическая культура для лиц с отклонениями в состоянии здоровья (адаптивная физическая культура)","bachelor","","true","55","130","2026","https://msk.postupi.online/vuz/rossijskij-gosudarstvennyj-universitet-fizicheskoj-kultury-sporta-molodezhi-i-turizma/specialnosti/bakalavr/","https://msk.postupi.online/vuz/rossijskij-gosudarstvennyj-universitet-fizicheskoj-kultury-sporta-molodezhi-i-turizma/specialnosti/bakalavr/","2026-07-08T20:19:37.483Z"
"Российский университет спорта ГЦОЛИФК","49.03.03","Рекреация и спортивно-оздоровительный туризм","bachelor","","true","25","60","2026","https://msk.postupi.online/vuz/rossijskij-gosudarstvennyj-universitet-fizicheskoj-kultury-sporta-molodezhi-i-turizma/specialnosti/bakalavr/","https://msk.postupi.online/vuz/rossijskij-gosudarstvennyj-universitet-fizicheskoj-kultury-sporta-molodezhi-i-turizma/specialnosti/bakalavr/","2026-07-08T20:19:37.483Z"
"Российский университет спорта ГЦОЛИФК","49.03.04","Спорт","bachelor","","true","540","330","2026","https://msk.postupi.online/vuz/rossijskij-gosudarstvennyj-universitet-fizicheskoj-kultury-sporta-molodezhi-i-turizma/specialnosti/bakalavr/","https://msk.postupi.online/vuz/rossijskij-gosudarstvennyj-universitet-fizicheskoj-kultury-sporta-molodezhi-i-turizma/specialnosti/bakalavr/","2026-07-08T20:19:37.483Z"
"Российский университет спорта ГЦОЛИФК","51.03.05","Режиссура театрализованных представлений и праздников","bachelor","","true","33","130","2026","https://msk.postupi.online/vuz/rossijskij-gosudarstvennyj-universitet-fizicheskoj-kultury-sporta-molodezhi-i-turizma/specialnosti/bakalavr/","https://msk.postupi.online/vuz/rossijskij-gosudarstvennyj-universitet-fizicheskoj-kultury-sporta-molodezhi-i-turizma/specialnosti/bakalavr/","2026-07-08T20:19:37.483Z"
"Российский православный университет святого Иоанна Богослова","37.03.01","Психология","bachelor","","","","20","2026","https://msk.postupi.online/vuz/rpu/specialnosti/bakalavr/","https://msk.postupi.online/vuz/rpu/specialnosti/bakalavr/","2026-07-08T20:19:37.483Z"
"Российский православный университет святого Иоанна Богослова","40.03.01","Юриспруденция","bachelor","","","","20","2026","https://msk.postupi.online/vuz/rpu/specialnosti/bakalavr/","https://msk.postupi.online/vuz/rpu/specialnosti/bakalavr/","2026-07-08T20:19:37.483Z"
"Российский православный университет святого Иоанна Богослова","48.03.01","Теология","bachelor","","true","30","20","2026","https://msk.postupi.online/vuz/rpu/specialnosti/bakalavr/","https://msk.postupi.online/vuz/rpu/specialnosti/bakalavr/","2026-07-08T20:19:37.483Z"
"Российский университет дружбы народов имени Патриса Лумумбы","01.03.01","Математика","bachelor","","true","30","32","2026","https://msk.postupi.online/vuz/rudn/specialnosti/bakalavr/","https://msk.postupi.online/vuz/rudn/specialnosti/bakalavr/","2026-07-08T20:19:37.483Z"
"Российский университет дружбы народов имени Патриса Лумумбы","01.03.02","Прикладная математика и информатика","bachelor","","true","89","92","2026","https://msk.postupi.online/vuz/rudn/specialnosti/bakalavr/","https://msk.postupi.online/vuz/rudn/specialnosti/bakalavr/","2026-07-08T20:19:37.483Z"
"Российский университет дружбы народов имени Патриса Лумумбы","02.03.01","Математика и компьютерные науки","bachelor","","true","30","30","2026","https://msk.postupi.online/vuz/rudn/specialnosti/bakalavr/","https://msk.postupi.online/vuz/rudn/specialnosti/bakalavr/","2026-07-08T20:19:37.483Z"
"Российский университет дружбы народов имени Патриса Лумумбы","02.03.02","Фундаментальная информатика и информационные технологии","bachelor","","true","66","104","2026","https://msk.postupi.online/vuz/rudn/specialnosti/bakalavr/","https://msk.postupi.online/vuz/rudn/specialnosti/bakalavr/","2026-07-08T20:19:37.483Z"
"Российский университет дружбы народов имени Патриса Лумумбы","03.03.02","Физика","bachelor","","true","20","16","2026","https://msk.postupi.online/vuz/rudn/specialnosti/bakalavr/","https://msk.postupi.online/vuz/rudn/specialnosti/bakalavr/","2026-07-08T20:19:37.483Z"
"Российский университет дружбы народов имени Патриса Лумумбы","07.03.01","Архитектура","bachelor","","true","15","95","2026","https://msk.postupi.online/vuz/rudn/specialnosti/bakalavr/","https://msk.postupi.online/vuz/rudn/specialnosti/bakalavr/","2026-07-08T20:19:37.483Z"
"Российский университет дружбы народов имени Патриса Лумумбы","07.03.02","Реконструкция и реставрация архитектурного наследия","bachelor","","true","8","40","2026","https://msk.postupi.online/vuz/rudn/specialnosti/bakalavr/","https://msk.postupi.online/vuz/rudn/specialnosti/bakalavr/","2026-07-08T20:19:37.483Z"
"Российский университет дружбы народов имени Патриса Лумумбы","07.03.03","Дизайн архитектурной среды","bachelor","","true","12","18","2026","https://msk.postupi.online/vuz/rudn/specialnosti/bakalavr/","https://msk.postupi.online/vuz/rudn/specialnosti/bakalavr/","2026-07-08T20:19:37.483Z"
"Российский университет дружбы народов имени Патриса Лумумбы","07.03.04","Градостроительство","bachelor","","","","40","2026","https://msk.postupi.online/vuz/rudn/specialnosti/bakalavr/","https://msk.postupi.online/vuz/rudn/specialnosti/bakalavr/","2026-07-08T20:19:37.483Z"
"Российский университет дружбы народов имени Патриса Лумумбы","08.03.01","Строительство","bachelor","","true","50","84","2026","https://msk.postupi.online/vuz/rudn/specialnosti/bakalavr/","https://msk.postupi.online/vuz/rudn/specialnosti/bakalavr/","2026-07-08T20:19:37.483Z"
"Российский университет дружбы народов имени Патриса Лумумбы","09.03.03","Прикладная информатика","bachelor","","true","52","112","2026","https://msk.postupi.online/vuz/rudn/specialnosti/bakalavr/","https://msk.postupi.online/vuz/rudn/specialnosti/bakalavr/","2026-07-08T20:19:37.483Z"
"Российский университет дружбы народов имени Патриса Лумумбы","10.03.01","Информационная безопасность","bachelor","","true","24","40","2026","https://msk.postupi.online/vuz/rudn/specialnosti/bakalavr/","https://msk.postupi.online/vuz/rudn/specialnosti/bakalavr/","2026-07-08T20:19:37.483Z"
"Российский университет дружбы народов имени Патриса Лумумбы","13.03.03","Энергетическое машиностроение","bachelor","","true","40","15","2026","https://msk.postupi.online/vuz/rudn/specialnosti/bakalavr/","https://msk.postupi.online/vuz/rudn/specialnosti/bakalavr/","2026-07-08T20:19:37.483Z"
"Российский университет дружбы народов имени Патриса Лумумбы","15.03.05","Конструкторско-технологическое обеспечение машиностроительных производств","bachelor","","true","40","5","2026","https://msk.postupi.online/vuz/rudn/specialnosti/bakalavr/","https://msk.postupi.online/vuz/rudn/specialnosti/bakalavr/","2026-07-08T20:19:37.483Z"
"Российский университет дружбы народов имени Патриса Лумумбы","18.03.02","Энерго- и ресурсосберегающие процессы в химической технологии, нефтехимии и биотехнологии","bachelor","","true","25","88","2026","https://msk.postupi.online/vuz/rudn/specialnosti/bakalavr/","https://msk.postupi.online/vuz/rudn/specialnosti/bakalavr/","2026-07-08T20:19:37.483Z"
"Российский университет дружбы народов имени Патриса Лумумбы","21.03.01","Нефтегазовое дело","bachelor","","true","40","44","2026","https://msk.postupi.online/vuz/rudn/specialnosti/bakalavr/","https://msk.postupi.online/vuz/rudn/specialnosti/bakalavr/","2026-07-08T20:19:37.483Z"
"Российский университет дружбы народов имени Патриса Лумумбы","21.03.02","Землеустройство и кадастры","bachelor","","true","43","84","2026","https://msk.postupi.online/vuz/rudn/specialnosti/bakalavr/","https://msk.postupi.online/vuz/rudn/specialnosti/bakalavr/","2026-07-08T20:19:37.483Z"
"Свято-Филаретовский институт","48.03.01","Теология","bachelor","","","","50","2026","https://msk.postupi.online/vuz/sfi/specialnosti/bakalavr/","https://msk.postupi.online/vuz/sfi/specialnosti/bakalavr/","2026-07-08T20:19:37.483Z"
"Московский государственный технологический университет СТАНКИН","09.03.01","Информатика и вычислительная техника","bachelor","","true","95","26","2026","https://msk.postupi.online/vuz/stankin/specialnosti/bakalavr/","https://msk.postupi.online/vuz/stankin/specialnosti/bakalavr/","2026-07-08T20:19:37.483Z"
"Московский государственный технологический университет СТАНКИН","09.03.02","Информационные системы и технологии","bachelor","","true","130","46","2026","https://msk.postupi.online/vuz/stankin/specialnosti/bakalavr/","https://msk.postupi.online/vuz/stankin/specialnosti/bakalavr/","2026-07-08T20:19:37.483Z"
"Московский государственный технологический университет СТАНКИН","09.03.03","Прикладная информатика","bachelor","","true","125","34","2026","https://msk.postupi.online/vuz/stankin/specialnosti/bakalavr/","https://msk.postupi.online/vuz/stankin/specialnosti/bakalavr/","2026-07-08T20:19:37.483Z"
"Московский государственный технологический университет СТАНКИН","09.03.04","Программная инженерия","bachelor","","true","65","16","2026","https://msk.postupi.online/vuz/stankin/specialnosti/bakalavr/","https://msk.postupi.online/vuz/stankin/specialnosti/bakalavr/","2026-07-08T20:19:37.483Z"
"Московский государственный технологический университет СТАНКИН","12.03.01","Приборостроение","bachelor","","true","50","10","2026","https://msk.postupi.online/vuz/stankin/specialnosti/bakalavr/","https://msk.postupi.online/vuz/stankin/specialnosti/bakalavr/","2026-07-08T20:19:37.483Z"
"Московский государственный технологический университет СТАНКИН","15.03.01","Машиностроение","bachelor","","true","50","18","2026","https://msk.postupi.online/vuz/stankin/specialnosti/bakalavr/","https://msk.postupi.online/vuz/stankin/specialnosti/bakalavr/","2026-07-08T20:19:37.483Z"
"Московский государственный технологический университет СТАНКИН","15.03.02","Технологические машины и оборудование","bachelor","","true","40","15","2026","https://msk.postupi.online/vuz/stankin/specialnosti/bakalavr/","https://msk.postupi.online/vuz/stankin/specialnosti/bakalavr/","2026-07-08T20:19:37.483Z"
"Московский государственный технологический университет СТАНКИН","15.03.04","Автоматизация технологических процессов и производств","bachelor","","true","90","15","2026","https://msk.postupi.online/vuz/stankin/specialnosti/bakalavr/","https://msk.postupi.online/vuz/stankin/specialnosti/bakalavr/","2026-07-08T20:19:37.483Z"
"Московский государственный технологический университет СТАНКИН","15.03.05","Конструкторско-технологическое обеспечение машиностроительных производств","bachelor","","true","115","7","2026","https://msk.postupi.online/vuz/stankin/specialnosti/bakalavr/","https://msk.postupi.online/vuz/stankin/specialnosti/bakalavr/","2026-07-08T20:19:37.483Z"
"Московский государственный технологический университет СТАНКИН","15.03.06","Мехатроника и робототехника","bachelor","","true","80","20","2026","https://msk.postupi.online/vuz/stankin/specialnosti/bakalavr/","https://msk.postupi.online/vuz/stankin/specialnosti/bakalavr/","2026-07-08T20:19:37.483Z"
"Московский государственный технологический университет СТАНКИН","20.03.01","Техносферная безопасность","bachelor","","true","30","15","2026","https://msk.postupi.online/vuz/stankin/specialnosti/bakalavr/","https://msk.postupi.online/vuz/stankin/specialnosti/bakalavr/","2026-07-08T20:19:37.483Z"
"Московский государственный технологический университет СТАНКИН","22.03.01","Материаловедение и технологии материалов","bachelor","","true","25","5","2026","https://msk.postupi.online/vuz/stankin/specialnosti/bakalavr/","https://msk.postupi.online/vuz/stankin/specialnosti/bakalavr/","2026-07-08T20:19:37.483Z"
"Московский государственный технологический университет СТАНКИН","27.03.01","Стандартизация и метрология","bachelor","","true","25","10","2026","https://msk.postupi.online/vuz/stankin/specialnosti/bakalavr/","https://msk.postupi.online/vuz/stankin/specialnosti/bakalavr/","2026-07-08T20:19:37.483Z"
"Московский государственный технологический университет СТАНКИН","27.03.02","Управление качеством","bachelor","","true","50","10","2026","https://msk.postupi.online/vuz/stankin/specialnosti/bakalavr/","https://msk.postupi.online/vuz/stankin/specialnosti/bakalavr/","2026-07-08T20:19:37.483Z"
"Московский государственный технологический университет СТАНКИН","27.03.04","Управление в технических системах","bachelor","","true","25","15","2026","https://msk.postupi.online/vuz/stankin/specialnosti/bakalavr/","https://msk.postupi.online/vuz/stankin/specialnosti/bakalavr/","2026-07-08T20:19:37.483Z"
"Московский университет Синергия","02.03.03","Математическое обеспечение и администрирование информационных систем","bachelor","","","","620","2026","https://msk.postupi.online/vuz/universitet-sinergiya/specialnosti/bakalavr/","https://msk.postupi.online/vuz/universitet-sinergiya/specialnosti/bakalavr/","2026-07-08T20:19:37.483Z"
"Московский университет Синергия","07.03.01","Архитектура","bachelor","","","","90","2026","https://msk.postupi.online/vuz/universitet-sinergiya/specialnosti/bakalavr/","https://msk.postupi.online/vuz/universitet-sinergiya/specialnosti/bakalavr/","2026-07-08T20:19:37.483Z"
"Московский университет Синергия","07.03.04","Градостроительство","bachelor","","","","30","2026","https://msk.postupi.online/vuz/universitet-sinergiya/specialnosti/bakalavr/","https://msk.postupi.online/vuz/universitet-sinergiya/specialnosti/bakalavr/","2026-07-08T20:19:37.483Z"
"Московский университет Синергия","08.03.01","Строительство","bachelor","","","","30","2026","https://msk.postupi.online/vuz/universitet-sinergiya/specialnosti/bakalavr/","https://msk.postupi.online/vuz/universitet-sinergiya/specialnosti/bakalavr/","2026-07-08T20:19:37.483Z"
"Московский университет Синергия","09.03.02","Информационные системы и технологии","bachelor","","true","12","","2026","https://msk.postupi.online/vuz/universitet-sinergiya/specialnosti/bakalavr/","https://msk.postupi.online/vuz/universitet-sinergiya/specialnosti/bakalavr/","2026-07-08T20:19:37.483Z"
"Московский университет Синергия","09.03.03","Прикладная информатика","bachelor","","","","900","2026","https://msk.postupi.online/vuz/universitet-sinergiya/specialnosti/bakalavr/","https://msk.postupi.online/vuz/universitet-sinergiya/specialnosti/bakalavr/","2026-07-08T20:19:37.483Z"
"Московский университет Синергия","10.03.01","Информационная безопасность","bachelor","","","","480","2026","https://msk.postupi.online/vuz/universitet-sinergiya/specialnosti/bakalavr/","https://msk.postupi.online/vuz/universitet-sinergiya/specialnosti/bakalavr/","2026-07-08T20:19:37.483Z"
"Московский университет Синергия","15.03.06","Мехатроника и робототехника","bachelor","","","","820","2026","https://msk.postupi.online/vuz/universitet-sinergiya/specialnosti/bakalavr/","https://msk.postupi.online/vuz/universitet-sinergiya/specialnosti/bakalavr/","2026-07-08T20:19:37.483Z"
"Московский университет Синергия","23.03.01","Технология транспортных процессов","bachelor","","","","110","2026","https://msk.postupi.online/vuz/universitet-sinergiya/specialnosti/bakalavr/","https://msk.postupi.online/vuz/universitet-sinergiya/specialnosti/bakalavr/","2026-07-08T20:19:37.483Z"
"Московский университет Синергия","35.03.10","Ландшафтная архитектура","bachelor","","","","30","2026","https://msk.postupi.online/vuz/universitet-sinergiya/specialnosti/bakalavr/","https://msk.postupi.online/vuz/universitet-sinergiya/specialnosti/bakalavr/","2026-07-08T20:19:37.483Z"
"Московский университет Синергия","37.03.01","Психология","bachelor","","","","","","https://msk.postupi.online/vuz/universitet-sinergiya/specialnosti/bakalavr/","https://msk.postupi.online/vuz/universitet-sinergiya/specialnosti/bakalavr/","2026-07-08T20:19:37.483Z"
"Московский университет Синергия","38.03.01","Экономика","bachelor","","","","","","https://msk.postupi.online/vuz/universitet-sinergiya/specialnosti/bakalavr/","https://msk.postupi.online/vuz/universitet-sinergiya/specialnosti/bakalavr/","2026-07-08T20:19:37.483Z"
"Московский университет Синергия","38.03.02","Менеджмент","bachelor","","","","","","https://msk.postupi.online/vuz/universitet-sinergiya/specialnosti/bakalavr/","https://msk.postupi.online/vuz/universitet-sinergiya/specialnosti/bakalavr/","2026-07-08T20:19:37.483Z"
"Московский университет Синергия","38.03.03","Управление персоналом","bachelor","","","","960","2026","https://msk.postupi.online/vuz/universitet-sinergiya/specialnosti/bakalavr/","https://msk.postupi.online/vuz/universitet-sinergiya/specialnosti/bakalavr/","2026-07-08T20:19:37.483Z"
"Московский университет Синергия","38.03.04","Государственное и муниципальное управление","bachelor","","","","","","https://msk.postupi.online/vuz/universitet-sinergiya/specialnosti/bakalavr/","https://msk.postupi.online/vuz/universitet-sinergiya/specialnosti/bakalavr/","2026-07-08T20:19:37.483Z"
"Московский университет Синергия","38.03.05","Бизнес-информатика","bachelor","","","","680","2026","https://msk.postupi.online/vuz/universitet-sinergiya/specialnosti/bakalavr/","https://msk.postupi.online/vuz/universitet-sinergiya/specialnosti/bakalavr/","2026-07-08T20:19:37.483Z"
"Московский университет Синергия","38.03.06","Торговое дело","bachelor","","","","60","2026","https://msk.postupi.online/vuz/universitet-sinergiya/specialnosti/bakalavr/","https://msk.postupi.online/vuz/universitet-sinergiya/specialnosti/bakalavr/","2026-07-08T20:19:37.483Z"
"Московский университет Синергия","40.03.01","Юриспруденция","bachelor","","","","","","https://msk.postupi.online/vuz/universitet-sinergiya/specialnosti/bakalavr/","https://msk.postupi.online/vuz/universitet-sinergiya/specialnosti/bakalavr/","2026-07-08T20:19:37.483Z"
"Московский университет Синергия","41.03.05","Международные отношения","bachelor","","","","90","2026","https://msk.postupi.online/vuz/universitet-sinergiya/specialnosti/bakalavr/","https://msk.postupi.online/vuz/universitet-sinergiya/specialnosti/bakalavr/","2026-07-08T20:19:37.483Z"
"Московский университет Синергия","42.03.01","Реклама и связи с общественностью","bachelor","","","","830","2026","https://msk.postupi.online/vuz/universitet-sinergiya/specialnosti/bakalavr/","https://msk.postupi.online/vuz/universitet-sinergiya/specialnosti/bakalavr/","2026-07-08T20:19:37.483Z"
"Всероссийская академия внешней торговли Министерства экономического развития Российской Федерации","09.03.02","Информационные системы и технологии","bachelor","","true","10","30","2026","https://msk.postupi.online/vuz/vavt/specialnosti/bakalavr/","https://msk.postupi.online/vuz/vavt/specialnosti/bakalavr/","2026-07-08T20:19:37.483Z"
"Всероссийская академия внешней торговли Министерства экономического развития Российской Федерации","38.03.01","Экономика","bachelor","","true","163","149","2026","https://msk.postupi.online/vuz/vavt/specialnosti/bakalavr/","https://msk.postupi.online/vuz/vavt/specialnosti/bakalavr/","2026-07-08T20:19:37.483Z"
"Всероссийская академия внешней торговли Министерства экономического развития Российской Федерации","38.03.02","Менеджмент","bachelor","","true","94","118","2026","https://msk.postupi.online/vuz/vavt/specialnosti/bakalavr/","https://msk.postupi.online/vuz/vavt/specialnosti/bakalavr/","2026-07-08T20:19:37.483Z"
"Всероссийская академия внешней торговли Министерства экономического развития Российской Федерации","38.03.04","Государственное и муниципальное управление","bachelor","","true","17","13","2026","https://msk.postupi.online/vuz/vavt/specialnosti/bakalavr/","https://msk.postupi.online/vuz/vavt/specialnosti/bakalavr/","2026-07-08T20:19:37.483Z"
"Всероссийская академия внешней торговли Министерства экономического развития Российской Федерации","40.03.01","Юриспруденция","bachelor","","true","180","83","2026","https://msk.postupi.online/vuz/vavt/specialnosti/bakalavr/","https://msk.postupi.online/vuz/vavt/specialnosti/bakalavr/","2026-07-08T20:19:37.483Z"
"Всероссийский государственный университет кинематографии имени С. А. Герасимова","52.03.06","Драматургия","bachelor","","true","36","14","2026","https://msk.postupi.online/vuz/vgik/specialnosti/bakalavr/","https://msk.postupi.online/vuz/vgik/specialnosti/bakalavr/","2026-07-08T20:19:37.483Z"
"Всероссийский государственный университет юстиции (РПА Минюста России)","40.03.01","Юриспруденция","bachelor","","true","34","176","2026","https://msk.postupi.online/vuz/vguyu-rpa-minyusta-rossii/specialnosti/bakalavr/","https://msk.postupi.online/vuz/vguyu-rpa-minyusta-rossii/specialnosti/bakalavr/","2026-07-08T20:19:37.483Z"
"Высшая школа сценических искусств (Театральная школа Константина Райкина)","52.03.05","Театроведение","bachelor","","","","10","2026","https://msk.postupi.online/vuz/vshsi/specialnosti/bakalavr/","https://msk.postupi.online/vuz/vshsi/specialnosti/bakalavr/","2026-07-08T20:19:37.483Z"
"Высшая школа современных социальных наук МГУ имени М.В. Ломоносова","38.03.02","Менеджмент","bachelor","","","","40","2026","https://msk.postupi.online/vuz/vysshaya-shkola-sovremennyh-socialnyh-nauk-mgu/specialnosti/bakalavr/","https://msk.postupi.online/vuz/vysshaya-shkola-sovremennyh-socialnyh-nauk-mgu/specialnosti/bakalavr/","2026-07-08T20:19:37.483Z"
"Высшая школа современных социальных наук МГУ имени М.В. Ломоносова","38.03.03","Управление персоналом","bachelor","","true","5","20","2026","https://msk.postupi.online/vuz/vysshaya-shkola-sovremennyh-socialnyh-nauk-mgu/specialnosti/bakalavr/","https://msk.postupi.online/vuz/vysshaya-shkola-sovremennyh-socialnyh-nauk-mgu/specialnosti/bakalavr/","2026-07-08T20:19:37.483Z"
"Высшая школа современных социальных наук МГУ имени М.В. Ломоносова","39.03.01","Социология","bachelor","","true","21","14","2026","https://msk.postupi.online/vuz/vysshaya-shkola-sovremennyh-socialnyh-nauk-mgu/specialnosti/bakalavr/","https://msk.postupi.online/vuz/vysshaya-shkola-sovremennyh-socialnyh-nauk-mgu/specialnosti/bakalavr/","2026-07-08T20:19:37.483Z"